date,source_image,months,samvatsara,shakaYear,rashi,sunrise,sunset,quote,event_01,event_02,event_03,event_04,event_05,event_06,event_07,event_08,event_09,event_10,event_11,event_12,event_13,tithi_name,tithi_end_time,nakshatra_name,nakshatra_end_time,yoga_name,yoga_end_time,karana_name,karana_end_time,ayana,ritu,solarYear,paksha,solarRashi,chandraEntryRashi,rahuKala_prefix,rahuKala_from,rahuKala_to,rahuKala_prefix_2,rahuKala_from_2,rahuKala_to_2,gulikaKala_prefix,gulikaKala_from,gulikaKala_to,gulikaKala_prefix_2,gulikaKala_from_2,gulikaKala_to_2,yamaganda_prefix,yamaganda_from,yamaganda_to,yamaganda_prefix_2,yamaganda_from_2,yamaganda_to_2,arthaPrahara_prefix,arthaPrahara_from,arthaPrahara_to,arthaPrahara_prefix_2,arthaPrahara_from_2,arthaPrahara_to_2,shubhaSamaya_prefix,shubhaSamaya_from,shubhaSamaya_to,shubhaSamaya_prefix_2,shubhaSamaya_from_2,shubhaSamaya_to_2,ಮೇಷ,ವೃಷಭ,ಮಿಥುನ,ಕರ್ಕಾಟಕ,ಸಿಂಹ,ಕನ್ಯಾ,ತುಲಾ,ವೃಶ್ಚಿಕ,ಧನಸ್ಸು,ಮಕರ,ಕುಂಭ,ಮೀನ
01-01-2026,data\2026\01\01-01-2026.jpg,ಪುಷ್ಯ/ಮಾಘ,ವಿಶ್ವಾವಸು,1947,ಧನು/ಮಕರ,06:41,18:04,ಇಸ ವರ್ಷದ ಹಾರ್ದಿಕ ಶುಬಾಶಯಗ,ಹೊಸ ವರ್ಷಾರಂಭ,ಕೋಳಿವಾಡ ಕುಮಾರವ್ಯಾಸ,ಜಯಂತಿ,ಶ್ರೀ ಶಿವನಸಮುದ್ರ ರಂಗನಾಥ,ಮಲ್ಲಿಕಾರ್ಜುನ,ಮಠ ಗಂಗಾವತಿ ಶ್ರೀ ಚನ್ನಬಸವ ಶಿವಯೋಗ ರಥಗಳು,ಅಮರಶಿಲ್ಪಿ ಶ್ರೀ ಜಕಣಾಚಾರಿಯವರ ಜಯಂತಿ.,,,,,,,ತ್ರಯೋದಶಿ,22.23,ರೋಹಿಣಿ,22.49,೫೫೪,17.13,ಕೌಲವ,12.07,ಉತ್ತರಾಯಣ,ಸೌರ ಶಿಶಿರ,17,ಕೃಷ್ಣ,"ದನಸು,",ವೃಷಭ,ಮ.,01:30,03:00,,,,ಬೆ.,09:00,10:30,,,,ಬೆ.,06:00,0731,,,,ಮ.,03:00,04:30,,,,ಸ.,07:57,09:23,,,,ಒಳ್ಳೆಯದು,ಲಾಭ,ಸೌಮೃತೆ,ಸ್ಪರ್ಧೆ,ಸ್ನೇಹ,ಪ್ರೋತ್ಸಾಹ,ಕುತೂಹಲ,ಗಮನ,ಸಹಾಯ,ಯಶಸು,ಕೀರ್ತಿ,ಅನುಕೂಲ
01-02-2026,data\2026\02\01-02-2026.jpg,,ವಿಶ್ವಾವಸು,1947,ಮಕರ/ ಕುಂಭ,06:45,18:20,ವತಿನ ಕೆಲಸವನ್ನು ನಾಳೆಗೆ ಮುಂದೂಡಬೆ,ಭಾರತ ಹುಣ್ಣಿಮೆ,ಸಂತ ರೋಹಿದಾಸ ಜಯಂತಿ,ಸೌದತ್ತಿ ರೇಣುಕಾ ಜಾತ್ರೆ,ಗಂಗಾವತಿ ತಾಲೂಕ,ಆರಾಳ ಗ್ರಾಮದ ರುದ್ರಸ್ವಾಮಿಗಳ ಕಾರಣಿಕೋತ್ಸವ.,,,,,,,,,ಹುಣ್ಣಿಮೆ,27.39,ಪುಷ್ಕ,23.58,ಶ್ರೀತಿ,10.19,ವಿಷ್ಟಿ,16.43,ಉತ್ತರಾಯಣ,ಸೌರ ಶಿಶಿರ,19,ಶುಕ್ಲ,ಮಕರ,ಕರ್ಕ,ಸ.,04:30,06:00,,,,ಮ.,03:00,04:30,,,,ಸ.,12:00,01:30,,,,ಬೆ.,10:30,12:00,,,,ಸ.,05:59,07:29,,,,ಯಶಸ್ತ್ಸು,ಆತಂಕ,ಭಯ,ಸ್ನೇಹ,ಪ್ರಗತಿ,ಸಂತೋಷ,ವಿಳಂಬ,ಸಂತೋಷ,ಸಾಲ,ಸಮಸ್ತೆ,ಖಚು,ಪ್ರತಿರೋಧ
01-03-2026,data\2026\03\01-03-2026.jpg,ವಿಶ್ವಾವಸು ಪರಾಭವ,ವಿಶ್ವಾವಸು ಪರಾಭವ,1947,ಕುಂಭ/ಮೀನ,06:35,18:28,ಾಧಸೋದಕ್ಕೆಪ್ರತಿದಿನದ ಪರಿಶ್ರಮ ಅವ,ಗರಗದ ಚಂದ್ರ ಮೌಳೇಶ್ವರ ರಥ,ರಂಭಾಪುರಿ ಪೀಠ,ಬಾಳೆಹೊನ್ನುರು ಶ್ರೀ ಜಗದ್ಗುರು ರೇಣುಕಾಚಾರ್ಯ,ಜಯಂತಿ,ಪಟ್ಟದಕಲ್ಲು ಪ್ರಲ್ಹಾದಾ ಉತ್ಸವ,ಚಿತ್ರದುರ್ಗ,ತಾ. ಕೊಂಡ್ಲೆಹಳ್ಳಿ ಚೌಡೇಶ್ವರಿ.,,,,,,,ತ್ರಯೋದಶಿ,19.10,ಪುಷ್ಯ,08.34,ಶಾಸ,13.35,ಕೈಲಜ,07.54,ಉತ್ತರಾಯಣ,ಸೌರ ವಸಂತ,17,ಶುಕ್ಲ,ಕುಂಭ,ಕರ್ಕ,ಸ.,04:30,06:00,,,,ಮ.,03:00,04:30,,,,ಮ.,12:00,01:30,,,,UNKNOWN,10:30,12:00,,,,ಸ.,07:57,09:23,,,,ತೊಂದರೆ,ಸಮಸ್ಯೆ,ಅನುಕೂಲ,ಸಂತೋಷ,ನಿರಾಶೆ,ದುಃಖ,ಯಶಸ್ಸು,ಖರ್ಚು,ಪ್ರೋತ್ಸಾಹ,ಭಯ,ಆತಂಕ,ಲಾಭ
01-04-2026,data\2026\04\01-04-2026.jpg,ಚೈತ್ರ|ವೈಶಾಖ,ಪರಾಭವ,1948,ಮೀನ/ಮೇಷ,06:16,18:31,ಶಕ್ತಿಯ ಜೀವನ ದೌರ್ಬಲ್ಯವೇ ಮರಣ,ಸಿದ್ಧಗಂಗಾ ಮಠ ಡಾ|| ಶಿವಕುಮಾರ ಸ್ವಾಮೀಜಿಯವರ,ಜನ್ಮ ದಿನ,ವ್ರತ ಹುಣ್ಣಿಮೆ ಪ್ರಾರಂಭ,ಹನುಮನ ಜಯಂತಿ,ಉಪವಾಸ,ಶ್ರೀ ಜ್ಯೋತಿಬಾ ಯಾತ್ರೆ,ಕೊಲ್ಹಾಪೂರ ಮತ್ತು,ಯಲ್ಲಾಪುರ,ಓಣಿ ಹುಬ್ಬಳ್ಳಿ.,,,,,ಚತುರ್ದಶಿ,07.07,ಉತ್ತರಾ,16.18,ವೃಡ್ಠಿ,14.51,ಏಿಷ್ಟಿ,19.21,ಉತ್ತರಾಯಣ,ರ್ದಶಿ 07.07,18,ಶುಕ್ಲ,ಮೀನ,ಕನ್ನಾ,ಮ.,12:00,01:30,,,,ಬೆ.,10:30,12:00,,,,ಬೆ.,07:30,09:00,,,,ಬೆ.,06:00,07:30,,,,ಬೆ.,08:48,10:28,,,,ಸಹಾಯ,ಸಾಲ,ಭಯ,ಅನುಕೂಲ,ವಿಳಂಬ,ಅಭಿವೃದ್ಧಿ,ಆನಂದ,ಉಡುಗೊರೆ,ಗೌರವ,ಲಾಭ,ಕೀರ್ತಿ,ಪ್ರಯತ್ನ
01-05-2026,data\2026\05\01-05-2026.jpg,ವೈಶಾಖ|ಅಧಿಕ ಜ್ಯೇಷ್ಠ,ಪರಾಭವ,1948,ಮೇಷ/ವೃಷಭ,05:59,18:34,ಶಿಕ್ಷಣ ಇದ್ದವನು ಜಗತ್ತನ್ನೇ ಗೆಲ್ಲಬಲ್ಲ,ಕಾರ್ಮಿಕರ ದಿನಾಚರಣೆ,ಆಗಿ ಹುಣ್ಣಿಮೆ,ವ್ರತ,ಹುಣ್ಣಿಮೆ ಸಮಾಪ್ತಿ ರಾತ್ರಿ 10.52,ಬುದ್ದ,ಜಯಂತಿ,ಕೂರ್ಮ ಜಯಂತಿ,ವೈಶಾಕ ಸ್ನಾನ,ಸಮಾಪ್ತಿ,ಪುಷ್ಟಿಪತಿ ವೈಶಾಕ ಜಯಂತಿ.,,,,ಹುಣ್ಣಿಮೆ,22.53,ಸ್ವಾತಿ,28.35,ಸಿದ್ಧಿ,21.13,ವಿಷ್ಟಿ,10.01,ಉತ್ತರಾಯಣ,ಸೌರ ಗ್ರೀಷ್ಮ,18,ಶುಕ್ಲ,ಮೇಷ,ತುಲಾ,ಬೆ.,10:30,12:00,,,,ಬೆ.,07:30,09:00,,,,ಮ.,05:00,04:30,,,,ಮ.,01:30,03:00,,,,ಸ.,06:56,08:41,,,,ಸ್ನೇಹ,ಒಳ್ಳೆಯದು,ತಾಳ್ಮೆ,ಅನುಕೂಲ,ಯಶಸ್ಸು,ಸಂತೋಷ,ಶಾಂತಿ,ಶುಭ,ಯೋಗ,ಸೌಮೃತೆ,ಸಾಲೆ,ಪ್ರತಿರೋಧ
01-06-2026,data\2026\06\01-06-2026.jpg,ಅ.ಜ್ಯೇಷ್ಠ/ನಿ.ಜ್ಯೇಷ್ಠ,ಪರಾಭವ ನಾಮ,1948,ವೃಷಭ/ಮಿಥುನ,05:52,18:42,"ಕೀಳುವುದು ಸಹಜ, ಎದ್ದುಸಿಲ್ಲುವುದು ಕ",ಜಾಗತಿಕ ಪಾಲಕರು ದಿನ,ಅಧಿಕ ಜ್ಯೇಷ್ಠಮಾಸ,ಕೃಷ್ಣಪಕ್ಷ ಆರಂಭ,ಪೋಷಕರ ಜಾಗತಿಕ ದಿನ,ವಿಶ್ವ ಹಾಲಿನ ದಿನ,,,,,,,,,ಪ್ರತಿಪದಾ,16.38,ಜ್ಯೇಷ್ಠಾ,19.09,ಸಿದ್ಧ,06.19,ತೈತಿಲ,29.50,ಉತ್ತರಾಯಣ,ಸೌರ ಗ್ರೀಷ್ಮ,18,ಕೃಷ್ಣ,ವಷಭ,ವೃಶ್ಚಿಕ,ಬೆ.,07:30,09:00,,,,ಮ.,0113,03:00,,,,ಬೆ.,10:30,12:00,,,,ಬೆ.,09:00,10:30,,,,ಬೆ.,09:16,11:03,,,,ಅನುಕೂಲ,ವಿಳಂಬ,ಯಶಸ್ತು,ಗೊಂದಲ,ಭಕ್ತಿ,ದುರಾಸೆ,ಚಿಂತೆ,ಯಶಸ್ಸು,ಒಳ್ಳೆಯದು,ಆಸಕ್ಕಿ,ತಾಳ್ಮೆ,ವಿಶ್ರಾಂತಿ
01-07-2026,data\2026\07\01-07-2026.jpg,ನಿಜ ಜ್ಯೇಷ್ಠ/ಆಷಾಢ,ಪರಾಭವ,1948,ಮಿಥುನ/ಕರ್ಕ,05:57,18:49,ಶಲ್ರದೇ ಮುಂದುವರಿಯುವವನೇ ಗೆಲ್ಲುವವನ,ವೈದ್ಯರ / ಚಾರ್ಟೆಡ್‌ ಅಕೌಂಟಂಟ್‌ ದಿನ,ಪತ್ರಿಕಾ ದಿನಾಚರಣೆ,,,,,,,,,,,,ಪ್ರತಿಪದಾ,07.39,ಪೂ.ಷಾ,06.52,ಐಂದ್ರ,16.04,ತೈತಿಲ,20.40,ದಕ್ಷಿಣಾಯನ,ಸೌರ ವರ್ಷಾ,17,ಕೃಷ್ಣ,ಮಿಹುನ,ಧನು,ಸ.,12:00,01:30,,,,ಬೆ.,10:30,12:00,,,,ಬೆ.,07:30,09:00,,,,ಬೆ.,06:00,07:30,,,,ಬೆ.,01:29,03:17,,,,ಮೆಚ್ಚುಗೆ,ಪ್ರೋತ್ಸಾಹ,ಬಲ,ಲಾಭ,ವಿನಯ,ಗೌರವ,ಸ್ನೇಹ,ಯಶಸ್ಸು,ಒಳ್ಳೆಯ ಕೆಲಸ,ಒಳೆಯದು,ತಾಳ್ಮೆ,ಚಿಂತೆ
01-08-2026,data\2026\08\01-08-2026.jpg,ಆಷಾಢ|ಶ್ರಾವಣ,ಪರಾಭವ,1948,ಕರ್ಕ/ಸಿಂಹ,06:05,18:46,ಯ ಕಷ್ಟವಾದರೂ ಕನಸುಗಳನ್ನುಬಿಡಬೇ,ವಿಶ್ವ ಸ್ತನಪಾನ ದಿನ,ಲೋಕಮಾನ್ಯ,ಬಾಲಗಂಗಾಧರ ತಿಲಕ ಪುಣ್ಯದಿನ,ಸಂತ,ತುಳಸೀದಾಸರ ಪುಣ್ಯತಿಥಿ,,,,,,,,,ತೃತೀಯಾ,23.08,ಶತಭಿಷಾ,20.46,ಶೋಭನ,23.23,ವಣೆಜ,10.55,ದಕ್ಷಿಣಾಯನ,ಸ ರ್ಷಾ,17,ಕೃಷ್ಣ,ಕರ್ಕ,ಕುಂಭ,ಬೆ.,09:00,10:30,,,,ಬೆ.,06:00,07:30,,,,ಮ.,01:30,05:00,,,,ಮ.,12:00,01:30,,,,ಮ.,01:09,02:51,,,,ನಿರಾಶೆ,ಗೌರವ,ಸ್ಟೇಹ,ಸೌಮ್ಯತೆ,ದುಃಖ,ಕೋಪ,ಯಶಸ್ಸು,ತೊಂದರೆ,ಅಭಿವೃದ್ಧಿ,ಆನಂದ,ಅಭಿವೃದ್ಧಿ,ಲಾಭ
01-09-2026,data\2026\09\01-09-2026.jpg,ಶ್ರಾವಣ/ಭಾದ್ರಪದ,ಪರಾಭವ,1948,ಸಿಂಹ/ಕನ್ಯಾ,06:08,18:30,"ಕಷ್ಟತಾತಾಲಿಕ, ಧೈರ್ಯ ಶಾಶತ",ಮಂಗಳ ಗೌರಿ ಪೂಜೆ,ದ್ರೌಪದಿ ಜಯಂತಿ,ಮನಗೂಳಿ,ಬಸವೇಶ್ವರ ರಥ,ಶ್ರೀ ಟೆಂಬೇಸ್ವಾಮಿ ಜಯಂತಿ,ಕ್ಯಾಲಕೊಂಡ ಹಿರೇಮಠ ಅಡವೆಯ್ಯಸ್ವಾಮಿ,ದ್‌,ಪುಣ್ಯರಾಧನೆ.,,,,,,ಚತುರ್ಥಿ,07.42,ಅಶ್ವಿನಿ,26.42,ವೃದ್ಧಿ,2.39,ಕೌಲವ,19.00,ದಕ್ಷಿಣಾಯನ,ರ್ಥಿ 07.42,16,ಕೃಷ್ಣ,ಸಿಂಹ,ಮೇಷ,ಮ.,03:00,04:30,,,,ಮ.,12:00,01:30,,,,ಬೆ.,09:00,10:30,,,,ಬೆ.,07:30,09:00,,,,UNKNOWN,01:01,,,,,ಅನುಕೂಲ,ಮಧುರ ಮಾತು,ಉಡುಗೊರೆ,ಸಮಸ್ಯ,ವಿಶ್ರಾಂತಿ,ಖರ್ಚು,ತೊಂದರೆ,ಭಯ,ಪ್ರತಿರೋಧ,ಒಳೆಯದು,ಲಾಭ,ಕೀರ್ತಿ
01-10-2026,data\2026\10\01-10-2026.jpg,ಭಾದ್ರಪದ/ಅಶ್ವೀನ,ಪರಾಭವ,1948,ಕನ್ಯಾ/ ತುಲಾ,06:09,18:09,ವನ ಕಠಿಣವಾದಾಗಲೇ ನಮ್ಮಶಕಿ ಹೊರಹೊಃ,ಕೊಪ್ಪಳ ಜಿ. ಉಪ್ಪಳದ ಶ್ರೀ ರಾಜಯೋಗಿ,ಹನುಮಂತಾವದೂತರ ಆರಾಧನೆ,ಮೈಸೂರು ಕೃಷ್ಣಸ್ವಾಮಿ,ಪುಣ್ಯತಿಥಿ,ವಿಶ್ವ ಹಿರಿಯರ ದಿನ,ಕೊಪ್ಪಳ ತಾ.,ಮುರ್ಲಾಪೂರ ವೇ. ಕೊಟ್ರಯ್ಯಜ್ಜನವರ ಪುಣ್ಯಾರಾಧನೆ.,,,,,,,ಪಂಚಮಿ,12.36,ರೋಹಿಣಿ,28.27,ಸಿದ್ಧಿ,21.18,ಗರಜ,23.25,ದಕ್ಷಿಣಾಯನ,ಸೌರ ಶರದ,15,ಕೃಷ್ಣ,ಕನ್ನಾ,ವೃಷಭ,ಮ.,01:30,03:00,,,,ಬೆ.,9:00,10:30,,,,ಬೆ.,06:00,07:30,,,,ಮ.,03:00,04:3,,,,ಬೆ.,03:48,05:17,,,,ಪ್ರೋತ್ಸಾಹ,ನಿರಾಶೆ,ವಿನಯ,ವಿಶ್ರಾಂತಿ,ಖರ್ಚು,ಸಂತೋಷ,ಯಶಸ್ಸು,ಆತಂಕ,ಅನುಕೂಲ,ಮರೆವ,ಸಮಸ್ಯೆ,ಪ್ರಗತಿ
01-11-2026,data\2026\11\01-11-2026.jpg,ಅಶ್ವೀನ|ಕಾರ್ತಿಕ,ಪರಾಭವ,1948,ತುಲಾ/ವೃಶ್ಚಿಕ,06:13,17:53,ಒಮ್ಮೆ ಹೋದ ಸಮಯ ಮತ್ತೆ ಬಾರದು,ಕರ್ನಾಟಕ ರಾಜ್ಯೋತ್ಸವ,ಭಾನು ಸಪ್ತಮಿ.,ಕಲಾಷ್ಟಮಿ,ಕರಾಷ್ಟಮಿ,,,,,,,,,,ಸಪ್ತಮಿ,14.52,ಪುಷ್ಯ,28.31,ಸಾಧ್ಯ,14.39,ಬಾಲವ,25.58,ದಕ್ಷಿಣಾಯನ,ಸೌರ ಹೇಮಂತ,16,ಕೃಷ್ಣ,ತುಲಾ,ಕರ್ಕ,ಸ.,04:30,06:00,,,,ಮ.,8:00,04:30,,,,ಮ.,12:00,01:30,,,,ಬೆ.,1013,12:00,,,,ಜ.,03:24,04:54,ರಾ.,10:25,11:56,ಒಳ್ಳೆಯ ಕೆಲಸ,ಉತ್ಸಾಹ,ವಿಶ್ರಾಂತಿ,ಸಾಧನೆ,ಸ್ನೇಹ,ಸಂತೋಷ,ಬುದ್ದಿವಂತಿಕೆ,ಯಶಸ್ಸು,ಗೊಂದಲ,ಕುತೂಹಲ,ಯಶಸ್ಸು,ಶ್ರೇಷ್ಠತ
01-12-2026,data\2026\12\01-12-2026.jpg,ಕಾರ್ತಿಕ/ಮಾರ್ಗಶಿರ,ಪರಾಭವ,1948,ವೃಶ್ಚಿಕ/ಧನು,06:26,17:51,"ಖ ಅಂತಿಮವಲ್ಲ, ಪ್ರಯತ್ನ ನಿರಂತರವಾ",ವಿಶ್ವ ಏಡ್ಸ್‌ ನಿರ್ಮೂಲನ ದಿನ,ಶ್ರೀ ಕಾಲಭೈರವ ಜಯಂತಿ,ಭೈರಾಪೂರ ತಾ. ಹುಕ್ಕೇರಿ ಮತ್ತು ಮಾಂಗೂರ ತಾ. ಚಿಕ್ಕೋಡಿ,ರೇವಣ ಸಿದ್ದೇಶ್ವರ ಕಾರ್ತಿಕೋತ್ಸವ ಗುಳೇದಗುಡ್ಡ,ಬಸವಾಪಟ್ಟಣ ಶ್ರೀ ಸಂಗಪ್ಪಯ್ಯ ಸ್ವಾಮಿ ಪುಣ್ಯ ತಿಥಿ.,,,,,,,,,ಅಷ್ಟಮಿ,23.14,ಮಘಾ,09.01,ವೈಧೃತಿ,12.15,ಬಾಲವ,11.39,ದಕ್ಷಿಣಾಯ,ಸೌರ ಹೇಮಂತ,16,ಕೃಷ್ಣ,ವಶಿಕ,ಸಿಂಹ,ಮ.,03:00,04:30,,,,ಮ.,12:00,01:30,,,,ಬೆ.,09:00,10:30,,,,ಬೆ.,07:30,09:00,,,,ಬೆ.,06:40,08:14,,,,ಅನುಕೂಲ,ಭಕ್ತಿ,ಯಶಸ್ಸು,ಸಂತೋಷ,ಭಯ,ಪ ಮೆಚ್ಚುಗೆ,ಗೊಂದಲ,ವಿಭಾಗ,ಶಾಂತಿ,* ಬುದಿವಂತಿಕೆ,ಪ್ರೀತಿ,ತೊರದರೆ
02-01-2026,data\2026\01\02-01-2026.jpg,ಪುಷ್ಯ/ಮಾಘ,ವಿಶ್ವಾವಸು,1947,ಧನು/ಮಕರ,06:42,18:05,ರಿನ್ನಮೇಲೆ ನಿನಗೆ ನಂಬಿಕೆ ಇದ್ದರೆ ಎಲ್ಲವೂ ಸಾ।,ವ್ರತ ಹುಣ್ಣಿಮೆ ಪ್ರಾರಂಭ ಸಾ. 6:54,ಅಂಧಕಾಸುರ ವಧೆ,ಭೀಮದಾಸ ಮಹಾಜಯಂತಿ,ಬ. ಬಾಗೇವಾಡಿ ಕೋಳ್ಗುರು,ಮಂಡಲ ಪೂಜೆ,ಬನಶಂಕರಿ ಶಾಕೋತ್ಸವ,ಮುಗೂರು,ಬಂಡಿ ಉತ್ಸವ.,,,,,,ಚರ್ತುರ್ದಶಿ,18.54,ಮೃಗಶಿರಾ,20.04,ಶುಕ್ಕ,13.07,ಗಾ,08.38,ಉತ್ತರಾಯಣ,ಸೌರ ಶಿಶಿರ,18,ಶುಕ್ಲ,"ದನಸು,",09:26,ಬೆ.,10:30,12:00,,,,ಬೆ.,07:30,09:00,,,,ಮ.,03:00,04:30,,,,ಮ.,01:30,03:00,,,,ಮ.,12:16,01:41,,,,ಅನುಕೂಲ,ಖರ್ಚು,ಲಾಭ,ಶ್ರೇಷ್ಠತೆ,ಬುದ್ದಿವಂತಿಕೆ,ಪ್ರಗತಿ,ಶಾಂತಿ,ಸೌಮ್ಯತೆ,ಪ್ರೀತಿ,ಸಂತೋಷ,ಯಶಸ್ಸು,ಆನಂದ
02-02-2026,data\2026\02\02-02-2026.jpg,,ವಿಶ್ವಾವಸು,1947,ಮಕರ/ ಕುಂಭ,06:45,18:20,"ದುಕಿಗೆ ಭಯ ಮುಖ್ಯವಲ್ಲ, ಬರವಸೆ ಮು.",ಗುರು ಪ್ರತಿಪದಾ,ಗಾಣಗಾಪುರ ಜಾತ್ರೆ,ಗುರು ಶೈಲ್ಯ ಜಾತ್ರೆ,ಗಮನ ಯಲ್ಲಮ್ಮಾ ಬುದಿಹಾಳ ಶ್ರೀ ಗ್ರಾಮದೇವತೆ,ದ್ಯಾಮವ್ವನ ಜಾತ್ರೆ,ಸಂತ ನಿವೃತ್ತಿನಾಯ ಜಯಂತಿ.,,,,,,,,ಪ್ರತಿಪದಾ,25.53,ಅಶ್ವೇಷಾ,22.48,ಆಯುಷ್ಮಾನ್,07.21,ಬಾಲವ,14.42,ಉತ್ತರಾಯಣ,ಸೌರ ಶಿಶಿರ,20,ಶುಕ್ಲ,ಮಕರ,ಕರ್ಕ,ಬೆ.,07:30,09:00,,,,ಮ.,01:30,03:00,,,,ಬೆ.,10:30,12:00,,,,ಬೆ.,09:00,10:30,,,,ಸ.,09:16,10:47,,,,ಸಮಸ್ಸೆ,ಪ್ರೋತ್ಸಾಹ,ವಿನಯ,ನಿರಾಶೆ,ಲಾಭ,ಖರ್ಚು,ಸಂತೋಷ,ಆತಂಕ,ಯಶಸ್ಸು,ಪಯತ,ಅನುಕೂಲ,ಭಯ
02-03-2026,data\2026\03\02-03-2026.jpg,ವಿಶ್ವಾವಸು ಪರಾಭವ,ವಿಶ್ವಾವಸು ಪರಾಭವ,1947,ಕುಂಭ/ಮೀನ,06:35,18:28,ಪ್ರತಿ ಸೋಲು ಗೆಲುವಿನ ಕಡೆಗೆ ಒಂದು ಹೆ,ಹುತಾಶನಿ ಹುಣ್ಣಿಮೆ ಪ್ರಾರಂಭ,ಹೋಲಿಕಾ ದಹನ,ಸೊಗಲ ಸೋಪೀೇಶ್ವರ ರಥ,ಹಿರೇಉಳ್ಳಿಗೇರಿ ತಾ.,ಸೌದತ್ತಿ ಅದ್ರಶ್ಯಾನಂದಾಶ್ರಮ ಜ್ಞಾನ ಸಪ್ತಾಹ ಸಮಾಪ್ತಿ,ತೀರ್ಥಹಳ್ಳಿ ತಾ. ನೊಣಬೂರು ಲಕ್ಷ್ಮೀ ವೆಂಕಟರಮಣ,,,,,,,,ಚತುರ್ದಶಿ,17.56,ಆಶ್ಲೇಷಾ,07.52,ಅತಿಗಂಡ,12.19,ಏಿಷ್ಟಿ,29.29,ಉತ್ತರಾಯಣ,ರ್ದಶಿ 1756,18,ಕೃಷ್ಣ,ಕುಂಭ,07.52,ಬೆ.,07:30,09:00,,,,ಮ.,01:30,00,,,,ಬೆ.,10:30,12:00,,,,ಬೆ.,09:00,10:30,,,,ಬೆ.,06:18,07:51,,,,* ಗೊಂದಲ,ಮೆಚ್ಚುಗೆ,ಸರ್ಧೆ,ಒಳ್ಳೆಯ ಕೆಲಸ,ದುರಾಸೆ,ಗೌರವ,ಅನುಕೂಲ,ಆನಂದ,ದಯೆ,ದುಃಖ,ಖರ್ಚು,ತಾಳ್ಮೆ
02-04-2026,data\2026\04\02-04-2026.jpg,ಚೈತ್ರ|ವೈಶಾಖ,ಪರಾಭವ,1948,ಮೀನ/ಮೇಷ,06:15,18:31,'ಯವನ್ನುಗೆದ್ದವನು ಜಗತ್ತನ್ನೇ ಗೆಲ್ಲುತ್ತಾನೆ,ದವನದ ಹುಣ್ಣಿಮೆ,ಶ್ರೀ ಹನುಮಾನ ಜನ್ಮೋತ್ಸವ,ಹುಣ್ಣಿಮೆ ಸಮಾಪ್ತಿ ಬೆ. ಅಕ್ಕ -ಮಹಾದೇವಿ,ಜಯಂತಿ,ಜ್ಯೋತಿರ್ಲೆಂಗ ಯಾತ್ರೆ ಧಾರವಾಡ.,,,,,,,,,ಹುಣ್ಣಿಮೆ,07.42,ಹಸ್ತ,17.39,ಥುವ,14.20,ಬಾಲವ,20.09,ಉತ್ತರಾಯಣ,ಸೌರ ವಸಂತ,19,ಶುಕ್ಲ,ಮೀನ,ಕನ್ನಾ,ಮ.,01:30,03:00,,,,ಬೆ.,09:00,10:30,,,,ಬೆ.,06:00,07:30,,,,ಮ.,03:00,04:3,,,,ಬೆ.,11:18,12:59,,,,ಪ್ರತಿರೋಧ,ಅನಾರೋಗ್ಯ,ಸಮಸ್ಥೆ,ಸಾಲ,ಶುಭ,ವಿಳಂಬ,ಸಂತೋಷ,ಪ್ರಗತಿ,ಸ್ನೇಹ,ಭಯ,ಆತಂಕ,ಸ್ಪರ್ಧೆ
02-05-2026,data\2026\05\02-05-2026.jpg,ವೈಶಾಖ|ಅಧಿಕ ಜ್ಯೇಷ್ಠ,ಪರಾಭವ,1948,ಮೇಷ/ವೃಷಭ,05:58,18:34,ಕಲಿಯುವುದನ್ನುನಿಲ್ಲಿಸಿದಾಗ ಬೆಳೆಯುವುದನ್ನು ನಿಲ್ಲಿಸ,ನಾರದ ಜಯಂತಿ,ಗಂಗಾವತಿ ತಾ. ಕನಕಗಿರಿ,ದುರ್ಗಮ್ಮದೇವಿ ಜಾತ್ರೆ. ಬಳ್ಳಾರಿ ತಾ. ಕೊಳಗಲ್ಲು ಜಡೆಪ್ಪ,ತಾತನವರ ಪು.ತಿ. ದೊಡ್ಡಬಳ್ಳಾಪುರ ವೇಣುಗೋಪಾಲ,ರಥ,ಮಾಗಡಿ ತಾ. ಸಾನಜದುರ್ಗ ಲಕ್ಷ್ಮೀನರಸಿಂಹ ರಥ.,,,,,,,,ಪ್ರತಿಪದಾ,24.50,ವಿಶಾಕ,FULL DAY,ವ್ಯತೀಪಾತ,21.45,ಬಾಲವ 11,03.56,ಉತ್ತರಾಯಣ,ಸೌರ ಗ್ರೀಷ್ಮ,19,ಕೃಷ್ಣ,ಮೇಷ,ತುಲಾ,ಬೆ.,09:00,10:30,,,,ಬೆ.,06:00,07:30,,,,ಮ.,01:30,05:00,,,,ಮ.,12:00,01:30,,,,ಬೆ.,09:25,11:11,,,,ವಿಳಂಬ,ಲಾಭ,ಆಲೋಚನೆ,ಪರಿಶ್ರಮ,ಸಹಾಯ,ದುರಾಸೆ,ವಿಭಾಗ,ಬುದ್ದಿವಂತಿಕೆ,ಸಂತೋಷ,ನಿರಾಶೆ,ಸಾಧನೆ,ಸ್ನೇಹ
02-06-2026,data\2026\06\02-06-2026.jpg,ಅ.ಜ್ಯೇಷ್ಠ/ನಿ.ಜ್ಯೇಷ್ಠ,ಪರಾಭವ ನಾಮ,1948,ವೃಷಭ/ಮಿಥುನ,05:52,18:43,ರಂತರ ಪ್ರಯತ್ನದಿಂದ ಅಸಾಧ್ಯವೂ ಸಾ,3. 1(|ಯ।!,,,,,,,,,,,,,ದ್ವಿತೀಯಾ,19.02,ಮೂಲಾ,22.06,ಸಾಧ್ಯ,07.16,ವಣಿಜ,FULL DAY,ಉತ್ತರಾಯಣ,ಸೌರ ಗ್ರೀಷ್ಮ,19,ಕೃಷ್ಣ,ವಷಭ,ಧನು,ಮ.,03:00,04:30,,,,ಮ.,12:00,01:30,,,,ಬೆ.,09:00,10:30,,,,ಬೆ.,07:30,09:00,,,,ಮ.,02:55,04:45,,,,ಸೌಮೃತೆ,ಯಶಸ್ಸು,ಅಬಿವದಿ,ಲಾಭ”,ಅಭಿವೃದ್ಧಿ,ಪ್ರಯತ್ನ,ಯೋಗ,ದಯೆ,ಪ್ರೀತಿ,ಅನುಕೂಲ,ಸ್ನೇಹ,ಭಕ್ತಿ
02-07-2026,data\2026\07\02-07-2026.jpg,ನಿಜ ಜ್ಯೇಷ್ಠ/ಆಷಾಢ,ಪರಾಭವ,1948,ಮಿಥುನ/ಕರ್ಕ,05:57,18:50,"ಕಸಸು ಕಾಣು, ಸನಸು ಮಾಡು",ಮಾಂಜರಿ ತಾ. ಚಿಕ್ಕೋಡಿ ಬಾಬಾಜಿ ಮಹಾ.,ಪುಣ್ಯತಿಥಿ,ಕೀರಿಗೇರೆ ಮಠ ಹರಿಹರ ಮಹಾಕವಿ,ಜಯಂತಿ,ಮಾರಹಳ್ಳಿ ನೃಸಿಂಹ ರಥ.,,,,,,,,,ದ್ವಿತೀಯಾ,09.38,ಉ.ಷಾ,09.28,ವೈಧೃತಿ,16.39,ವಣಿಜ,22.32,ದಕ್ಷಿಣಾಯನ,ಸೌರ ವರ್ಷಾ,18,ಕೃಷ್ಣ,ಮಿಹುನ,ಮಕರ,ಮ.,01:30,03:00,,,,ಬೆ.,9:00,10:30,,,,ಬೆ.,06:00,07:30,,,,ಮ.,03:00,04:3,,,,ಬೆ.,02:21,04:08,,,,ಒಳ್ಳೆಯ ಕೆಲಸ,ಯಶಸ್ಸು,ಸೌಮೃತೆ,ಸ್ಪರ್ಧೆ,ಲಾಭ,ಅಸೂಯೆ,ಸಮಸ್ಯೆ,ಪ್ರಯತ್ನ,ಭಕ್ತಿ,ವಿನಯ,ಬುದ್ಧಿವಂತಿಕೆ,ಸಂಶತ್ತು
02-08-2026,data\2026\08\02-08-2026.jpg,ಆಷಾಢ|ಶ್ರಾವಣ,ಪರಾಭವ,1948,ಕರ್ಕ/ಸಿಂಹ,06:05,18:46,ಶ್ರಮವೇ ಯಶಸ್ಸಿನ ಮೂಲ,ಸಂಕಷ್ಟ ಚತುರ್ಥಿ (ಚಂ. 9.28),ಗೋಳಸಾರ ಜಿ.,ವಿಜಯಪೂರ ಶ್ರೀ ಪುಂಡಲಿಂಗೇಶ್ವರ ಪು.ತಿ.,ಪ್ರಾಣದೇವರ ಪಲ್ಲಕ್ಕಿ ಉತ್ಸವ ನೆಲೋಗಿ ಜಿ. ಕಲಬುರ್ಗಿ,,,,,,,,,,ಚತುರ್ಥಿ,23.16,ಪೂ.ಭಾ,21.37,ಅತಿಗಂಡ,22.30,ಬವ,11.15,ದಕ್ಷಿಣಾಯನ,ರ್ಥಿ 2.16,18,ಕೃಷ್ಣ,ಕರ್ಕ,ಕುಂಭ,ಸ.,04:30,06:00,,,,ಮ.,5:00,04:30,,,,ಮ.,12:00,01:30,,,,ಬೆ.,1016,12:00,,,,ಮ.,01:19,02:59,,,,ಚಿಂತೆ,ಪ್ರಾಮಾಣಿಕತೆ,ಆಸಕ್ಕಿ,ಉಡುಗೊರೆ,ಮೆಚ್ಚುಗೆ,ಅಭಿವೃದ್ಧಿ,ಪ್ರಯಾಣ,ವಿಶ್ರಾಂತಿ,ಭಕ್ತಿ,ಕುತೂಹಲ,ಗಮನ,ಅನುಕೂಲ
02-09-2026,data\2026\09\02-09-2026.jpg,ಶ್ರಾವಣ/ಭಾದ್ರಪದ,ಪರಾಭವ,1948,ಸಿಂಹ/ಕನ್ಯಾ,06:08,18:30,"ದುಕು ನಿನ್ನಕೈಯಲ್ಲಿದೆ, ಭಯದಲ್ಲಿ",ಮೈಸೂರು ಪ್ರಸನ್ನ ಸಕು ರಥ,ಬುಧ ಪೂಜೆ,ಶೀರೋಳ ತಾ. ಮುಧೋಳ ಶ್ರೀ ಶೀವಾಪ್ಪಾ ತಾತನವರ,ಪುಣ್ಯತಿಥಿ,ಜ್ಞಾನನೇಶ್ವರಿ ಪಾರಾಯಣ ಆ. ಮಲ್ಹಾಪುರ,ತಾ.'ಗೋಕಾಕ,ಶ್ರಾವಾ ಸಾಧನ ಸಪ್ತಾಹ ಇಂಚಗೇರಿ.,,,,,,,ಸ್ರ?,06.13,ಭರಣಿ,25.43,ಧ್ರುವ,21.12,ಗರಜ,17.22,ದಕ್ಷಿಣಾಯನ,ಸೌರ ಶರದ,17,ಕೃಷ್ಣ,ಸಿಂಹ,ಮೇಷ,ಮ.,12:00,01:30,,,,ಬೆ.,10:30,12:00,,,,ಬೆ.,07:30,09:00,,,,ಬೆ.,06:00,07:30,,,,ಸ.,09:06,10:38,,,,ಮೆಚ್ಚುಗೆ,ಕುತೂಹಲ,ಉತ್ಪಾಹ,ಶುಭಸಮಾಚಾರ,ಗೊಂದಲ,ಪ ಆಸಕ್ತಿ,ಪ್ರಯತ್ನ,ಪ್ರತಿರೋಧ,ಗೌರವ,ಸಾಧನೆ,ತಾಳ್ಮೆ,ಯಶಸ್ಸು
02-10-2026,data\2026\10\02-10-2026.jpg,ಭಾದ್ರಪದ/ಅಶ್ವೀನ,ಪರಾಭವ,1948,ಕನ್ಯಾ/ ತುಲಾ,06:09,18:09,"ಓಯ ಕಳೆಯಬೇಡ, ಸಮಯವೇ ನಿನ್ನನ್ನು ರೂಪಿಸ.",ಮಹಾತ್ಮಾ ಗಾಂಧಿ ಜಯಂತಿ,ಲಾಲ ಬಹುದೂರ್‌ ಶಾಸ್ತ್ರೀ,ಜಯಂತಿ,ಶೃಂಗೇರಿ ಜಗದ್ಗುರು ಅಭಿನವ ವಿಧ್ಯಾತೀರ್ಥರ,ಆರಾಧನೆ,ಗದಗ ಸಚ್ಚಿದಾನಂದ ಮಠದ ಸಚ್ಚಿದಾನಂದ,ಸ್ವಾಮಿಗಳ ಪುಣ್ಯಾರಾಧನೆ.,,,,,,,ಷಷ್ಠಿ,10.16,ಮೃಗಶಿರಾ,26.55,ವ್ಯಕೀಪಾತ,18.18,ವಿಷ್ಟಿ,21.07,ದಕ್ಷಿಣಾಯನ,ಸೌರ ಶರದ,16,ಕೃಷ್ಣ,ಕನ್ನಾ,ವೃಷಭ,ಬೆ.,10:30,12:00,,,,ಬೆ.,0730,09:00,,,,ಮ.,03:00,04:3,,,,ಮ.,01:30,03:0,,,,ಜ.,01:28,02:57,ಸ.,06:40,08:10,ಲಾಭ,ಭಯ,ಪ್ರತಿರೋಧ,ಸಾಲ,ಭಯ,ಅನುಕೂಲ,ಲಾಭ,ಅಲೆದಾಟ,ಸಂತೋಷ,ಯಶಸ,ಆತಂಕ,ವಿಳಂಬ
02-11-2026,data\2026\11\02-11-2026.jpg,ಅಶ್ವೀನ|ಕಾರ್ತಿಕ,ಪರಾಭವ,1948,ತುಲಾ/ವೃಶ್ಚಿಕ,06:13,17:52,ವಸರದಲ್ಲಿ ಮಾಡಿದ ಕೆಲಸ ಅಳುವಿಗೆ ಕಾರ!,ಗಂಗಾಪೂಜೆ,ಬಳ್ಳಬಳ್ಳಾರಿ ತಾತನ ಪುಣ್ಯತಿಥಿ,ಕಂದಗಲ್‌ ವೀರೈಸ್ವಾಮಿ ಪುಣ್ಯತಿಥಿ,ಬಸವಾಣಪಟ್ಟಣ ಶ್ರೀ ಹಾಲಪ್ಪಯ್ಯ ಸ್ವಾಮಿ,ಪುಣ್ಯತಿಥಿ. ಗೋಕರ್ಣ ಗಂಗಾ ಜನ್ಮೋತ್ಸವ,,,,,,,,,ಅಷ್ಟಮಿ,13.11,ಆಶ್ವೇಷಾ,27.47,ಶುಭ,12.07,ತೈತಿಲ,24.30,ದಕ್ಷಿಣಾಯನ,ಸೌರ ಹೇಮಂತ,17,ಕೃಷ್ಣ,ತುಲಾ,ಕರ್ಕ,ಬೆ.,07:30,09:00,,,,ಮ.,01:30,03:00,,,,ಬೆ.,10:30,12:00,,,,ಬೆ.,09:00,10:30,,,,UNKNOWN,,,,,,ಸ್ಪರ್ಧೆ,ತಾಳ್ಮೆ,ಒಳ್ಳೆಯದು,ಲಾಭ,ಕರುಣೆ,ಆಲೋಚನೆ,ಮರೆವು,ಸಾಧನೆ,ಸ್ನೇಹ,ಯಶಸ್ಸು,ಅನಾರೋಗ್ಯ,ಕೀರ್ತಿ
02-12-2026,data\2026\12\02-12-2026.jpg,ಕಾರ್ತಿಕ/ಮಾರ್ಗಶಿರ,ಪರಾಭವ,1948,ವೃಶ್ಚಿಕ/ಧನು,06:26,17:51,ಶಿಲ್ಲಎಂಬುದು ಕೇವಲ ಒಂದು ಮಾತು,ರಾಜೀವಭಾಯಿ ದೀಕ್ಷಿತ ಪುಣ್ಯತಿಥಿ,ಹುಬ್ಬಳ್ಳಿ ರುದ್ರಾಕ್ಷಿ,ಮಠದಲ್ಲಿ ನಿಜಗುಣ ಶಿವಯೋಗಿಗಳ ಜಯಂತಿ,ರಾಷ್ಟ್ರೀಯ ಪ್ರದೋಷಣ ನಿಯಂತ್ರಣ ದಿನ.,,,,,,,,,,ನವಮಿ,22.53,ಪೂರ್ವಾ,08.55,ವಿಷ್ಕಂಭ,10.32,ತೈತಿಲ,10.59,ದಕ್ಷಿಣಾಯ,ಸೌರ ಹೇಮಂತ,17,ಕೃಷ್ಣ,ವಶಿಕ,ಸಿಂಹ,ಮ.,12:00,01:30,,,,ಬೆ.,10:30,12:00,,,,ಬೆ.,07:30,09:00,,,,ಬೆ.,06:00,07:30,,,,ಬೆ.,02:32,04:08,,,,ಯಶಸ್ಸು,ಭಯ,ಪ್ರಯತ್ನ,ದಯೆ,ವಿಶ್ರಾಂತಿ,ಯಶಸ್ಸು,ಅನುಕೂಲ,ಆಲೋಚನೆ,ಖರ್ಚು,ಶಾಂತಿ,ಸಾಲ,ಸಾಧನೆ
03-01-2026,data\2026\01\03-01-2026.jpg,ಪುಷ್ಯ/ಮಾಘ,ವಿಶ್ವಾವಸು,1947,ಧನು/ಮಕರ,06:42,18:05,ತ್ತಿನಲ್ಲಿ ಯಾವುದು ಶಾಶ್ವತವಲ್ಲ. ಅರಿತು ನಡೆ ಇದೆ,ಬನದ ಹುಣ್ಣಿಮೆ,ಶಾಕಂಭರಿ ನವರಾತ್ರಿ,ಅರುಣ ದರ್ಶನ,ಬಾದಾಮಿ ಬನಶಂಕರಿ ಜಾತ್ರೆ,ಸೌದತ್ತಿ ಎಲ್ಲಮ್ಮ ಜಾತ್ರೆ,ಗದಗ ತಾ. ನಾಗಾವಿ ಯಲ್ಲಮ್ಮ ಜಾತ್ರೆ,ಕೂಡ್ಲಿದುರ್ಗಾದೇವಿ,ಜಾತ್ರೆ,ಶಿವಬಸವ ಶಿವಯೋಗಿಗಳ ಪುಣ್ಯತಿಥಿ.,,,,,ಹುಣ್ಣಿಮೆ,15.33,ಆರ್ದ್ರಾ,17.28,ಬಿಷ್ಕಭ,09.05,ಬಾಲವ,5.59,ಉತ್ತರಾಯಣ,ಸೌರ ಶಿಶಿರ,19,ಶುಕ್ಲ,"ದನಸು,",ಮಿಥುನ,ಬೆ.,09:00,10:30,,,,ಬೆ.,06:00,07:30,,,,ಮ.,0130,00,,,,ಮ.,12:00,01:30,,,,ಬೆ.,08:33,09:58,,,,ಚಿಂತೆ,ಪ್ರತಿರೋಧ,ಸಾಲ,ದುಃಖ,ಕೀರ್ತಿ,ಪ್ರೋತ್ಸಾಹ,ಸಹಾಯ,ಮರೆವು,ಪ್ರೀತಿ,ಗೌರವ,ಅಭಿವೃದ್ದಿ,ಸ್ಪರ್ಧೆ
03-02-2026,data\2026\02\03-02-2026.jpg,,ವಿಶ್ವಾವಸು,1947,ಮಕರ/ ಕುಂಭ,06:45,18:21,) ಕಲಿಸುವ ಪಾಠವನ್ನು ನಗು ಎಂದಿಗೂ ಕಲಿಸ,ಬಾಗಲಕೋಟ ರಾಮಾರೂಢ ಸಪ್ತಾಹ,ರಾಣೇಬೇನ್ನೂರ,ರುದ್ರಸ್ವಾಮಿ ಪು.ತಿ. ಮೋದಗಾ (ಮೋಹನಗಾ) ದಡ್ಡಿ ತಾ.,ಹುಕ್ಕೇರಿ ಭಾವೆಶ್ಯರಿದೇವಿ ಜಾತ್ರೆ,ಉಳವಿ ಚೆನ್ನ,ಬಸವೇಶ್ವರ ಜಾತ್ರ.,,,,,,,,ದ್ವಿತೀಯಾ,24.41,ಮಘಾ,22.11,ಶೋಭನ,26.35,ತೈತಿಲ,13.12,ಉತ್ತರಾಯಣ,ಸೌರ ಶಿಶಿರ,21,ಕೃಷ್ಣ,ಮಕರ,ಸಿಂಹ,ಮ.,03:00,04:30,,,,ಮ.,12:00,01:30,,,,ಬೆ.,09:00,10:30,,,,ಬೆ.,07:30,09:00,,,,ಸ.,07:50,09:24,,,,ವಿಳಂಬ,ಲಾಭ,” ಭಯ,ಪ್ರತಿರೋಧ,ಸಾಲ,ಮೆಚ್ಚುಗೆ,ಖರ್ಚು,ಲಾಭ,ಸಂತೋಷ,ಕೀರ್ತಿ,ಪ್ರೀತಿ,ಅನುಕೂಲ
03-03-2026,data\2026\03\03-03-2026.jpg,ವಿಶ್ವಾವಸು ಪರಾಭವ,ವಿಶ್ವಾವಸು ಪರಾಭವ,1947,ಕುಂಭ/ಮೀನ,06:34,18:28,ಾರಾತಕ ಮನೋಭಾವವೇ ವಿಜಯದ 1,ಹೋಳಿ ಹುಣ್ಣಿಮೆ,ಖಗ್ರಾಸ ಚಂದ್ರಗ್ರಹಣ,ಧೂಲಿವಂದನ,ಓಕಳಿ ಹಬ್ಬ,ಸೊಗಲ ಸೊಮೇಶ್ವರ ವಿವಾಹದ ಜಾತ್ರೆ,ಧರ್ಮಶ್ರರಿ ಜಿ. ಹೊಸೂರು ಚಿಂದ್ರಚೂಡೇಶ್ವರ,ಕಲ್ಲುಕುಂಟೆ ಅಗ್ರಹಾರದ ರಂಗನಾಥ ಜಾತ್ರೆ.,,,,,,,ಹುಣ್ಣಿಮೆ,17.08,ಮಘಾ,07.32,ಸುಕರ್ಮಾ,10.25,ಬಾಲವ,28.55,ಉತ್ತರಾಯಣ,ಸೌರ ವಸಂತ,19,ಶುಕ್ಲ,ಕುಂಭ,ಸಿಂಹ,ಮ.,03:00,04:30,,,,ಮ.,12:00,01:30,,,,ಬೆ.,09:00,10:30,,,,ಬೆ.,07:30,09:00,,,,ಬೆ.,05:09,06:44,,,,ಯಶಸ್ತು,ವಿಶ್ರಾಂತಿ,ಅನುಕೂಲ,ಅಲೆದಾಟ,ಸಾಲ,ಅಭಿವೃದ್ದಿ,ಒಳ್ಳೆಯದು,ಪ್ರತಿರೋಧ,ಯಶಸ್ಸು,ಮರವ,ನಿರಾಶೆ,ಅನಾರೋಗ್ಯ
03-04-2026,data\2026\04\03-04-2026.jpg,ಚೈತ್ರ|ವೈಶಾಖ,ಪರಾಭವ,1948,ಮೀನ/ಮೇಷ,06:14,18:31,ಶಿಸ್ತೇ ಶಿಕ್ಷಣದ ತಳಹದಿ,ಗುಡ್‌ ಫ್ರೈಡೇ,ಛತ್ರಪತಿ ಶಿವಾಜಿ ಮಹಾ ಪುಣ್ಯ ದಿನ.,ಶಿವಯೋಗಿಶ್ವರ ಪುಣ್ಯ ತಿಥಿ ಅಥಣಿ. ಗೋಕಾಕ ತಾ,ಶಿಲ್ತಿಭಾವಿ,ಮಾರುತಿ,ಶಿಶುನಾಳ ಬಸವೇಶ್ವರ,ಕುಳ್ಳೂರು ತಾ.,ರಾಮದುರ್ಗ ಶಿವಯೋಗೇಶ್ವರ,ಕರಿಕಟ್ಟಿ ತಾ. ಸೌದತ್ತಿ,ಶಿವಾನಂದಮಠ ಜ್ಞಾನ ಸಪ್ತಾಹ/ಬಸವೇಶ್ವರ ರಥಗಳು,,,,ಪ್ರತಿಪದಾ,08.43,ಚಿತ್ರಾ,19.25,ವ್ಯಾಘಾತ,14.0,ತೈತಿಲ,21.23,ಉತ್ತರಾಯಣ,ಸೌರ ವಸಂತ,20,ಕೃಷ್ಣ,ಮೀನ,ಕನ್ಯಾಬೆ.,ಬೆ.,10:30,12:00,,,,ಬೆ.,07:30,09:00,,,,ಮ.,03:00,04:3,,,,ಮ.,01:30,03:0,,,,ಮ.,12:32,02:16,,,,ಅಭಿವೃದ್ದಿ,ಕೀರ್ತಿ,ಲಾಭ,ಖರ್ಚು,ಸಂತೋಷ,ಆತಂಕ,ಶ್ರೇಷ್ಠತೆ,ಯಶಸ್ಸು,ಬುದ್ದಿವಂತಿಕೆ,ತಾಳೆ,ಗಮನ,ಸಂಪತ್ತು
03-05-2026,data\2026\05\03-05-2026.jpg,ವೈಶಾಖ|ಅಧಿಕ ಜ್ಯೇಷ್ಠ,ಪರಾಭವ,1948,ಮೇಷ/ವೃಷಭ,05:58,18:25,ಈ ಜಗತ್ತಿನಲ್ಲಿಯಾವುದು ಶಾಶ್ವತವಲ್ಲ,ವಿಶ್ವ ಪತ್ರಿಕಾ ಸ್ವಾತಂತ್ರ್ಯ ದಿನ,ವಿಶ್ವ ನಗು ದಿನ,ಬೋರಗಾಂವ್‌ ಜ್ಯೋರ್ತಿಶೆಂಗ ಜಾತ್ರೆ,ಬಸವಾ ಪಟ್ಟಣ,ಶ್ರೀ ಚಂದ್ರಶೇಖರ ಸ್ವಾಮಿ ಪುಣ್ಯ ತಿಥಿ,ಬಂಗಾರಪೇಟೆ,ಕೋದಂಡ ರಾಯ ಕರಗ,ಯೋಗತಜ್ಞ ಪ.ಪೂ ದಾದಾಜಿ,ವೈಶಂಪಾಯನ ಪುಣ್ಯತಿಥಿ,ಠಾಣೆ.,,,,ದ್ವಿತೀಯಾ,27.02,ವಿಶಾಖಾ,07.10,ವರೀಯಾನ,22.28,ತೈತಿಲ,13.35,ಉತ್ತರಾಯಣ,ಸೌರ ಗ್ರೀಷ್ಮ,20,ಕೃಷ್ಣ,ಮೇಷ,ವೃಶ್ಚಿಕ,ಸ.,04:30,06:00,,,,ಮ.,8:00,04:30,,,,ಮ.,12:00,01:30,,,,ಬೆ.,1013,12:00,,,,UNKNOWN,10:21,12:08,,,,ಖರ್ಚು,ಪ್ರಯತ್ನ,ಕೀರ್ತಿ,ಪ್ರಯಾಣ,ಗೊಂದಲ,ಸಂಪತ್ತು,ಉಡುಗೊರೆ,ಆಲೋಚನೆ,ಗಮನ,ಪ್ರಗತಿ,ಭಕ್ತಿ,ವಿಶ್ರಾಂತಿ
03-06-2026,data\2026\06\03-06-2026.jpg,ಅ.ಜ್ಯೇಷ್ಠ/ನಿ.ಜ್ಯೇಷ್ಠ,ಪರಾಭವ ನಾಮ,1948,ವೃಷಭ/ಮಿಥುನ,05:52,18:43,ತನ ಬಹಳ ಹೆಚ್ಚಾದರೆ ನಮ್ಮವರೇ ನಮಗೆ ಶತ್ರುಗಳು «,ಅನಿಯಾ ಪಕ್ಷೆ ಸಂಕಷ್ಟ ಚತುರ್ಥಿ,ಕಂಚಿ,ವರದರಾಜಸ್ವಾಮಿ ರಥ,ಮಾರೇಹಳ್ಳಿ ನರಸಿಂಹ,ರಥ,ವಿಶ್ವ ಬೈಸಿಕಲ್‌ ದಿನ.,,,,,,,,ತೃತೀಯಾ,21.22,ಪೂ.ಷಾ,25.00,ಶುಭ,08.12,ವಣಿಜ,08.13,ಉತ್ತರಾಯಣ,ಸೌರ ಗ್ರೀಷ್ಮ,20,ಕೃಷ್ಣ,ವಷಭ,ಧನು,ಮ.,12:00,01:30,,,,ಬೆ.,10:30,12:00,,,,ಬೆ.,07:30,09:00,,,,ಬೆ.,06:00,07:30,,,,ಸ.,07:37,09:24,,,,ಮೆಚ್ಚುಗೆ,ದಯೆ,ಅನುಕೂಲ,ಪ್ರತಿರೋಧ,ಯೋಗ,ಸಾಲ,ಒಳ್ಳೆಯದು,ಶ್ರೇಷ್ಠತೆ,ಆಲೋಚನೆ,ಗಮನ,ಗೌರವ,ಪ್ರತಿಭೆ
03-07-2026,data\2026\07\03-07-2026.jpg,ನಿಜ ಜ್ಯೇಷ್ಠ/ಆಷಾಢ,ಪರಾಭವ,1948,ಮಿಥುನ/ಕರ್ಕ,05:57,18:50,ತಾಳೆಯೇ ಜೀವನದ ದೊಡ್ಡಆಸ್ತಿ,ಸಂಕಷ್ಟ ಚತುರ್ಥಿ (ಚಂ. 9.39),ಸಿದ್ದಕೋಳ್ಳದಲ್ಲಿ,ಶ್ರೀ ಸಿದ್ದೇಶ್ವರ ಜಾತ್ರೆ,ಹುಲಿಯೂರು ದುರ್ಗದ,ಹೇಮಗಿರಿ ವರದರಾಜ ರಥೋತ್ಸವ.,,,,,,,,,ತೃತೀಯಾ,11.21,ಶ್ರವಣ,11.47,ಎಿಷ್ಠಂಭ,17.00,ಬವ,24.04,ದಕ್ಷಿಣಾಯನ,ಸೌರ ವರ್ಷಾ,19,ಕೃಷ್ಣ,ಮಿಹುನ,ಮಕರ,ಬೆ.,10:30,12:00,,,,ಬೆ.,07:30,09:00,,,,ಮ.,03:00,04:3,,,,ಮ.,01:30,03:00,,,,ಬೆ.,12:22,02:07,,,,ಸಾಲ,ಕೋಪ,ಸಹಾಯ,ಮೆಚ್ಚುಗೆ,ಅನುಕೂಲ,ಕೀರ್ತಿ,ಅಭಿವೃದ್ದಿ,ಗೌರವ,ಕೋಪ,ಉಡುಗೊರೆ,ಅಭಿವೃದ್ಧಿ,ಶಾಂತಿ
03-08-2026,data\2026\08\03-08-2026.jpg,ಆಷಾಢ|ಶ್ರಾವಣ,ಪರಾಭವ,1948,ಕರ್ಕ/ಸಿಂಹ,06:05,18:46,ಪ್ರಯತ್ನ ನಿಲ್ಲಿಸಿದಾಗಲೇ ಸೋಲು,ಆಶ್ಲೇಷಾ ಮಳೆ ಪ್ರಾರಂಭ,ಪಂಚಕ,ಕೂಪಕಡ್ಡಿ ತಾ.,ಬಾಗೇವಾಡಿ ರಾಮಚಂದ್ರ ರಾವ ಮಹಾ. ಉತ್ಸವ.,ಹೊನ್ನಾಳಿ ತಾ. ರಾಂಪುರ ಬೃಹ್ಮನ್ಮಠ ಹಾಲಸ್ವಾಮಿ ಪು.ತಿ,,,,,,,,,ಪಂಚಮಿ,22.55,ಉಭಾ,22.01,ಸುಕರ್ಮಾ,21.14,5ಲವ,11.5,ದಕ್ಷಿಣಾಯನ,ಸೌರ ವರ್ಷಾ,19,ಕೃಷ್ಣ,ಕರ್ಕ,ಮೀನ,ಬೆ.,07:30,09:00,,,,ಮ.,01:30,03:00,,,,ಬೆ.,10:30,12:00,,,,ಬೆ.,09:00,10:30,,,,ಸ.,05:07,06:45,,,,ಸ್ನೇಹ,ಲಾಭ,ಸಹಾಯ,ಅನುಕೂಲ,ಲಾಭ,ಯಶಸ್ಸು,ಯಶಸ್ಸು,ಕೋಪ,ಸಮಸ್ಯೆ,ಅನಾರೋಗ್ಯ,ಗೌರವ,ಪ್ರಯತ್ನ
03-09-2026,data\2026\09\03-09-2026.jpg,ಶ್ರಾವಣ/ಭಾದ್ರಪದ,ಪರಾಭವ,1948,ಸಿಂಹ/ಕನ್ಯಾ,06:08,18:29,'೦ದು ಓದಿದ ಪಾಠವೇ ನಾಳೆಯ ಬದುಕ,ಬೃಹಸ್ಪತಿ ಪೂಜೆ,ಬೂಡನಗುಡ್ಡ ತಾ. ಕಲಘಟಗಿ ಶ್ರೋ,ಬಸವೇಶ್ವರ ಜಾತ್ರೆ,ವಂದನಕೇರಿ ಕಲ್ಯಾಣ ಬಸವೇಶ್ವರ,ರಥ,ಕೆಪ್ಪತಗುಡ್ಡೆ' ಮಲ್ಲಿಕಾರ್ಜುನ ಜೌತ್ರೆ,ರೋಣ,ತಾ|| ಮಣಸೆಗಿ ಲಿಕೆಗಬಸವೇಶ್ವರ ಜಾತ್ರೆ.,,,,,,ಸಪ್ತಮಿ,26.26,ಕೃತ್ತಿಕಾ,24.30,ಪ್ಯಾಘಾತ,18.35,ವಿಷ್ಟಿ,15.28,ದಕ್ಷಿಣಾಯನ,ಸೌರ ಶರದ,1,ಕೃಷ್ಣ,ಸಿಂಹ,ಮೇಷ,ಮ.,01:30,03:00,,,,ಬೆ.,9:00,10:30,,,,ಬೆ.,06:00,07:30,,,,ಮ.,03:00,04:3,,,,ಸ.,10:12,11:43,,,,ಒಳ್ಳೆಯಕೆಲಸ,ಖರ್ಚು,ಪ್ರಯಾಣ,ಮಧುರ ಮಾತು,ವಿನಯ,ವಿಳಂಬ,ಸಂತೋಷ,ಪ್ರೋತ್ಸಾಹ,ತಾಳ್ಮೆ,ಆಯಾಸ,ಗಮನ,ತೊಂದರೆ
03-10-2026,data\2026\10\03-10-2026.jpg,ಭಾದ್ರಪದ/ಅಶ್ವೀನ,ಪರಾಭವ,1948,ಕನ್ಯಾ/ ತುಲಾ,06:09,18:08,"ಸೋಲು ಅಂತ್ಯವಲ್ಲ, ಅದು ಹೊಸ ಆರಂ",ಅಷ್ಟಮಿ ಮಹಾಲಯ,ಮಹಾಲಕ್ಷ್ಮೀ ಪ್ರತ ಸಮಾಪ್ತಿ,ಲಚ್ಚ್ಯಾಣ,ಶ್ರೀಸಿದ್ದಲಿಂಗ ಸ್ವಾಮಿ ಪುಣ್ಯ ತಿಥಿ,ತೋರಣಗಟ್ಟಿ ಈರಪ್ಪ,ಬಸಿಡೋಣಿ ಪುಣ್ಯ ತಿಥಿ,ನರಗುಂದ ತಾ|| ಹದಲಿ ಶ್ರೀ ಚಿದಾನಂದ,ಮಹಾಸ್ವಾಮಿಗಳ ಪುಣ್ಯರಾಧನೆ,ಎರ್ರಪ್ಪ ತಾತನವರ ಪುಣ್ಯರಾಧನೆ.,,,,,ಚಿ,08.00,ಆರ್ದ್ರಾ,25.30,ವರೀಯಾನ,15.23,ಬಾಲವ,18.55,ದಕ್ಷಿಣಾಯನ,ಸೌರ ಶರದ,17,ಕೃಷ್ಣ,ಕನ್ನಾ,ಮಿಥುನ,ಬೆ.,09:00,10:30,,,,ಬೆ.,06:00,07:30,,,,ಮ.,01:30,05:00,,,,ಮ.,12:66,,,,,ಸ.,04:05,05:35,,,,ಆತಂಕ,ಸಾಲ,ವಿಳಂಬ,ಪ್ರೀತಿ,ಸಂತೋಷ,ಪ್ರೋತ್ಸಾಹ,ಯಶಸ್ಸು,ತೊಂದರೆ,ಅನುಕೂಲ,ಶಾಂತಿ,ಖರ್ಚು,ಆನಂದ
03-11-2026,data\2026\11\03-11-2026.jpg,ಅಶ್ವೀನ|ಕಾರ್ತಿಕ,ಪರಾಭವ,1948,ತುಲಾ/ವೃಶ್ಚಿಕ,06:13,17:52,ವಸರದಲ್ಲಿ ಮಾಡಿದ ಕೆಲಸ ಅಳುವಿಗೆ ಕಾರ!,ಹೂವಿನಹಡಗಲಿ ಗವಿಮಠ ಲಿಂಗೇಶ್ವರ ಸ್ವಾಮಿ,ಪುಣ್ಯತಿಥಿ,,,,,,,,,,,,ನವಮಿ,11.55,ಮಘಾ,27.27,ಶುಕ್ಡ,0.54,ವಣೆಜ,23.26,ದಕ್ಷಿಣಾಯನ,ಲಾ 1,1,ಕೃಷ್ಣ,ತುಲಾ,ಸಿಂಹ,ಮ.,03:00,04:30,,,,ಮ.,12:00,01:30,,,,ಬೆ.,09:00,10:30,,,,ಬೆ.,07:30,0:0,,,,ಬೆ.,02:13,03:46,,,,ಯಶಸ್ಸು,ಸಂಪತ್ತು,ವಿಶ್ರಾಂತಿ,ಮರೆವು,ಕೋಪ,ಉತ್ಸಾಹ,ಯಶಸ್ಸು,ಖರ್ಚು,ಪ್ರತಿರೋಧ,ಅನುಕೂಲ,ತಾಳ್ಮೆ,ಲಾಭ
03-12-2026,data\2026\12\03-12-2026.jpg,ಕಾರ್ತಿಕ/ಮಾರ್ಗಶಿರ,ಪರಾಭವ,1948,ವೃಶ್ಚಿಕ/ಧನು,06:27,17:51,ಕ್ವಿನಿನಗೆ ತಿಳೀಯದ ಹೊರತು ಸೀನು ಗೇ,ಮಹಾವೀರ ದೀಕ್ಷೋತ್ಸವ(ಜೈನ),ಜಾಗತಿಕ ದಿವ್ಯಾಂಗ ದಿನ,ವಿಶ್ವ ಅಂಗವಿಕಲರ ದಿನ,ಡಾ. ರಾಜೇಂದ್ರ ಪ್ರಸಾದ ಜನ್ಮದಿನ,ವಕೀಲರ ದಿನ,ಗೌರಿಪುರ ಶ್ರೀ ಸಚ್ಚಿದಾನಂದ ಸ್ವಾಮಿಗಳ,ಆರಾಧನೆ,,,,,,,ದಶಮಿ,23.04,ಉತ್ತರಾ,09.24,ಪ್ರೀತಿ,0.15,ವಣಿಜ,10.54,ದಕ್ಷಿಣಾಯ,ಸೌರ ಹೇಮಂತ,18,ಕೃಷ್ಣ,ವಶಿಕ,ಕನ್ಯಾ,ಮ.,01:30,03:00,,,,ಬೆ.,9:00,10:30,,,,ಬೆ.,06:00,07:30,,,,ಮ.,03:00,04:3,,,,ಬೆ.,02:03,03:41,,,,ಯೋಗ,ಗೌರವ,ಶ್ರೇಷ್ಠತೆ,ಪರೀಕ್ಷೆ,ತೊಂದರೆ,ಚಿಂತೆ,ಶಾಂತಿ,ಗಮನ,ದೃಢ ನಿರ್ಧಾರ,ಭಕ್ತಿ,ಯಶಸ್ಸು,ಅನುಕೂಲ
04-01-2026,data\2026\01\04-01-2026.jpg,ಪುಷ್ಯ/ಮಾಘ,ವಿಶ್ವಾವಸು,1947,ಧನು/ಮಕರ,06:42,18:06,"ವನವನ್ನು ಬದಲಾಯಿಸಿದರೆ, ಹಣ ಮನುಷ್ಯನನ್ನೇ ಬದಲಾ",ಚಿಕ್ಕೋಡಿ ತಾ. ಮಾಂಗೂರ ಬುಮಾಬಿ ನೈವೈದ್ಧ,ಉತ್ಸವ,ಹಡಗಲಿ ತಾ. ಸೋಗಿ ವೀರಭದ್ರೇಶ್ವರ ಠೆಥ,ತಿರೂಚ್ಚೇರ ರಥ,ಕಣಂಜಾರು ಕೋಠಾರೋತ್ಸವ.,,,,,,,,,ಪ್ರತಿಪದಾ,12.30,ಪುನರ್ವಸು,15.11,ವೈಧ್ಯತಿ,25.47,ತೈತಿಲ,23.10,ಉತ್ತರಾಯಣ,ಸೌರ ಶಿಶಿರ,20,ಕೃಷ್ಣ,"ದನಸು,",09:43,ಸ.,04:30,06:00,,,,ಮ.,03:00,04:30,,,,ಮ.,1200,0130,,,,ಬೆ.,10:30,12:00,,,,ಮ.,01:01,02:27,,,,ಭಕ್ತಿ,ದಯೆ,ಭಯ,ಪ್ರತಿರೋಧ,ದಯೆ,ಪ ಮೆಚ್ಚುಗೆ,ಪ್ರೀತಿ,ವಿಶ್ರಾಂತಿ,ಸಾಲ,ಪಗತಿ,ಯಶಸ್ಸು,ಕೀರ್ತಿ
04-02-2026,data\2026\02\04-02-2026.jpg,,ವಿಶ್ವಾವಸು,1947,ಮಕರ/ ಕುಂಭ,06:45,18:21,ಶಕ್ತಿಯ ಜೀವನ ದೌರ್ಬಲ್ಲವೇ ಮರಣ,ಸಂತ ನರಹರಿ ಸೋನಾರ ಪುಣ್ಯ ತಿಥಿ,ಮೈಲಾರ,ಕಾರುಣೀಕೋತ್ಸವ,ಕ್ಯಾಲೆಂಡರ್‌ ಕರ್ತೃ ಸದಾಶಿವ,ದತ್ತಾತ್ರಯ ಶಿರ್ಕೆ ಪುಣ್ಯದಿನ,ಶಬ-ಏ-ಬರಾತ್‌,,,,,,,,ತೃತೀಯಾ,24.10,ಪೂರ್ವಾ,22.13,ಅತಿಗಂಡ,2.6,ವಣಿಜ,12.20,ಉತ್ತರಾಯಣ,ಸೌರ ಶಿಶಿರ,22,ಕೃಷ್ಣ,ಮಕರ,ಸಿಂಹ,ಮ.,12:00,01:30,,,,ಬೆ.,1013,12:00,,,,ಬೆ.,07:30,09:00,,,,ಬೆ.,06:00,07:30,,,,ಸ.,03:48,05:24,,,,ಆಲೋಚನೆ,ಸಾಲ,ವಿಳಂಬ,ಖರ್ಚು,ಪ್ರೋತ್ಸಾಹ,ಪ್ರಯತ್ನ,ಯಶಸ್ಸು,ಶ್ರಷ್ಠತೆ,ಅನುಕೂಲ,*ಅನಾರೋಗ,ಪ್ರೀತಿ,ಪ್ರಾಮಾಣಿಕತೆ
04-03-2026,data\2026\03\04-03-2026.jpg,ವಿಶ್ವಾವಸು ಪರಾಭವ,ವಿಶ್ವಾವಸು ಪರಾಭವ,1947,ಕುಂಭ/ಮೀನ,06:34,18:29,ಇಂದಿನ ಕಠಿಣ ಪರಿಶ್ರಮ ನಾಳಿನ ಯಶ:,ವಸಂತೋತ್ಸವಾರಂಭ,ಪೂ.ಭಾ. ಮಳೆ ಪ್ರಾರಂಭ,ಅಭ್ಯಂಗಸ್ನಾನ,ಅಗರಖೇಡ ತಾ. ಇಂಡಿ ಸಿದ್ಧಾನಂದ ಸ್ವಾಮಿ,ಪುಣ್ಯಾತಾಧನೆ ಪ್ರಾರಂಭ. ಜಿಗಳೂರುನತಾ. ಮಡ್ರಳ್ಳಿ,ಜೌಡೇಶ್ವರಿ ಜಾತ್ರೆ.,,,,,,,,ಪ್ರತಿಪದಾ,16.49,ಪೂರ್ವಾ,07.39,ಥೃತಿ,08.52,ತೈತಿಲ,28.53,ಉತ್ತರಾಯಣ,ಸೌರ ವಸಂತ,20,ಕೃಷ್ಣ,ಕುಂಭ,13:46,ಮ.,12:00,01:30,,,,ಬೆ.,10:30,12:00,,,,ಬೆ.,07:30,09:00,,,,ಬೆ.,06:00,07:30,,,,ಬೆ.,01:13,02:49,,,,ಪ್ರೋತ್ಸಹ,ಶಾಂತಿ,ದಾನ,ವಿಶ್ರಾಂತಿ,ಮರೆವು,ಯಶಸ್ಸು,ಆನಂದ,ಕೋಪ,ಆತಂಕ,ನಿಷೇದ,ಸಾಲ,ಆಸೆ
04-04-2026,data\2026\04\04-04-2026.jpg,ಚೈತ್ರ|ವೈಶಾಖ,ಪರಾಭವ,1948,ಮೀನ/ಮೇಷ,06:14,18:31,ದಯೆಯೇ ಧರ್ಮದ ಮೂಲ,ಸತಿ ಅನುಸಯಾ ಜಯಂತಿ,ಆಲೂರು ತಾ.,ಮುದ್ದೇಬಿಹಾಳ ಮಾರುತೇಶ್ವರದ ಕೆಂಡದ ಉತ್ಸವ.,ಶಿರಹಟ್ಟಿ ತಾ. ಸಂಕದಾಳ ಶ್ರೀ ಹಾಲೇಶ್ವರ ಮುಳ್ಳುಗದ್ದಿಗೆ,ಮಹೋತ್ಸವ,,,,,,,,,ದ್ವಿತೀಯಾ,10.10,ಸ್ವಾತಿ,21.36,ಹರ್ಷಣ,14.17,ವಣಿಜ,23.02,ಉತ್ತರಾಯಣ,ಸೌರ ವಸಂತ,21,ಕೃಷ್ಣ,ಮೀನ,ತುಲಾ,ಬೆ.,09:00,10:30,,,,ಬೆ.,06:00,07:30,,,,ಮ.,01:30,03:0,,,,ಮ.,12:00,01:3,,,,ಬೆ.,11:59,01:44,,,,ಲಾಭ,ಸಂತೋಷ,ಅನಾರೋಗ್ಯ,ಆತಂಕ,ವಿಳಂಬ,ಲಾಭ,ಕೀರ್ತಿ,ಅಭಿವೃದ್ದಿ,ಅನುಕೂಲ,ಖರ್ಚು,ಆಲೋಚನೆ,ಉಡುಗೊರೆ
04-05-2026,data\2026\05\04-05-2026.jpg,ವೈಶಾಖ|ಅಧಿಕ ಜ್ಯೇಷ್ಠ,ಪರಾಭವ,1948,ಮೇಷ/ವೃಷಭ,05:57,18:25,ಪ್ರತಿ ಅಂತ್ಯವೂ ಹೊಸ ಆರಂಭ,ಅಂತರಾಷ್ಟ್ರೀಯ ಅಗ್ನಿಶಾಮಕ ಸಿಬ್ಬಂದಿ ದಿನ,ಸಂತ,ಚಾಖೋಬಾ ಪಿಹಾ ಪುಣ್ಯ ತಿಥಿ. ನರಕೆ ಮಹಾಲಕ್ಷ್ಮೀ ಪ್ರತಿಷ್ಠಾ,ದಿನ,ರೋಣ ತಾ. ಕೊಕದಾಳ ಶ್ರೀ ಗುರು ಅಡವಿಸಿದ್ದೇಶ್ವರ,ಜಾತ್ರೆ,ಕಲಬುರಗಿ ಬಂದೇನವಾಜ ಉರುಸ,,,,,,,ತೃತೀಯಾ,29.25,ಅನುರಾಧಾ,09.58,ಪರಿಘ,2.20,ವಣೆಜ,16.13,ಉತ್ತರಾಯಣ,ಸೌರ ಗ್ರೀಷ್ಮ,21,ಕೃಷ್ಣ,ಮೇಷ,ವೃಶ್ಚಿಕ,ಬೆ.,07:30,09:00,,,,ಮ.,01:30,03:00,,,,ಬೆ.,10:30,12:00,,,,ಬೆ.,09:00,10:30,,,,UNKNOWN,,,,,,ಆನಂದ,ಸಾಲ,ತೊಂದರೆ,ಸಂತೋಷ,ಗಮನ,ಕುತೂಹಲ,ಆಸಕ್ತಿ,ಸ್ನೇಹ,ಖರ್ಚು,ಯಶಸ್ಸು,ಮೆಚ್ಚುಗೆ,ಶುಭ
04-06-2026,data\2026\06\04-06-2026.jpg,ಅ.ಜ್ಯೇಷ್ಠ/ನಿ.ಜ್ಯೇಷ್ಠ,ಪರಾಭವ ನಾಮ,1948,ವೃಷಭ/ಮಿಥುನ,05:52,18:43,ಸಂತೋಷವೇ ನಿಜವಾದ ಸಂಪತ್ತು,ಸಂಕಷ್ಟಹರ ಚತುರ್ಥಿ (ಚಂ. 10.20),ವಿಶ್ವ ಬಾಲ ದೌರ್ಜನ್ಯ,ವಿರೋಧಿ ದಿನ,ಸಂಪಗಾವ ತಾ.ಬೈಲಹೊಂಗಲ ಶ್ರೀ ಪ್ರಸನ್ನ,ಗಣಪತಿ ಮೂರ್ತಿ ಪ್ರತಿಷ್ಠಾಪನಾ ಮಹೋತ್ಸವ,ನಾಲ್ವಡಿ,ಕೃಷ್ಣರಾಜ ಒಡೆಯರ್‌ ಜಯಂತಿ.,,,,,,,ಚತುರ್ಥಿ,2.31,ಉ.ಷಾ,27.42,ಶುಕ್ಹ,9.6,ಬವ,10.28,ಉತ್ತರಾಯಣ,ರ್ಥಿ 23.31,21,ಕೃಷ್ಣ,ವಷಭ,ಧನು,ಮ.,01:30,03:00,,,,ಬೆ.,09:00,10:30,,,,ಬೆ.,06:00,07:30,,,,ಮ.,03:00,04:3,,,,ಸ.,08:34,10:21,,,,ಅಭಿವೃದ್ದಿ,ಒಳ್ಳೆಯದು,ಯಶಸ್ತು,ಪ್ರೀತಿ,ಸಹಾಯ,ಸ್ಪರ್ಧೆ,ಕೋಪ,ಮರೆವು,ಆಸಕ್ತಿ,ವಿಶ್ರಾಂತಿ,ಭಕ್ತ,ಮೆಚ್ಚುಗೆ
04-07-2026,data\2026\07\04-07-2026.jpg,ನಿಜ ಜ್ಯೇಷ್ಠ/ಆಷಾಢ,ಪರಾಭವ,1948,ಮಿಥುನ/ಕರ್ಕ,05:57,18:50,ನಂಬಿಕೆಯೇ ಸ್ನೇಹದ ಅಡಿಪಾಯ,ಸ್ವಾಮಿ ವಿವೇಕಾನಂದ ಪು.ದಿ.,ಶ್ರೀ ಉಳವೇಂದ್ರ ಸ್ವಾಮಿ,ಆರಾಧನೆ ಹೊಳೆಆಲೂರು,ಶ್ರೀ ನೃಸಿಂಹ ಭಾರತಿ ಸ್ವಾಮಿ,ಜಯಂತಿ,ಉಜ್ಜಲ ಮಹಾಲಕ್ಷ್ಮೀ ವರ್ಧಂತಿ.,,,,,,,,ಚತುರ್ಥಿ,12.40,ಧನಿಷ್ಠಾ,13.44,ಶ್ರೀತಿ,17.6,ಕೌಲವ,25.10,ದಕ್ಷಿಣಾಯನ,ರ್ಥಿ 12.40,20,ಕೃಷ್ಣ,ಮಿಹುನ,ಕುಂಭ,ಬೆ.,09:00,10:30,,,,ಬೆ.,06:00,07:30,,,,ಮ.,01:30,03:00,,,,ಮ.,12:00,01:30,,,,ಬೆ.,02:29,04:12,,,,ಉತ್ಸಾಹ,ಯಶಸ್ಸು,ಅನುಕೂಲ,ಖರ್ಚು,ಮೆಚ್ಚುಗೆ,ಪ್ರತಿರೋಧ,ಒಳ್ಳೆಯ ಕೆಲಸ,ಪ್ರಯತ್ನ,ಪಶ್ಚಾತ್ತಾಪ,ಸಂತೋಷ,ಗೌರವ,ಸಮಸ್ಯ
04-08-2026,data\2026\08\04-08-2026.jpg,ಆಷಾಢ|ಶ್ರಾವಣ,ಪರಾಭವ,1948,ಕರ್ಕ/ಸಿಂಹ,06:05,18:45,ನಿನ್ನಕನಸುಗಳಿಗೆ ನೀನೇ ಹೊಣೆ,ಅಂತಾರಾಷ್ಟ್ರೀಯ ಅಗ್ನಿಶಾಮಕ ಸಿಬ್ಬಂದಿ ದಿನ,ಷಷ್ಠಿ,ಅಬ್ಬಿಗೇರಿ ಹಿಕೇಮಠದ ಶ್ರೀ ವೀರಭದ್ರ ಸ್ವಾಮಿ ಪಣ್ಣತಿಥಿ,ಮೇಲುಕೋಟೆ ಕೃಷ್ಣರಾಜಮುಡಿ ಉತ್ಸವ'ಪ್ರಾರಂಭೆ.,,,,,,,,,,ಷಷ್ಠಿ,22.04,ರೇವತಿ,21.54,ಥೃತಿ,19.33,ಗರಜ,10.33,ದಕ್ಷಿಣಾಯನ,ಸೌರ ವರ್ಷಾ,20,ಕೃಷ್ಣ,ಕರ್ಕ,ಮೀನ,ಮ.,03:00,04:30,,,,ಮ.,12:00,01:30,,,,ಬೆ.,09:00,10:30,,,,ಬೆ.,07:30,9:0,,,,ಸ.,07:30,09:06,,,,ಸರ್ಧೆ,ವಿರ್ಚು,ಸಮಸ್ಥೆ,ಲಾಭ,ಪ್ರಯತ್ನ,ಬುದ್ದಿವಂತಿಕೆ,ಸಾಲ,ಆಲೋಚನೆ,ಕೋಪ,ಯಶಸ್ಸು,ಪ್ರತಿರೋಧ,ಶುಭಸಮಾಚಾರ
04-09-2026,data\2026\09\04-09-2026.jpg,ಶ್ರಾವಣ/ಭಾದ್ರಪದ,ಪರಾಭವ,1948,ಸಿಂಹ/ಕನ್ಯಾ,06:08,18:28,ನಿನ್ನಗುರಿ ನೆನಪಿದರೆ ದಾರಿ ಸಿಗುತ್ತದೆ,ಶ್ರೀ ಕೃಷ್ಣಜನ್ಮಾಷ್ಟಮಿ,ದಾದಾ ಭಾಯಿ ನೌರೋಜಿ,ಜಯಂತಿ,ಜ್ಞಾನೇಶ್ವರ ಮಾಲಿ ಜನ್ಮಾಷ್ಟಮಿ,ಮಹಾ. ಬಾಳೆಕುಂದ್ರಿ ಜಯಂತಿ,ಜರಾ ಜಿವಂತಿಕಾ,ಪೂಜೆ,ಜೀವಂತಿಕಾ ಪೂಜೆ.,,,,,,ಅಷ್ಟಮಿ,24.14,ರೋಹಿಣಿ,23.04,ಹರ್ಷಣ,15.44,ಬಾಲವ,13.21,ದಕ್ಷಿಣಾಯನ,ಸೌರ ಶರದ,19,ಕೃಷ್ಣ,ಸಿಂಹ,ವೃಷಭ,ಬೆ.,10:30,12:00,,,,ಬೆ.,07:30,09:00,,,,ಮ.,03:00,04:3,,,,ಮ.,01:30,03:0,,,,ಸ.,08:03,09:33,,,,ಸೌಮೃತೆ,ಶ್ರೇಷ್ಠತೆ,ಬುದ್ದಿವಂತಿಕೆ,ಕಾಟರ್ಕು ಸ್ಪರ್ಧೆ,ಸಾಧನೆ,ಯಶಸ್ಸು,ಪ್ರೋತ್ಸಾಹ,ತಾಳ್ಮೆ,ಸಂತೋಷ,ಆಸಕಿ,ಪ್ರೋತ್ಸಾಹ,ಮೆಚ್ಚುಗೆ
04-10-2026,data\2026\10\04-10-2026.jpg,ಭಾದ್ರಪದ/ಅಶ್ವೀನ,ಪರಾಭವ,1948,ಕನ್ಯಾ/ ತುಲಾ,06:09,18:07,ನಿನ್ನ ಕನಸುಗಳಿಗಿಂತ ನಿನ್ನಭಯ ಚಿಕದಾಗಿರ,ವಿಶ್ವ ಪ್ರಾಣಿ ಕಲ್ಯಾಣ ದಿನ,ಹತ್ತರವಾಟ ತಾ. ಚಿಕ್ಕೋಡಿ,ವಿರುಪಾಕ್ಷನಾಗನಾಥಸ್ವಾಮಿ ಪುಣ್ಯ ತಿಥಿ,ಬಲ್ಲಟಗಿ ಸಪ್ತಭಜನೆ,ಅವಿಧನಾ,ನವಮಿ ಶ್ರಾದ್ಧ,ನಾಡಕವಿ ಹುಯಿಲಗೋಳ ನಾರಾಯಣರಾಯರ ಜನ್ಮದಿನ,ಮಾತೃ ನವಮಿ,ಅರಸೀಕೆರೆ ತಾ. ಕಲ್ಲುಂಡಿ ಭೂತಾಳೆ ಶ್ರೀ ಸ್ವರ್ಣಗೌರಮ್ಮ,ವಿಸರ್ಜನೆ.,,,,ನವಮಿ,27.54,ಪುನರ್ವಸು,24.14,ಪರಿಘ,12.32,ತೈತಿಲ,16.52,ದಕ್ಷಿಣಾಯನ,ಸೌರ ಶರದ,18,ಕೃಷ್ಣ,ಕನ್ನಾ,ಮಿಥುನ,ಸ.,04:30,06:00,,,,ಮ.,5:00,64:30,,,,ಮ.,12:66,6:56,,,,ಬೆ.,1136,17,,,,ಸ.,09:57,11:28,,,,ಪ್ರತಿರೋಧ,ಯಶಸ್ಸು,ಆತಂಕ,ಭಯ,ಸ್ನೇಹ,ಸಂಪತ್ತು,ಸಂತೋಷ,ವಿಳಂಬ,ಸಂತೋಷ,ಸಾಲ,ಸಮಸ್ಯೆ,ಶಾಂತಿ
04-11-2026,data\2026\11\04-11-2026.jpg,ಅಶ್ವೀನ|ಕಾರ್ತಿಕ,ಪರಾಭವ,1948,ತುಲಾ/ವೃಶ್ಚಿಕ,06:14,17:52,ಹಾಸಿಗೆ ಇದ್ದಷ್ಟು ಕಾಲು ಚಾಚು,ಬಳ್ಳಾರಿ ಜಿ. ಶಿರಗುಪ್ಪ ಶಿವದೇವ ಶಿವಾಚಾರ್ಯ,ಸ್ವಾಮಿ ಪು.ತಿ. ಕುಷ್ಟಗಿ ತಾ. ಚಳಗೇರಾ ಹಿರೇಮಠದ,ವಿರುಪಾಕ್ಷ ಲಿಂಗಸ್ವಾಮಿ ಆರಾಧನೆ,,,,,,,,,,,ದಶಮಿ,11.40,ಪೂರ್ವಾ,27.30,ಜ್ರಹ್ಮಾ,08.01,ಬವ,22.47,ದಕ್ಷಿಣಾಯನ,ಲಾ 19,19,ಕೃಷ್ಣ,ತುಲಾ,ಸಿಂಹ,ಮ.,12:00,01:30,,,,ಬೆ.,10:30,12:00,,,,ಬೆ.,07:30,09:00,,,,ಬೆ.,06:00,07:30,,,,ಜ.,01:04,02:39,ರಾ.,09:05,10:41,ದೃಢ ನಿರ್ಧಾರ,ಮರೆವು,ಪ್ರತಿರೋಧ,ಒಳ್ಳೆಯದು,ಯಶಸ್ಸು,ಪ್ರಗತಿ,ಆಸೆ,ಸ್ನೇಹ,ದಾನ,ಸಂತೋಷ,ಸಾಲ,ಉಡುಗೊರೆ
04-12-2026,data\2026\12\04-12-2026.jpg,ಕಾರ್ತಿಕ/ಮಾರ್ಗಶಿರ,ಪರಾಭವ,1948,ವೃಶ್ಚಿಕ/ಧನು,06:27,17:52,"ಬಮವರಂತೆ ಇರಬೇಡಿ, ನಿಮಗಾಗಿ ನೀ",ಉತ್ಪತ್ತಿ ಏಕಾದಶಿ,ಆಳಂದಿ ಯಾತ್ರೆ,ನಗೌಕಾಪಡೆ ದಿನ,ಮುಳವಾಡ ಗೌರಿ ಜಾತ್ರೆ,ನಿಜಗುಣಿ ಶಿವಯೋಗಿ ಜಯಂತಿ,ಉತ್ಸವ ಸಮಾಪ್ತಿ ಹುಬ್ಬಳ,ಹುಲಬೆಂಚಿ ತಾ. ಬಸವನ,ಬಾಗೇವಾಡಿ ಸಪ್ತಾಹ ಸಮಾಪ್ತಿ,ಬಾಬಾ ಮಹಾರಾಜ ಪುಣ್ಯತಿಥಿ.,,,,,ಏಕಾದಶಿ,23.45,ಹಸ್ತ,10.23,ಅಯುಷ್ಕಾನ,08.24,ಜವ,11.21,ದಕ್ಷಿಣಾಯ,ಸೌರ ಹೇಮಂತ,19,ಕೃಷ್ಣ,ವಶಿಕ,ಕನ್ಯಾ,ಬೆ.,10:30,12:00,,,,ಬೆ.,0730,09:00,,,,ಮ.,03:00,04:3,,,,ಮ.,01:30,03:00,,,,ಬೆ.,04:68,05:48,,,,ಖರ್ಚು,ಲಾಭ,ಸಾಲ,ಪ್ರಗತಿ,ಅನುಕೂಲ,ಸಂತೋಷ,ಗೌರವ,ಸಂಪತ್ತು,ಕೀರ್ತಿ,ಪರಿಶ್ರಮ,ಸಹಾಯ,ಅಲೆದಾಟ
05-01-2026,data\2026\01\05-01-2026.jpg,ಪುಷ್ಯ/ಮಾಘ,ವಿಶ್ವಾವಸು,1947,ಧನು/ಮಕರ,06:43,18:06,ಸಂತೋಷವೇ ನಿಜವಾದ ಸಂಪತ್ತು,ಕೊಪ್ಪಳ ಗವಿಸಿದ್ದೇಶ್ವರ ರಥ,ಹಾವೇರಿ ಜಿ.,ನರಸೀಪುರ ಅಂಬಿಗರ ಚೌಡಯ್ಯನ ರಥ,ಮುಗೂರ,ತ್ರಿಪುರ ಸುಂದರಿ ರಥ. ನೆಲಮಂಗಲ ಚನ್ನಕೇಶವಸ್ವಾಮಿ,ರಥ.,,,,,,,,ಡ್ವಿತೀಯಾ,0.57,ಪುಷ್ಯ,13.25,ವಿಷ್ಕಂಭ,22.47,ವಣಿಜ,20.54,ಉತ್ತರಾಯಣ,ಸೌರ ಶಿಶಿರ,21,ಕೃಷ್ಣ,"ದನಸು,",ಕರ್ಕ,ಬೆ.,07:30,09:00,,,,ಮ.,01:30,03:00,,,,ಬೆ.,1030,12:00,,,,ಬೆ.,09:00,10:30,,,,ಬೆ.,07:29,08:58,,,,ಒಳ್ಳೆಯದು,ಅನುಕೂಲ,ಖರ್ಚು,ಪ್ರಗತಿ,ಆಸಕ್ತಿ,ಸೌಮ್ಯತೆ,ಯಶಸ್ಸು,ಸಮಸ್ಯೆ,ಸಂತೋಷ,ಆನಂದ,ಬುದ್ದಿವಂತಿಕೆ,ಅಭಿವೃದ್ದಿ
05-02-2026,data\2026\02\05-02-2026.jpg,,ವಿಶ್ವಾವಸು,1947,ಮಕರ/ ಕುಂಭ,06:45,8:22,ರಕ್ಕೆತಿರಸ್ಕಾರವೇ ಮದ್ದಲ್ಲ ಪ್ರೀತಿಯೇ ದಿಎ,ಸಂಕಷ್ಟ ಚತುರ್ಥಿ (ಚಂ.ರಾ.9.38),ಚಿಂಚಲಿ,ತಾ.ರಾಯಬಾಗ ಜಿ.ಬೆಳಗಾವಿ ಮಾಯಾಕ್ಕಾ ಜಾತ್ರೆ,ಖಡಕಲಾಟ ಉರುಸ ತಾ. ಚಿಕ್ಕೋಡಿ ದಾವಣಗೇರೆ,ವೀರಭದ್ರ ರಥ.,,,,,,,,,ಚತುರ್ಥಿ,24.23,ಉತ್ತರಾ,22.57,ಸುಕರ್ಮಾ,24.04,ಬವ,12.11,ಉತ್ತರಾಯಣ,ರ್ಥಿ 24.23,23,ಕೃಷ್ಣ,ಮಕರ,ಕನ್ಯಾ,ಮ.,01:30,03:00,,,,ಬೆ.,09:00,10:30,,,,ಬೆ.,06:00,07:30,,,,ಮ.,03:00,04:30,,,,ಸ.,03:32,05:11,,,,ಒಳ್ಳೆಯ ಕೆಲಸ,ಪ್ರತಿರೋಧ,ಯಶಸ್ತ್ಸು,ಆತಂಕ,ಮೆಚ್ಚುಗೆ,ಅನುಕೂಲ,ಪ್ರಗತಿ,ಸಂತೋಷ,ವಿಳಂಬ,ಶೇಷತೆ,ಡಾಲ,ಪ್ರಯತ್ನ
05-03-2026,data\2026\03\05-03-2026.jpg,ವಿಶ್ವಾವಸು ಪರಾಭವ,ವಿಶ್ವಾವಸು ಪರಾಭವ,1947,ಕುಂಭ/ಮೀನ,06:33,18:29,“ಪ್ರತಿ ಸಮಸ್ಥೆಯಲ್ಲೂಪರಿಹಾರವಿದೆ”,ಸಂತ ತುಕಾರಾಮ ಬೀಜ,ವೇಳವಿ ತಾ. ಹುಕ್ಕೇರಿ,ಸಂಗಮೇಶ್ವರ ಜಾತ್ರೆ,ಟಿ ನರಸಿಪೂರ ಗುಂಜಾನೃಸಿಂಹ ರಥ,ಪಡುಬಿದ್ರ ಉಚ್ಚಲ ಮಹಾಲಕ್ಷ್ಮೀ ರಥ,ನಾಗಭೂಷಣ,ಶಿವೆಯೋಗಿ ಉತ್ಸವಾರಂಭ.,,,,,,,ದ್ವಿತೀಯಾ,17.04,ಉತ್ತರಾ,08.18,ಶೂಲ,07.46,ವಣೆಜ ೫25,29.25,ಉತ್ತರಾಯಣ,ಸೌರ ವಸಂತ,21,ಕೃಷ್ಣ,ಕುಂಭ,ಕನ್ನಾ,ಮ.,01:30,03:00,,,,ಬೆ.,09:00,10:30,,,,ಬೆ.,06:00,07:30,,,,ಮ.,03:06,04:30,,,,ಬೆ.,12:54,02:32,,,,ಖರ್ಚು,ಪ್ರಗತಿ,ಸಂತೋಷ,ಸಾಲ,ಪ್ರೀತಿ,ಪ್ರೋತ್ಸಾಹ,ಸಂತೋಷ,ಸಂಪತ್ತು,ಸ್ನೇಹ,ವಿಳಂಬ,ಸಮಸ್ಯೆ,ಆನಂದೆ
05-04-2026,data\2026\04\05-04-2026.jpg,ಚೈತ್ರ|ವೈಶಾಖ,ಪರಾಭವ,1948,ಮೀನ/ಮೇಷ,06:13,18:31,ತತ್ಮಕ ಆಲೋಚನೆಗಳು ಮನುಷ್ಯನನ್ನು ಬಲಹೀನಗೊಳಿ,ಸಂಕಷ್ಟ ಚತುರ್ಥಿ (ಚಂ.09:32) ಈಸ್ಟರ್‌ ಸಂಡೇ,ಅಕ್ಕಿವಾಟ ತಾ. ಹುಕ್ಕೇರಿ ಶ್ರೀ ಮಲ್ಲಿಕಾರ್ಜುನ ದೇವರ,ಸರಪಳಿ ಎಳೆಯುವುದು. ಇಂಚಗೇರಿ,ಗುರುಬಸವೇಶ್ವರ ಮಹಾ ಜಯಂತಿ.,,,,,,,,,,ತೃತೀಯಾ,12.00,ವಿಶಾಖಾ,24.08,ವಜ್ರ,14.44,ಬವ,25.4,ಉತ್ತರಾಯಣ,ಸೌರ ವಸಂತ,22,ಕೃಷ್ಣ,ಮೀನ,ತುಲಾ,ಸ.,04:30,06:00,,,,ಮ.,05:00,04:30,,,,ಮ.,12:30,01:3,,,,ಬೆ.,10:30,12:00,,,,ಮ.,02:24,04:1,,,,ಸಾಲ,ವಿಳಂಬ,ಖರ್ಚು,ಪ್ರೋತ್ಸಾಹ,ಅನಾರೋಗ್ಯ,ಯಶಸ್ಸು,ಪಶ್ಚಾತ್ತಾಪ,ಅನುಕೂಲ,ಆಸಕ್ತಿ,ಸರ್ದೆ,ಶಾಂತಿ,ಅಭಿವೃದ್ದಿ
05-05-2026,data\2026\05\05-05-2026.jpg,ವೈಶಾಖ|ಅಧಿಕ ಜ್ಯೇಷ್ಠ,ಪರಾಭವ,1948,ಮೇಷ/ವೃಷಭ,05:57,18:25,ಪ್ರಯತ್ನವೇ ಸಾಧನೆಯ ದಾರಿ,ಅಂಗಾರಕ ಸಂಕಷ್ಟ ಚತುರ್ಥಿ (ಚಂ. ರಾ 10. 03),ನವಲಗುಂದ ತಾ. ಹುರಕಡ್ಡಿ ಅಜ್ಜನವರ ಜನ್ಮೋತ್ಸವ.,ಮೇಲುಕೋಟೆ ಪಲ್ಲಪೋತ್ಸವ,ಅಂಕೋಲಾ,ಕುಂಡೊದರಿ ಪ್ರತಿಷ್ಠಾ ದಿನ.,,,,,,,,,__ ಚತುರ್ಥಿ,FULL DAY,ಜ್ಯೇಷ್ಠಾ,12.55,ಶಿವ,24.16,ಬವ,15.38,ಉತ್ತರಾಯಣ,ರ್ಥಿ ಪೂರ್ಣ,22,ಕೃಷ್ಣ,ಮೇಷ,ವೃಶ್ಚಿಕ,ಮ.,03:00,04:30,,,,ಮ.,12:00,01:36,,,,ಬೆ.,09:00,10:30,,,,ಬೆ.,07:30,9:0,,,,ಬೆ.,03:02,04:49,,,,ಯಶಸ್ಸು,ಯಶಸ್ಸು,ಸೌಮೃತೆ,ಗೊಂದಲ,ಭಯ,ಪ್ರತಿರೋಧ,ಸಹಾಯ,ಪ್ರೀತಿ,ಪ್ರಯತ್ನ,ತೊಂದರೆ,ಒಳ್ಳೆಯ ಕೆಲಸ,ತಾಳ್ಮೆ
05-06-2026,data\2026\06\05-06-2026.jpg,ಅ.ಜ್ಯೇಷ್ಠ/ನಿ.ಜ್ಯೇಷ್ಠ,ಪರಾಭವ ನಾಮ,1948,ವೃಷಭ/ಮಿಥುನ,05:52,18:43,ಪ್ರಯತ್ನವೇ ಗೆಲುವಿನ ಮೂದಲ ಹೆಜ್ಜೆ,ಪರಿಸರ ದಿನಾಚರಣೆ,ಜಾಗತೀಕ ಪರ್ಯಾವರಣ,ದಿನ,ಪೂ. ಗೋಳವಲಕರ ಗುರೂಜಿ,ಪುಣ್ಯಸ್ಮರಣೆ(ದಿನಾಂಕಾನುಸಾರ),,,,,,,,,ಪಂಚಮಿ,25.21,ಶ್ರವಣ,FULL DAY,ಬ್ರಹ್ಮಾ,09.43,ಕೌಲವ,12.29,ಉತ್ತರಾಯಣ,ಸೌರ ಗ್ರೀಷ್ಠ,22,ಕೃಷ್ಣ,ವಷಭ,ಮಕರ,ಬೆ.,10:30,12:00,,,,ಬೆ.,0730,09:00,,,,ಮ.,03:00,04:30,,,,ಮ.,01:30,03:0,,,,ಸ.,06:38,08:23,,,,ಗೊಂದಲ,ಕರುಣೆ,ಆಯಾಸ,ಆತಂಕ,ಆನಂದ,ಧೈರ್ಯ,ನೋವು,ಲಾಭ,ಅನುಕೂಲ,ಕೋಪ,ಅನುಕೂಲ,ಸಂತೋಷ
05-07-2026,data\2026\07\05-07-2026.jpg,ನಿಜ ಜ್ಯೇಷ್ಠ/ಆಷಾಢ,ಪರಾಭವ,1948,ಮಿಥುನ/ಕರ್ಕ,05:58,18:50,"ನ್ಹನ್ನು ನೀನು ನಂಬು, ಜಗತೇ ನಿನ್ನದಾಗು:",ಗದಗ ಗಾನಯೋಗಿ ಪಂಚಾಕ್ಷರಿ ಗವಾಯಿ ಪುಣ್ಯತಿಥಿ,ತಲಕಾಡು ಬಾಲಕೃಷ್ಣಾನಂದ ಮಠದಲ್ಲಿ ನೃಸಿಂಹೌನಂದ,ಸರಸ್ವತಿ ಪಟ್ಟಾಭಿಷೇಕ ದಿನ,ಅರಭಾವಿ ಮಹಂತಸ್ವಾಮಿ,ವರ್ಧಂತಿ.,,,,,,,,,ಪಂಚಮಿ,13.31,ಶತಭಿಷಾ,15.13,ಆಯುಷ್ಕಾನ,16.46,ಗರಜ,25.44,ದಕ್ಷಿಣಾಯನ,ಸೌರ ವರ್ಷಾ,21,ಕೃಷ್ಣ,ಮಿಹುನ,ಕುಂಭ,ಸ.,04:30,06:00,,,,ಮ.,5:00,64:30,,,,ಮ.,12:00,01:30,,,,ಬೆ.,10:30,12:00,,,,ಬೆ.,07:34,09:16,,,,ಒಳ್ಳೆಯ ಕೆಲಸ,ಅಸಕ್ತಿ,ಯಶಸ್ಸು,ಸಂತೋಷ,ಒಳ್ಳೆಯದು,ಪಶ್ಚಾತ್ತಾಪ,ಅನುಕೂಲ,ಸ್ನೇಹ,ಶಾಂತಿ,ಸಾಲ,ಮೆಚ್ಚುಗೆ,ಪ್ರಯತ್ನ
05-08-2026,data\2026\08\05-08-2026.jpg,ಆಷಾಢ|ಶ್ರಾವಣ,ಪರಾಭವ,1948,ಕರ್ಕ/ಸಿಂಹ,06:06,18:45,ಇಂದಿನ ಹೋರಾಟವೇ ನಾಳೆಯ ಹೆಮ್ಮೆ,ಕಾಲಾಷ್ಟಮಿ,ರಾಧಾ ಜಯಂತಿ,ಮದರಕಲ್‌ ತಾ.,ದೇವದುರ್ಗ ಶ್ರೀ ಈಶ್ವರ ದೇವಸ್ಥಾನ ಸಪ್ತಭಜನೆ,ಭೃಗುವಿಶಾಲಯುಷಿ ಜಯೆಂತಿ,,,,,,,,,ಸಪ್ತಮಿ,20.43,ಅಶ್ವಿನಿ,21.18,ಶೂಲ,17.29,ಏಿಷ್ಟಿ,0.27,ದಕ್ಷಿಣಾಯನ,ಸೌರ ವರ್ಷಾ,21,ಕೃಷ್ಣ,ಕರ್ಕ,ಮೇಷ,ಮ.,12:00,01:30,,,,ಬೆ.,1013,12:00,,,,ಬೆ.,07:30,09:00,,,,ಬೆ.,06:00,07:30,,,,ಮ.,02:16,03:50,,,,ಸಾಲ,ಪ್ರಯತ್ನ,ಅನುಕೂಲ,ಭಕ್ತಿ,ಶ್ರೇಷ್ಠತೆ,ಮೆಚ್ಚುಗೆ,ಒಳ್ಳೆಯದು,ಸಮಸ್ಯೆ,ಕೋಪ,ಖರ್ಚು,ಪ್ರೀತಿ,ಧೈರ್ಯ
05-09-2026,data\2026\09\05-09-2026.jpg,ಶ್ರಾವಣ/ಭಾದ್ರಪದ,ಪರಾಭವ,1948,ಸಿಂಹ/ಕನ್ಯಾ,06:08,18:28,"ನಿನನು ನಿಲಿಸಲು ಅಲ, ಬಲಪಡಿಸಲು ಬ",ಶಿಕ್ಷಕರ ದಿನಾಚರಣೆ,ಡಾ. ರಾಧಾಕೃಷ್ಣ ಜಯಂತಿ,ಗೊಗಲ್‌,ತಾ. ದೇವದುರ್ಗ ಪ್ರಭುಲಿಂಗೇಶ್ವರ ತೆಪ್ಪೋತ್ಸವ,ಕಣಕಗೀರಿ,ತೊಂಡಿರಪ್ಪಾ ಪಲ್ಲಕ್ಕೆ ಉತ್ಸವ,ತಂಗಳ ತಾ.'ಜಮಖಂಡಿ ಶ್ರೀ,ಗೋಪಾಲಕೃಷ್ಣ ಪಲ್ಲಕ್ಕಿ ಉತ್ಸವ.,,,,,,ನವಮಿ,21.54,ಮೃಗಶಿರಾ,21.31,ವಜ್ರ,12.47,ತೈತಿಲ,11.05,ದಕ್ಷಿಣಾಯನ,ಸೌರ ಶರದ,20,ಕೃಷ್ಣ,ಸಿಂಹ,ವೃಷಭ,ಬೆ.,09:00,10:30,,,,ಬೆ.,06:00,07:30,,,,ಮ.,01:30,03:0,,,,ಮ.,12:00,01:3,,,,ಸ.,01:17,02:46,,,,ಅನುಕೂಲ,ದಯೆ,ಆತಂಕ,ಪ್ರಗತಿ,ಭಯ,ಸಮಸ್ಯೆ,ತೊಂದರೆ,ಸಂಪತ್ತು,ಸ್ನೇಹ,ಮೆಚ್ಚುಗೆ,ಸಂತೊಷ,ವಿಳಂಬ
05-10-2026,data\2026\10\05-10-2026.jpg,ಭಾದ್ರಪದ/ಅಶ್ವೀನ,ಪರಾಭವ,1948,ಕನ್ಯಾ/ ತುಲಾ,06:09,18:07,"ಹತಾರೂ ಕೈ ಹಿಡಿಯದಾಗ, ನೀನೇ ಸಿನ್ನಕ್ಕೆ",ದಶಮಿ ಮಹಾಲಯ,ಗದಗ ತಾ. ಹರ್ಲಾಪುರ ಚಿದಾನಂದಜ್ಜನ ಜಾತ್ರೆ,ರಾಮಾನಂದ ಸ್ವಾಮಿ ಸಪ್ತಾಹ ಸ. ಕಾಗಲಗೊಂಬ,ತಾ. ಬದಾಮಿ,ವಿದ್ಯಾಪಯೋನಿಥಿ ತೀರ್ಥರ ಆರಾಧನೆ,ಚಿತ್ರದುರ್ಗ ಜಯದೇವಸ್ವಾಮಿ ಪು.ತಿ,ಕುಚಬಾಳ ಹನಮಾನಂದಸ್ವಾಮಿ ಪು.ತಿ,ಕುಂದಗೋಳ ನಾಡಿಗೇರ ವಾಡೆಯಲ್ಲಿ,ಸೀಮಂತ ನಾನಾ ಸಾಹೇಬರ ಪುಣ್ಯತಿಥಿ ನಿಮಿತ್ಯ ಸಂಗೀತೋತ್ಸವ.,,,,,ದಶಮಿ,26.08,ಪುಷ್ಯ,23.0,ಶಿವ,09.52,ವಣಿಜ,15.00,ದಕ್ಷಿಣಾಯ,ಸೌರ ಶರದ,19,ಕೃಷ್ಣ,ಕನ್ನಾ,ಕರ್ಕ,ಬೆ.,07:30,09:00,,,,ಮ.,0113,03:00,,,,ಬೆ.,16:30,12:60,,,,ಬೆ.,09:00,10:30,,,,ಸ.,05:02,06:34,,,,ತೊಂದರೆ,ಸಮಸ್ಯೆ,ಪ್ರೋತ್ಸಾಹ,ನರಾಶೆ,ಯಶಸ್ಸು,ಲಾಭ,ಯಶಸ್ಸು,ಭಯ,ಪ್ರತಿರೋಧ,ಅಲೆದಾಟ,ಅನುಕೂಲ,ವಿನಯ
05-11-2026,data\2026\11\05-11-2026.jpg,ಅಶ್ವೀನ|ಕಾರ್ತಿಕ,ಪರಾಭವ,1948,ತುಲಾ/ವೃಶ್ಚಿಕ,06:14,17:51,ಬಲ್ಲವನಿಗೆ ರೋಗವಿಲ್ಲಮಾತು ಬಲ್ಲವನಿಗೆ ಜಗಳ,ರಮಾ ಏಕಾದಶಿ,ಗೋವತ್ಸ ದ್ವಾದಶಿ. ವಿಶ್ವ ಸುನಾಮಿ,ಜಾಗ್ರತೆ ದಿನ,ಶುಕ್ರ ವಕ್ರಿ ಕನ್ಯಾದಲ್ಲಿ,ಶ್ರೀ ಸಿದ್ರಾಮೇಶ್ವರ,ಸಪ್ತಾಹ ಸಮಾಪ್ತಿ ಬ.ಬಾಗೇವಾಡಿ ಚಿತ್ರದುರ್ಗ ಶ್ರೀ,ಮುರುಘಾರಾಜೇಂದ್ರ ಮಠದಲ್ಲಿ ಸಾಮೂಹಿಕ ವಿವಾಹ,,,,,,,ಏಕಾದಶಿ,10.36,ಉತ್ತರಾ,27.56,%2,06.26,5ಲವ,22.31,ದಕ್ಷಿಣಾಯನ,ಲಾ 20,20,ಕೃಷ್ಣ,ತುಲಾ,ಸಿಂಹ,ಮ.,01:30,03:00,,,,ಬೆ.,09:00,10:30,,,,ಬೆ.,06:00,07:30,,,,ಮ.,05:00,04:30,,,,ರಾ.,08:36,10:13,,,,ಮರೆವು,ಒಳ್ಳೆಯದು,ಸಾಲ,ಯಶಸ್ಸು,ಗೌರವ,ಕೋಪ,ಲಾಭ,ಪ್ರೀತಿ,ಅಭಿವೃದ್ಧಿ,ಪ್ರತಿರೋಧ,ಪ್ರಗತಿ,ಧೈರ್ಯ
05-12-2026,data\2026\12\05-12-2026.jpg,ಕಾರ್ತಿಕ/ಮಾರ್ಗಶಿರ,ಪರಾಭವ,1948,ವೃಶ್ಚಿಕ/ಧನು,06:28,17:52,"ಎದ್ದೇಳುವುದನ್ನು ಕಲಿ, ಅದೇ ಜೀವನದ",ಚಿತ್ರದುರ್ಗ ಶ್ರೀ ಮುರುಘರಾಜೇಂದ್ರಮಠದಲ್ಲಿ ಸಾಮೂಹಿಕ,ವಿವಾಹ,ಹೆರ್ಗ,ಕಟಿಯಾಳ,ಶರವೂ ದೀಪೋತ್ಸವ,ವಿಶ್ವ,ಮಣ್ಣಿನ ದಿನಾಚಾರಣೆ,ಮಹರ್ಷಿ ಆರವಿಂದ ಪುಣ್ಯಸ್ಮರಣಿ,ಮುಂಡರಗಿ ತಾ.ಬರದೂರ ಶ್ರೀ ಮಾರುತೇಶ್ವರ ಕಾರ್ತಿಕ.,,,,,ದ್ವಾದಶಿ,24.52,ಚಿತ್ರಾ,11.49,ಸೌಜಾಗ್ಯ,07.33,ಕೌಲವ,12.16,ದಕ್ಷಿಣಾಯ,ಸೌರ ಹೇಮಂತ,20,ಕೃಷ್ಣ,ವಶಿಕ,ತುಲಾ,ಬೆ.,09:00,10:30,,,,ಬೆ.,06:00,07:30,,,,ಮ.,01:30,03:0,,,,ಮ.,12:00,01:30,,,,ಬೆ.,65:01,06:43,,,,ಅನುಕೂಲ,ವಿಳಂಬ,ಯಶಸ್ಸು,ಗೊಂದಲ,ಸಾಲ,ಭಕ್ತಿ,ದುರಾಸೆ,ಚಿಂತೆ,ಯಶಸ್ಸು,ಒಳ್ಳೆಯದು,ಅಸಕ್ತಿ,ಅಸೂಯೆ
06-01-2026,data\2026\01\06-01-2026.jpg,ಪುಷ್ಯ/ಮಾಘ,ವಿಶ್ವಾವಸು,1947,ಧನು/ಮಕರ,06:43,18:07,ಸೋಲು ಗೆಲುವಿನ ಮೊದಲ ಹೆಜ್ಜೆ,ಅಂಗಾರಕ ಸಂಕಷ್ಟ ಚತುರ್ಥಿ (ಚಂ.ರಾ. 9:15),ಮುಗೂರಿನಲ್ಲಿ ಚಿಗುರು ಕಡಿಯುವುದು,ನೆಲಮಂಗಲ,ಲಕ್ಷ್ಮೀಚನ್ನಕೇಶವ ರಥ,ಹೂವಿನ ಹಡಗಲಿ ತಾ.,ಹೊಳಗುಂದಿ ಸಿದ್ದೇಶ್ನರ ರಥಗಳು.,,,,,,,,ತೃತೀಯಾ,08.0,ಆಶ್ಲೇಷಾ,12.18,ಶ್ರೀತಿ,02.21,ಬವ,19.22,ಉತ್ತರಾಯಣ,ಸೌರ ಶಿಶಿರ,22,ಕೃಷ್ಣ,"ದನಸು,",12:18,ಮ.,03:00,04:30,,,,ಮ.,12:00,01:30,,,,ಬೆ.,09:00,10:30,,,,ಬೆ.,07:30,09:00,,,,ಬೆ.,10:46,12:17,,,,ಅನುಕೂಲ,ವಿಶ್ರಾಂತಿ,ಮೆಚ್ಚುಗೆ,ಆನಂದ,ಅನಾರೋಗ್ಯ,ಭಕ್ತಿ,ಲಾಭ,ಅಭಿವೃದ್ದಿ,ಸಂಪತ್ತು,ಶಾಂತಿ,ಯಶಸ್ಸು,ಸಂತೋಷ
06-02-2026,data\2026\02\06-02-2026.jpg,,ವಿಶ್ವಾವಸು,1947,ಮಕರ/ ಕುಂಭ,06:45,8:22,ಸಾದಿಯಲ್ಲಿಮುಳ್ಳು ಚೆಲ್ಲಿದವರ ಹಾದಿಯಲ್ಲಿಹ,ಔದುಂಬರ ಪಂಚಮಿ,ಕೋಲ್ಡಾಪೂರ ಶ್ರೀಕೃಷ್ಣ,ಸರಸ್ವತಿ ಜಯಂತಿ,ಹುಮರಮಳಾ ಶ್ರೀ ರಾಮೇಶ್ವರ,ವರ್ಧಾಪನ ದಿನ ಧನಿಷ್ಠಾರ್ಕಮಳೆ,ಹಾವನೂರು ಕಲ್ಲಗ,ಸ್ವಾಮಿ ಪುಣ್ಯತಿಥಿ.,,,,,,,ಪಂಚಮಿ,25.19,ಹಸ್ತ,24.24,ಧೃತಿ,23.37,ಕೌಲವ,12.46,ಉತ್ತರಾಯಣ,ಸೌರ ಶಿಶಿರ,24,ಕೃಷ್ಣ,ಮಕರ,ಕನ್ಯಾ,ಬೆ.,10:30,12:00,,,,ಬೆ.,07:30,09:00,,,,ಮ.,03:00,04:30,,,,ಮ.,01:30,03:00,,,,ಸ.,06:02,07:44,,,,ಸಾಲ,ಅಭಿವೃದ್ಧಿ,ಕೋಪ,ಜೀವನ,ಸಂತೋಷ,ಲಾಭ,ದುಃಖ,ಶಾಂತಿ,ಅಬಿವದಿ,ತಾತ,ಸೌಮ್ಯತ,ಸಾಧನೆ
06-03-2026,data\2026\03\06-03-2026.jpg,ವಿಶ್ವಾವಸು ಪರಾಭವ,ವಿಶ್ವಾವಸು ಪರಾಭವ,1947,ಕುಂಭ/ಮೀನ,06:32,18:29,ವನದಲ್ಲಿದುಃಖವಿಲ್ಲದೆ ಸುಖದ ಅರ್ಥವೆ,ಸಂಕಷ್ಟ ಚತುರ್ಥಿ (ಚಂ. 09.07),ಹೂವಿನಕೆರೆ ಮತ್ತು,ಸಿರಸಿಯ ಸೊಂದೆ ಮಠದಲ್ಲಿ ವಾದಿರಾಜ ಸ್ವಾಮಿ ಪು.ತಿ.,ಆರಾಧನೆ,ಛ. ಶಿವಾಜಿ ಮಹಾ.ಜಯಂತಿ,ಶ್ರೀ ಮಹಾಲಕ್ಷ್ಮೀ,ದೇವಿ ಜಾತ್ರೆ.,,,,,,,ತೃತೀಯಾ,17.54,ಹಸ್ತ,09.30,ಗಂಡ07006,07.06,ಬವ,30.32,ಉತ್ತರಾಯಣ,ಸೌರ ವಸಂತ,22,ಕೃಷ್ಣ,ಕುಂಭ,22.19,ಬೆ.,10:30,12:00,,,,UNKNOWN,0730,09:00,,,,ಮ.,03:00,04:30,,,,ಮ.,01:36,0:0,,,,ಬೆ.,03:11,04:52,,,,ಸಂಪತ್ತು,ಸಾಲ,ಕೋಪ,ಅನಾರೋಗ್ಯ,ಅಭಿವೃದ್ಧಿ,ಸಾಧನೆ,ಚಿಂತೆ,ಒಳ್ಳೆಯ ಕೆಲಸ,ಆಯಾಸ,ದಯೆ,ಸೌಮ್ಯತೆ,ಯಶಸ್ಸು
06-04-2026,data\2026\04\06-04-2026.jpg,ಚೈತ್ರ|ವೈಶಾಖ,ಪರಾಭವ,1948,ಮೀನ/ಮೇಷ,06:12,18:31,ನು ಏನಾದರೂ ಆಗು ಮೊದಲು ಮಾನವನಾಃ,ಅನಸೂಯಾ ಜಯಂತಿ,ಇಂಚಗೇರಿ ಗುರುಪುತ್ರೇಶ್ವರ,ಮಹಾ ಜಯಂತಿ,ಬೋರ - ಗಾಂವ್‌ ತಾ. ಚಿಕ್ಕೋಡಿ,ಖಂಡೋಬಾ ಜಾತ್ರೆ,ಸುರಪೂರ ತಾ. ಹಿಗ್ಗಡಿಹಾಳ,ಶ್ರೀ ಸದಾನಂದ ಕೃಷ್ಣಮಹಾ ಜಾತ್ರೆ,,,,,,,ಚತುರ್ಥಿ,14.11,ಅನುರಾಧ,26.57,ಸಿದ್ದಿ,14.44,ಕೌಲವ,27.22,ಉತ್ತರಾಯಣ,ರ್ಥಿ14.11,23,ಕೃಷ್ಣ,ಮೀನ,ವೃಶ್ಚಿಕ,ಬೆ.,07:30,09:00,,,,ಮ.,0113,03:00,,,,ಬೆ.,1030,12:00,,,,ಬೆ.,09:00,10:30,,,,ಮ.,03:19,05:07,,,,ಸಂತೋಷ,ಪ್ರತಿರೋಧ,ಯಶಸ್ಸು,ಪ್ರಗತಿ,ಸ್ನೇಹ,ನಿರಾಶೆ,ಲಾಭ,ಪ್ರೋತ್ಸಾಹ,ಸಂತೋಷ,ಅನಾರೋಗ,*». ಕೀರ್ತಿ ₹,ಅಭಿವೃದ್ದಿ
06-05-2026,data\2026\05\06-05-2026.jpg,ವೈಶಾಖ|ಅಧಿಕ ಜ್ಯೇಷ್ಠ,ಪರಾಭವ,1948,ಮೇಷ/ವೃಷಭ,05:57,18:25,ಅತಿಯಾದರೆ ಅಮೃತವೂ ವಿಷ,ರಾಜರ್ಷೀ ಛ.ಶಾಹೂ ಮಹಾರಾಜ,ಪುಣ್ಯದಿನ,ಹೆಚ್‌. ಡಿ ಕೋಟೆ ತಾ.,ಸಂತೇಸರಗೂರು ಚೌಡೇಶ್ವರೀ ಉತ್ಸವ,,,,,,,,,,ಚತುರ್ಥಿ,07.52,ಮೂಲಾ,15.54,ಸಿದ್ದ ೫.12,25.12,ಕೌಲವ,21.04,ಉತ್ತರಾಯಣ,ರ್ಥಿ 07.52,23,ಕೃಷ್ಣ,ಮೇಷ,ಧನು,ಮ.,12:00,01:30,,,,ಬೆ.,10:30,12:00,,,,ಬೆ.,07:30,09:00,,,,ಬೆ.,06:00,07:30,,,,ಬೆ.,08:42,10:30,,,,ಶಾಂತಿ,ಪ್ರೋತ್ಸಾಹ,ಕರುಣೆ,ದಾನ”,ಸಹಾಯ,ಪ್ರೋತ್ಸಾಹ,ನಿರಾಶೆ,ಪ್ರತಿರೋಧ,ಮೆಚ್ಚುಗೆ,ಗಮನ,ಯಶಸ್ಸು,ಚಿಂತೆ
06-06-2026,data\2026\06\06-06-2026.jpg,ಅ.ಜ್ಯೇಷ್ಠ/ನಿ.ಜ್ಯೇಷ್ಠ,ಪರಾಭವ ನಾಮ,1948,ವೃಷಭ/ಮಿಥುನ,05:52,18:44,"ವೂ ಹೊಸದು, ಅದನ್ನು ಸದುಪಯೋಗಪಡಿ:",ಕಿಲ್ಲೇ ರಾಯಗಡ ಶಿವಾಜಿ ಮಹಾರಾಜ,ರಾಜ್ಯಾಭಿಷೇಕ ದಿನ,,,,,,,,,,,,ಷಷ್ಠಿ,26.42,ಶ್ರವಣ,06.04,ಐಂದ್ರ,10.05,ಗರಜ,14.05,ಉತ್ತರಾಯಣ,ಸೌರ ಗ್ರೀಷ್ಠ,23,ಕೃಷ್ಣ,ವಷಭ,ಮಕರ,ಬೆ.,09:00,10:30,,,,ಬೆ.,06:00,07:30,,,,ಮ.,01:30,03:00,,,,ಮ.,12:00,01:3,,,,ಸ.,08:43,10:26,,,,ಪ್ರಯತ್ನ,ಸೌಮ್ಯತ,ಗೌರವ,ಶ್ರೇಷ್ಠತೆ,ಯಶಸ್ಸು,ಯೋಗ,ಸಹಾಯ,ಪರಿಶ್ರಮ,ಕರುಣೆ,ಸ್ಟ್ರೇಹ,ಕೋಪ,ತೊಂದರೆ
06-07-2026,data\2026\07\06-07-2026.jpg,ನಿಜ ಜ್ಯೇಷ್ಠ/ಆಷಾಢ,ಪರಾಭವ,1948,ಮಿಥುನ/ಕರ್ಕ,05:58,18:50,"ಅಹಂಕಾರ ಅಳಿಸಿ, ಪ್ರೀತಿಯನ್ನು ಬೆಳೆ;",ಅರಭಾವಿ ಮಹಾಂತ ಶಿವಯೋಗಿ ವರ್ಧಂತಿ,ಅಬ್ಬೀಗೇರಿ ಹೀರೇಮಠ ಶ್ರೀ ವೀರಭದ್ರಸ್ವಾಮಿ,ಜಯಂತಿ,ಹಾವೇರಿ ತಾ? ಮರೋಕ ಉಂ.,ರುದ್ರಾರಾಧ್ಯ ಶಾಸ್ತ್ರೀಗಳ ಪುಣ್ಯದಿನ.,,,,,,,,,ಷಷ್ಠಿ,13.48,ಪೂ.ಭಾ,16.08,ಸೌಭಾಗ್ಯ,15.51,ಏಿಷ್ಟಿ,25.42,ದಕ್ಷಿಣಾಯನ,ಸೌರ ವರ್ಷಾ,22,ಕೃಷ್ಣ,ಮಿಹುನ,ಕುಂಭ,ಬೆ.,07:30,09:00,,,,ಮ.,0113,03:00,,,,ಬೆ.,10:30,12:00,,,,ಬೆ.,09:00,10:30,,,,ಬೆ.,07:49,09:29,,,,ಗೌರವ,ಯಶಸ್ಸು,ಪ್ರಯತ್ನ,ಯಶಸ್ಸು,ಶ್ರೇಷ್ಠತೆ,ಪ್ರೋತ್ಸಾಹ,ಆಲೋಚನೆ,ಅಭಿವೃದ್ದಿ,ಸಹಾಯ,ಆತಂಕ,ಪ್ರಯಾಣ,ಒಳ್ಳೆಯ ಕೆಲಸ
06-08-2026,data\2026\08\06-08-2026.jpg,ಆಷಾಢ|ಶ್ರಾವಣ,ಪರಾಭವ,1948,ಕರ್ಕ/ಸಿಂಹ,06:06,18:44,ನಿನ್ನಭವಿಷ್ಯ ನಿನ್ನಆಯ್ಕೆ,ಕಾಲಾಷ್ಟಮಿ,ಹಿರೋಷಿಮಾ ದಿನ,ಜೇವರ್ಗಿ ತಾ.,ಕಡಕೋಳ ವೀರೇಶ್ವರ ಪುಣ್ಣ ತಿಥಿ. ಬೆಂಗಳೂರು,ಕುಮಾರ ಶೈಲದಲ್ಲಿ ರಥ,,,,,,,,,ಅಷ್ಟಮಿ,18.53,ಭರಣಿ,20.14,ಗಂಡ,15.01,ಿ,20.14,ದಕ್ಷಿಣಾಯನ,ಸೌರ ವರ್ಷಾ,22,ಕೃಷ್ಣ,ಕರ್ಕ,ಮೇಷ,ಮ.,01:30,03:00,,,,ಬೆ.,09:00,1013,,,,ಬೆ.,06:00,07:30,,,,ಮ.,05:00,04:30,,,,ಮ.,03:38,05:10,,,,ಲಾಭ,ಸಂತೋಷ,ಯಶಸ್ಸು,ಕೋಪ,ಯಶಸ್ಸು,ಬ ಶಾಂತಿ,ಪರಿಶ್ರಮ,ಸ್ನೇಹ,ಅಭಿವೃದ್ಧಿ,ಅನುಕೂಲ,ಸಹಾಯ,ವಿನಯ
06-09-2026,data\2026\09\06-09-2026.jpg,ಶ್ರಾವಣ/ಭಾದ್ರಪದ,ಪರಾಭವ,1948,ಸಿಂಹ/ಕನ್ಯಾ,06:08,18:27,"'೦ಟಿತನ ಅಂತ್ಯವಲ, ಆತಶಕಿಯ ಆರಂ",ಹೆಮ್ಮರಗ ತಾ.ಬಾಗಲಕೋಟೆ ಸಂತಾನ ವೇಣುಗೋಪಾಲ,ಕಲ್ಯಾಣೋತ್ಸವ,ಕೃಷ್ಣ ಉತ್ಸವಾರಂಭ ಮತ್ತು ಸುದರ್ಶನ ಯಜ್ಞ,ಸಮಾಪ್ತಿ,ಕೋಲ್ಡಾಪೂರ ಶ್ರೀ ಕೃಷ್ಣ ಸರಸ್ವತಿ ಮಹಾರಾಜ,ಪು.ತಿ,ಬಸವಾಪಟ್ಟಣ ಶೀವಶರಣಿ ವೀರಮಾತಾ ಪು.ತಿ.,,,,,,,ದಶಮಿ,19.30,ಆರ್ದ್ರಾ,19.53,ಸಿದ್ಧಿ,9.45,ವಣಿಜ,08.42,ದಕ್ಷಿಣಾಯನ,ಸೌರ ಶರದ,21,ಕೃಷ್ಣ,ಸಿಂಹ,ಮಿಥುನ,ಮ.,04:30,06:00,,,,ಮ.,05:00,04:30,,,,ಮ.,12:00,01:3,,,,ಬೆ.,10:30,12:00,,,,ಸ.,10:33,12:03,,,,ಭಯ,ಪ್ರಯತ್ನ,ಒತೆ ಯದು,ಪ್ರೀತಿ,ವಿಶ್ರಾಂತಿ,ಖರ್ಚು,ಯಶಸ್ಸು,ಸಾಲ,ಪ್ರೀತಿ,ಶಸ,ವಿನಯ,ಕೋಪ
06-10-2026,data\2026\10\06-10-2026.jpg,ಭಾದ್ರಪದ/ಅಶ್ವೀನ,ಪರಾಭವ,1948,ಕನ್ಯಾ/ ತುಲಾ,06:09,18:06,"ಶ್ರಮ ಮೌನವಾಗಿರಲಿ, ಯಶಸು ಶಬ ಮಾಡ.",ಇಂದಿರಾ ಏಕಾದಶಿ,ಏಕಾದಶಿ ಮಹಾಲಯ,ಭುಜಂಗ ಸ್ವಾಮಿ,ಆರಾಧನೆ ಲೋಕಾಪುರ,ದಾಸರಹಟ್ಟಿ ನಿರ್ವಾಣೇಶ್ವರ ಜಾತ್ರೆ,ಚಿತ್ರದುರ್ಗ ವಿಭವಸ್ವಾಮಿ ಪು.ತಿ.,ಚೆನ್ನಗಿರಿ ತಾ. ವಾಡ್ನಳ ಕಾಶಿ,ಮಠದಲ್ಲಿ ವಿಶ್ವಕರ್ಮ ವ್ರತ,,,,,,ಏಕಾದಶಿ,24.35,ಆಶ್ಲೇಷಾ,22.18,ಸಿ,07.20,ಬವ,13.20,ದಕ್ಷಿಣಾಯ,ಸೌರ ಶರದ,20,ಕೃಷ್ಣ,ಕನ್ನಾ,ಕರ್ಕ,ಮ.,03:00,04:30,,,,ಮ.,12:00,01:30,,,,ಬೆ.,09:60,16:30,,,,ಬೆ.,07:36,6:0,,,,ಸ.,08:44,10:17,,,,ವಿಳಂಬ,ಭಯ,ಪ್ರತಿರೋಧ,ಸಾಲ,ಸ್ನೇಹ,ಅನುಕೂಲ,ಖರ್ಚು,ಪ್ರೋತ್ಸಾಹ,ಸಂತೋಷ,ಸಂತೋಷ,ಲಾಭ,ಶುಭ
06-11-2026,data\2026\11\06-11-2026.jpg,ಅಶ್ವೀನ|ಕಾರ್ತಿಕ,ಪರಾಭವ,1948,ತುಲಾ/ವೃಶ್ಚಿಕ,06:14,17:51,ದೇಶ ಸುತ್ತಿ ನೋಡು ಕೋಶ ಓದಿ ನೋಡು,ಪ್ರದೋಷ,ಗುರು ದ್ವಾದಶಿ,ಧನ ತ್ರಯೋದಶಿ,ಧನ್ವಂತರಿ ಜಯಂತಿ,ಯಮದೀಪ ದಾನ. ವಿಶಾಖಾ,ಮಳೆ ಪ್ರಾರಂಭ,ಸಾಗರ ಕಾವೇರಮ್ಮನ ತೆಪ್ಪೋತ್ಸವ,ನರಸೋಬಾ ವಾಡಿಯಲ್ಲಿ ದತ್ತೋತ್ಸವ,,,,,,ದ್ವಾದಶಿ,10.31,ಹಸ್ತ,28.43,ವಿಷ್ಕಂಭ,28.10,ಗರಜ,22.37,ದಕ್ಷಿಣಾಯನ,ಸೌರ ಹೇಮಂತ,21,ಕೃಷ್ಣ,ತುಲಾ,ಕನ್ನಾ,ಬೆ.,01:30,12:00,,,,ಬೆ.,07:30,09:00,,,,ಮ.,03:00,04:30,,,,ಮ.,01:30,05:00,,,,UNKNOWN,1033,12:10,,,,ಪ್ರಗತಿ,ಯಶಸ್ಸು,ಧೈರ್ಯ,ಸಾಲ,ಮರೆವು,ಶಾಂತಿ,ತೊಂದರೆ,ಪ್ರತಿರೋಧ,ಆಸೆ,ಒಳ್ಳೆಯದು,ಲಾಭ,ವಿಭಾಗ
06-12-2026,data\2026\12\06-12-2026.jpg,ಕಾರ್ತಿಕ/ಮಾರ್ಗಶಿರ,ಪರಾಭವ,1948,ವೃಶ್ಚಿಕ/ಧನು,06:28,17:52,ನಿಮ್ಮಯೋಚನೆಗಳೇ ನಿಮ್ಮಭವಿಷ್ಣ,ಶ್ರೀ ಗಜಾನನ ಮಹಾರಾಜ ಪುಣ್ಯಸ್ಮರಣೆ ಅಕ್ಕಲಕೋಟ,ಹಾವೇರಿ ಶ್ರೀ,ವೀರಭದ್ರ ರಥ,ರೋಣ ತಾ. ನರೇಗಲ್ಲ ಹಿರೇಮಠ ಜಾತ್ರೆ,ಬಾಬಾಸಾಹೇಬ ಅಂಬೇಡಕರ್‌ ನಿರ್ವಾಣ ದಿನ,ಶ್ರೀ ಜ್ಞಾನೇಶ್ವರ,ಮಾಊಲಿ ಸಂಜೀವನ ಸಮಾಧಿ ಸೋಹಳಾ,ಬಾದಾಮಿ ತಾ. ಯರಗೊಪ್ಪ,ಶ್ರೀ ಬೀರಲಿಂಗೇಶ್ವರ ಕಾರ್ತಿಕ.,,,,,ತ್ರಯೋದಶಿ,26.23,ಸ್ವಾತಿ,13.38,ಶೋಭನ,07.42,ಗರಜ,13.35,ದಕ್ಷಿಣಾಯ,ಸೌರ ಹೇಮಂತ,21,ಕೃಷ್ಣ,ವಶಿಕ,ತುಲಾ,ಸ.,04:30,06:00,,,,ಮ.,5:00,64:30,,,,ಮ.,12:00,01:3,,,,ಬೆ.,10:30,12:00,,,,ಬೆ.,04:10,05:53,,,,ಸೌಮೃತೆ,ಯಶಸ್ಸು,ಅಭಿವೃದ್ದಿ,ಲಾಭ,ಅಭಿವೃದ್ದಿ,ಪ್ರಯತ್ನ,ಯೋಗ,ದಯೆ,ಪ್ರೀತಿ,ಅನುಕೂಲ,ಸ್ನೇಹ,ಯಶಸ್ಸು
07-01-2026,data\2026\01\07-01-2026.jpg,ಪುಷ್ಯ/ಮಾಘ,ವಿಶ್ವಾವಸು,1947,ಧನು/ಮಕರ,06:43,18:08,ುಶಸ್ಸು ನಿಮ್ಮ ಸಂಕಲ್ಪಮತ್ತು ನಿರಂತರ ಪ್ರಯತ್ನದ ಫಲವ,ನವಕಲ್‌ ಶ್ರೀ ಗುರುಶಾಂತೇಶ್ವರಸ್ವಾಮಿ ಜಾತ್ರೆ,ಶಿರೋಳ ತಾ. ನರಗುಂದ ತೋಂಟ ದಾರ್ಯರ ರಥ,ಚನ್ನಪಟ್ಣ ತಾ. ಬೂಕನಬಟೆಟ್ಟದ ರಂಗನಾಥ ರಥ,ಗದಗ ಕೊಟ,ಮಚಗಿ ಉತ್ರವ.,,,,,,,,,ಕಸು,06.53,ಮಘಾ,11.57,ಆಯು,18.34,ಕೌಲವ,18.37,ಉತ್ತರಾಯಣ,ಸೌರ ಶಿಶಿರ,23,ಕೃಷ್ಣ,"ದನಸು,",ಸಿಂಹ,ಮ.,12:00,01:30,,,,ಬೆ.,10:30,12:00,,,,ಬೆ.,07:30,09:00,,,,ಬೆ.,06:00,07:30,,,,ಬೆ.,09:34,11:09,,,,ಭಯ,ಸಂತೋಷ,ಅಬಿವುದಿ,ಕುತೂಹಲಿ,ಆಸಕ್ತಿ,ತೊಂದರೆ,ಪ್ರೋತ್ಸಾಹ,ಒಳ್ಳೆಯದು,ಯಶಸ್ಸು,ಕರುಣೆ,ಯಶಸ್ಸು,ಕೀರ್ತಿ
07-02-2026,data\2026\02\07-02-2026.jpg,,ವಿಶ್ವಾವಸು,1947,ಮಕರ/ ಕುಂಭ,06:44,18:23,'ನಮರಣಗಳ ನಡುವಿನ ದಾರಿಯೇ ಜೀ:,ಶ್ರೀ ಯಲಗೊರೇಶ್ವರ ಕಾರ್ತಿಕೋತ್ಸವ ತಾ.,ಮುದ್ದೇಬಿಹಾಳ,ರಾಮೆಕೃಷ್ಣ ಪರಮಹಂಸ ಸ್ವಾಮಿ,ಆರಾಧನೆ ಲೋಕಾಪುರ,ಗುಡಿಬಂಡೆ ತಾ. ಎಲ್ಲೋಡು,ಶ್ರೀ ಲಕ್ಷ್ಮೀ ಆದಿನಾರಾಯಣ ರಥ.,,,,,,,,ಷಷ್ಠಿ,26.55,ಚಿತ್ರಾ,26.29,ಶೂಲ,23.41,ಗರಜ,14.02,ಉತ್ತರಾಯಣ,ಸೌರ ಶಿಶಿರ,2,ಕೃಷ್ಣ,ಮಕರ,ಕನ್ಯಾ,ಬೆ.,09:00,10:30,,,,ಬೆ.,06:00,07:30,,,,ಮ.,01:30,03:00,,,,ಮ.,12:00,01:30,,,,ಸ.,07:31,09:15,,,,ಪ್ರೀತಿ,ಸೌಮ್ಯತೆ,ಸಂತೋಷ,ರ್ಕ ಅಭಿವೃದ್ದಿ,ಯಶಸ್ಸು,ಪಶ್ಚಾತ್ತಾಪ,ಪರಿಶ್ರಮ,ಸಂತೋಷ,ಸಮಸ್ಥೆ,ಕಂ,ಬಾಬ್‌,ಖರ್ಚು
07-03-2026,data\2026\03\07-03-2026.jpg,ವಿಶ್ವಾವಸು ಪರಾಭವ,ವಿಶ್ವಾವಸು ಪರಾಭವ,1947,ಕುಂಭ/ಮೀನ,06:32,18:29,'ಕಷ್ಟಗಳು ಮನುಷ್ಯನನ್ನು ಬಲಪಡಿಸುತ್ತಃ,ಪರಮಹಂಸ ಯೋಗಾನಂದ ಪು.ದಿ. ಉಳ್ಳಾಲ್ಲು ಲಕ್ಷ್ಮೀ,ನರಸಿಂಹ ಉತ್ಸವ ಜೆಊರ ತಾ.ಇಂಡಿ ಕುಳ್ಳವ್ವಾ ಶ್ರೀ,ವೀಷ್ಣುಮೂರ್ತಿ ಉತ್ಸವ,ಹಾನಗಲ್‌ ತಾ. ಚಿಕ್ಕಾಂಶಿ,ಬಸವಲಿಂಗಪ್ಪಯ್ಯ ಸ್ವಾಮಿ ಪುಣ್ಯತಿಥಿ.,,,,,,,,,ಚತುರ್ಥಿ,19.18,ಚಿತ್ರಾ,11.16,ವೃದ್ಧಿ,06.52,ಕೌರವ,FULL DAY,ಉತ್ತರಾಯಣ,ರ್ಥಿ 19.18,23,ಕೃಷ್ಣ,ಕುಂಭ,ತುಲಾ,ಬೆ.,09:00,10:30,,,,UNKNOWN,06:00,730,,,,ಮ.,01:30,05:00,,,,ಮ.,12:00,01:3,,,,ಬೆ.,04:23,06:06,,,,ಗಮನ,ತೊಂದರೆ,ಸಂತೋಷ,ಶುಭಸಮಾಚಾರ,ಪಶ್ಚಾತ್ತಾಪ,ವಿಳಂಬ,ಲಾಭ,ಅಲೆದಾಟ,ಬುದ್ಧಿವಂತಿಕೆ,ಸಾಲ,ಪ್ರಯತ್ನ,ಅನುಕೂಲ
07-04-2026,data\2026\04\07-04-2026.jpg,ಚೈತ್ರ|ವೈಶಾಖ,ಪರಾಭವ,1948,ಮೀನ/ಮೇಷ,06:12,18:31,"ನಾದಿಯಲ್ಲಿಮುಳ್ಳು ಚೆಲ್ಲಿದವರ, ಹಾದಿಯಲ್ಲಿ ಹೂ",ವಿಶ್ವ ಆರೋಗ್ಯ ದಿನ,ಕನಮಡಿ ವಿಜಾಪುರ ತಾ.,ಶ್ರೀದರೇಪ್ಪದೇವರ ಪಲ್ಲಕ್ಕಿ ಉತ್ಸವ,ಕೂಡಲ,ಸಂಗಮೇಶ್ವರ,ಯಾಳವಾರ ತಾ. ಬಸವನ,ಬಾಗೇವಾಡಿ ಸಂಗಮೇಶ್ವರ ಜಾತ್ರೆಗಳು,,,,,,,ಪಂಚಮಿ,16.35,ಜ್ಯೇಷ್ಠ,29.54,ವ್ಯಕೀಪಾತ,16.16,ಗರಜ,29.49,ಉತ್ತರಾಯಣ,ಸೌರ ವಸಂತ,24,ಕೃಷ್ಣ,ಮೀನ,ವೃಶ್ಚಿಕ,ಮ.,03:00,04:30,,,,ಮ.,12:00,01:30,,,,ಬೆ.,09:00,10:30,,,,ಬೆ.,07:30,09:00,,,,ಬೆ.,08:01,09:46,,,,ಪ್ರೋತ್ಸಾಹ,ಸಮಸ್ಯೆ,ತೊಂದರೆ,ಅನಾರೋಗ್ಯ,ಲಾಭ,ಖರ್ಚು,ಸಂತೋಷ,ಆತಂಕ,ಯಶಸ್ಸು,ಅನುಕೂಲ,ಭಯ,ಪಶ್ಚಾತ್ತಾಪ
07-05-2026,data\2026\05\07-05-2026.jpg,ವೈಶಾಖ|ಅಧಿಕ ಜ್ಯೇಷ್ಠ,ಪರಾಭವ,1948,ಮೇಷ/ವೃಷಭ,05:56,18:25,ಅತಿಯಾದರೆ ಅಮೃತವೂ ವಿಷ,ರವೀಂದ್ರನಾಥ ಠಾಗೋರ್‌ ಜಯಂತಿ,ಮದ್ದೂರು ನೃಸಿಂಹ ರಥ,ಕಶ್ಯಪಖಷಿ,ಜಯಂತಿ,,,,,,,,,,ಪಂಚಮಿ,10.14,ಪೂ.ಷಾ,18.46,ಸಾಧ್ಯ,02.55,ಗರಜ,23.21,ಉತ್ತರಾಯಣ,ಸೌರ ಗ್ರೀಷ್ಮ,24,ಕೃಷ್ಣ,ಮೇಷ,ಧನು,ಮ.,01:30,03:00,,,,ಬೆ.,09:00,1013,,,,ಬೆ.,06:00,07:30,,,,ಮ.,05:06,04:36,,,,ಮ.,01:23,03:11,,,,ಲಾಭ,ಪ್ರೀತಿ,ಒಳ್ಳೆಯದು,ಯಶಸ್ಸು,ಅಭಿವೃದ್ದಿ,ಪ ಆಸಕ್ತಿ,ಸಂತೋಷ,ಸಮಸ್ಯೆ,ಪ್ರತಿರೋಧ,ಆಲೋಚನೆ,ಶ್ರೇಷ್ಠತೆ,ಬಿಶ್ರಾಂತಿ
07-06-2026,data\2026\06\07-06-2026.jpg,ಅ.ಜ್ಯೇಷ್ಠ/ನಿ.ಜ್ಯೇಷ್ಠ,ಪರಾಭವ ನಾಮ,1948,ವೃಷಭ/ಮಿಥುನ,05:52,18:44,ದೊಡ್ಡಹೆಜ್ಜೆಗೆ ಸಣ್ಣಪ್ರಾರಂಭ,ಭಾನುಸಪ್ತಮಿ,ವಿಶ್ವ ಆಹಾರ,ಸುರಕ್ಷತಾ ದಿನ.,,,,,,,,,,,ಸಪ್ತಮಿ,27.25,ಧನಿಷ್ಠಾ,07.56,ವೈಧ್ಯತಿ,10.02,ವಿಷ್ಠಿ,15.6,ಉತ್ತರಾಯಣ,ಸೌರ ಗ್ರೀಷ್ಠ,24,ಕೃಷ್ಣ,ವಷಭ,ಕುಂಭ,ಮ.,04:30,06:00,,,,ಮ.,05:00,04:30,,,,ಮ.,12:00,01:30,,,,ಬೆ.,10:30,12:00,,,,UNKNOWN,,,,,,ಸ್ನೇಹ,ಭಯ,ತಾಳ್ಮೆ,ಅನುಕೊಲ,ಯಶಸ್ಸು,ಒಳ್ಳೆಯದು,ಶಾಂತಿ,ಯೋಗ,ಗೌರವ,ಸೌಮೃತೆ,ಸಾಲ,ಪ್ರತಿರೋಧ
07-07-2026,data\2026\07\07-07-2026.jpg,ನಿಜ ಜ್ಯೇಷ್ಠ/ಆಷಾಢ,ಪರಾಭವ,1948,ಮಿಥುನ/ಕರ್ಕ,05:58,18:50,ಶಿಸೇ ಯಶಸ್ಸಿನ ಗುಟ್ಟು,ಮಿಗಾ ಬುದ್ದಿಶ್ವರ ರಥ,ಶ್ರೀ ಎಚ್ಚರ ಸ್ವಾಮಿಗಳ,ಆರಾಧನೆ ಹೊಳೆಆಲೂರು; ದೇಹಜ ಜಿ.ಪಣೆ ಸಂತ,ತುಕಾರಾಮ ಮಹಾರಾಜ ಪಲ್ಲಕ್ಕಿ ಪ್ರಸ್ಥಾನ,ಹಾವೇರಿ ತಾ.,ನೆಗಳೂರು ಗ್ರಾಮದೇವಿ ಜಾತ್ರೆ.,,,,,,,,ಸಪ್ತಮಿ,13.25,ಉ.ಭಾ,16.24,ಶೋಭನ,14.31,ಬಾಲವ,24.59,ದಕ್ಷಿಣಾಯನ,ಸೌರ ವರ್ಷಾ,23,ಕೃಷ್ಣ,ಮಿಹುನ,ಮೀನ,ಮ.,03:00,04:30,,,,ಮ.,12:00,01:30,,,,ಬೆ.,09:00,10:30,,,,ಬೆ.,07:30,09:00,,,,ಬೆ.,11:33,01:10,,,,ಆಲೋಚನೆ,ಅನುಕೂಲ,ಖರ್ಚು,ಪ್ರತಿರೋಧ,ಪರಿಶ್ರಮ,ಸಂತೋಷ,ಆಸೆ,ಯಶಸ್ಸು,ಲಾಭ,*ಉಡುಗೊರೆ,ಪ್ರೀತಿ,ಶ್ರೇಷ್ಠತೆ
07-08-2026,data\2026\08\07-08-2026.jpg,ಆಷಾಢ|ಶ್ರಾವಣ,ಪರಾಭವ,1948,ಕರ್ಕ/ಸಿಂಹ,06:06,18:44,ಲು ಅಂತ್ಯವಲ್ಲ; ಅದು ಹೊಸ ಪಾಠದ ಆರ,ರಾಷ್ಟ್ರೀಯ ಕೈಮಗ್ಗ ದಿನ,ಅಭಿನವ ರಾಮಾನುಜ,ಬ್ರಹ್ಮತಂತ್ರ ಪರಕಾಲ ಸ್ವಾಮಿ ಆರಾಧನೆ. ಮೇಲುಕೋಟೆ,"ಕೃಷ್ಣರಾಜಮುಡೀ ರಥ"" ಗುರುದೇವ ರವೀಂದ್ರನಾಥ",ಠಾಕೂರ್‌ ಪುಣ್ಯಸ್ಮರಣೆ,,,,,,,,,ನವಮಿ,16.37,ಕೃತ್ತಿಕಾ,18.43,ವೃಡ್ಠಿ,12.11,ವಣಿಜ,27.21,ದಕ್ಷಿಣಾಯನ,ಸೌರ ವರ್ಷಾ,23,ಕೃಷ್ಣ,ಕರ್ಕ,ವೃಷಭ,ಬೆ.,10:30,12:00,,,,ಬೆ.,07:30,09:00,,,,ಮ.,03:00,04:00,,,,ಮ.,01:30,03:00,,,,ಸ.,04:28,05:58,,,,ಗಮನ,ಸ್ನೇಹ,ಒಳ್ಳೆಯ ಕೆಲಸ,ಸ್ಪರ್ಧೆ,ಭಕ್ತಿ,ಕರುಣೆ,ಸಾಲ,ಶುಭ,ಉತ್ಸಾಹ,ಪರಿಶ್ರಮ,ಮರೆವು,ತೊಂದರೆ
07-09-2026,data\2026\09\07-09-2026.jpg,ಶ್ರಾವಣ/ಭಾದ್ರಪದ,ಪರಾಭವ,1948,ಸಿಂಹ/ಕನ್ಯಾ,06:08,18:26,ಹನಲಿ ಶಾಂತಿ ಬೇಕಾದರೆ ಹೋಲಿಕೆ ಬಿಡ!,ಅಜಾ ಏಕಾದಶಿ,ಶಿರಹಟ್ಟಿ ವರವಿ ಮೌನೇಶ್ವರ ಜಾತ್ರೆ,ಮುದ್ದೇಬಿಹಾಳ ಕುಂಟೋಜಿ ಜಾತ್ರೆ,ಅಮರಾಯಿ ಶ್ರೀ,ರಾಮೇಶ್ವರ ಜಾತ್ರೆ,ಮುಲ್ಲಾಪುರ ತಾ. ಬಾಗಲಕೋಟೆ,ಮಲ್ಲಯ್ಯನ ಜಾತ್ರೆ,,,,,,,ಏಕಾದಶಿ,17.05,ಪುರ್ನವಸು,18.14,ಈಸಾಲಥ್ವ,06.41,೫೫%],06.17,ದಕ್ಷಿಣಾಯನ,ಸೌರ ಶರದ,22,ಕೃಷ್ಣ,ಸಿಂಹ,ಮಿಥುನ,ಬೆ.,07:30,09:00,,,,ಮ.,0113,03:00,,,,ಬೆ.,1030,12:00,,,,ಬೆ.,09:00,10:30,,,,ಮ.,03:59,05:29,,,,ತೊಂದರೆ,ನಷ್ಟ,ತಾಳೆ,ಪಶ್ಚಾತ್ತೌಪ,ಪ್ರೋತ್ಸಾಹ,ಭಯ,ಸ್ಟೇಹ,ಪ್ರಯತ್ನ,ಲಾಭ,ಭಯ,ಗಮನ,ಯಶಸ್ಸು
07-10-2026,data\2026\10\07-10-2026.jpg,ಭಾದ್ರಪದ/ಅಶ್ವೀನ,ಪರಾಭವ,1948,ಕನ್ಯಾ/ ತುಲಾ,06:09,18:05,ಇಂದಿನ ನೋವೇ ನಾಳೆಯ ಶಕ್ತಿ,ದ್ವಾದಶಿ,ಸನ್ಯಾಸಿ ಮಹಾಲಯ,ಮಘಾ ಶ್ರಾದ್ದ ;,ಕೂಡ್ಲಿ ಷಷ್ಠ ಭಾರತೀ ಸ್ವಾಮಿ ಆರಾಧನೆ.,,,,,,,,,,ದ್ವಾದಶಿ,23.17,ಮಘಾ 21,04.12,ಶುಭ,26.52,ಕೌಲವ,11.54,ದಕ್ಷಿಣಾಯ,ಸೌರ ಶರದ,21,ಕೃಷ್ಣ,ಕನ್ನಾ,ಸಿಂಹ,ಮ.,12:00,01:30,,,,ಬೆ.,10:30,12:00,,,,ಬೆ.,67:36,05:60,,,,ಬೆ.,06:00,07:30,,,,ಸ.,07:20,08:53,,,,ಆತಂಕ,ಪ್ರೋತ್ಸಾಹ,ಸಾಲ,ಉತ್ಸಾಹ,ವಿಳಂಬ,ಖರ್ಚು,ಪ್ರತಿರೋಧ,ಶಾಂತಿ,ಆಸಕ್ತಿ,ಪ್ರಯಾಣ,ಆಭಿವೃದ್ಧಿ,ಮಚ್ಚುಗ
07-11-2026,data\2026\11\07-11-2026.jpg,ಅಶ್ವೀನ|ಕಾರ್ತಿಕ,ಪರಾಭವ,1948,ತುಲಾ/ವೃಶ್ಚಿಕ,06:15,17:51,ಕೈ ಕೆಸರಾದರೆ ಬಾಯಿ ಮೂಸರು,ಮಾಸ ಶಿವರಾತ್ರಿ,ರಾಷ್ಟ್ರೀಯ ಕ್ಯಾನ್ಸರ್‌ ಜಾಗೃತಿ ದಿನ,ಬ. ಬಾಗೇವಾಡಿ ಕಾಡಸಿದ್ದೇಶ್ವರ ಸಪ್ತಾಹ ಸಮಾಪ್ತಿ,ಎಡತೊರೆ ಶ್ರೀ ಮಾಧವಾನಂದ ಸರಸ್ವತಿ ಆರಾಧನೆ.,ಬಿಪಿನಚಂದ್ರ ಪಾಲ ಜನ್ಮದಿನ,,,,,,,,,ತ್ರಯೋದಶಿ,10.48,ಚಿತ್ರಾ,29.53,ಶ್ರೀತಿ,02.28,ವಿಷ್ಟಿ,23.05,ದಕ್ಷಿಣಾಯನ,ಸೌರ ಹೇಮಂತ,22,ಕೃಷ್ಣ,ತುಲಾ,ಕನ್ಯಾ,ಬೆ.,09:00,10:30,,,,ಬೆ.,06:00,07:30,,,,ಮ.,01:30,03:00,,,,ಮ.,12:60,01:30,,,,UNKNOWN,11:10,12:50,,,,ಪ್ರತಿಭೆ,ಮರವು,ಪ್ರತಿರೋಧ,ಒಳ್ಳೆಯದು,ಯಶಸ್ಸು,ಪ್ರಗತಿ,ಆಸೆ,ಸ್ನೇಹ,ದಾನ,ತೊಂದರೆ,ಸಾಲ,ಉಡುಗೊರೆ
07-12-2026,data\2026\12\07-12-2026.jpg,ಕಾರ್ತಿಕ/ಮಾರ್ಗಶಿರ,ಪರಾಭವ,1948,ವೃಶ್ಚಿಕ/ಧನು,06:29,17:52,ಯಸಿದನ್ನು ಸಾಧಿಸುವ ಛಲ ನಿನ್ನಲಿರ,ಸೇನಾಪಡೆಗಳ ಧ್ವಜ ದಿನ,ಶಂಕರ ನಾರಾಯಣ ಲಕ್ಷಬಿಲ್ವಾರ್ಚನೆ,ಯೋಗಿ ಮಹಾ ಪು.ತಿ. ಕಾಖಂಡಕಿ,ಮುಂಡರಗಿ ತಾ.,ತಿಂಗಟಾಲೂರ ಶ್ರೀ ವೀರಭದ್ರೇಶ್ವರ ಕಾರ್ತಿಕ,ಶ್ರೀ,ಪದ್ಮನಾಭತೀರ್ಥರ ಆರಾಧನೆ ನವವೃಂದಾವನ.,,,,,,,ಚತುರ್ದಶಿ,28.13,ವಿಶಾಖಾ,15.48,ಅತಿಗಂಡ,07.47,ಪಿಷ್ಟ,15.13,ದಕ್ಷಿಣಾಯ,ರ್ದಶಿ 28.13,22,ಕೃಷ್ಣ,ವಶಿಕ,ತುಲಾ,ಬೆ.,07:30,09:00,,,,ಮ.,0113,03:00,,,,ಬೆ.,10:30,12:00,,,,ಬೆ.,09:00,10:30,,,,ಬೆ.,06:12,07:57,,,,ವಿಭಾಗ,ಖರ್ಚು,ಶಾಂತಿ,ಆಲೋಚನೆ,ಮೆಚ್ಚುಗೆ,ಅನುಕೂಲ,ಪರೀಕ್ಷೆ,ಅಭಿವೃದ್ದಿ,ಸಾಧನೆ,ದುರಾಸೆ,ತೊಂದರೆ,ಸೌಮ್ಯತೆ
08-01-2026,data\2026\01\08-01-2026.jpg,ಪುಷ್ಯ/ಮಾಘ,ವಿಶ್ವಾವಸು,1947,ಧನು/ಮಕರ,06:44,18:08,ಷ್ಠ ಕಾರ್ಯಗಳಿಂದ ಶ್ರೇಷನಾಗುತ್ತಾನೆ ವಿನಃ ಹುಟ,ಶ್ರೀ ನೃಸಿಂಹ ಭಾರತಿಸ್ಯಾಮಿ ಚರಣಃ ಊದಗಟ್ಟಿ ಸತ್ಯ,ಕಾಮತೀರ್ಥರೆ ಪು.ತಿ. ಆತಕೂರು,ಹಗರಿಬೊಮ್ಮನಹಳ್ಳಿ ತಾ. ಮೋರಿಗೇರಿ ಶ್ರೀ,ಮೂಲಕಲೇಶ.್ಗರ ರಹ.,,,,,,,,,,ಷಷ್ಠಿ,FULL DAY,ಪೂರ್ವಾ,12.25,ಸೌಭಾಗ್ಯ,17.21,ಗರಜ,18.44,ಉತ್ತರಾಯಣ,ಸೌರ ಶಿಶಿರ,24,ಕೃಷ್ಣ,"ದನಸು,",18.39,ಮ.,01:30,03:00,,,,ಬೆ.,09:00,10:30,,,,ಬೆ.,06:00,07:30,,,,ಮ.,03:00,04:3,,,,ಬೆ.,05:53,07:31,,,,ಉತ್ಸಾಹ,ಸ್ಫರ್ಧೆ,ಸೌಮ್ಯತೆ,ವಿಶ್ರಾರತಿ,ಲಾಭ,ಸ್ನೇಹ,ನಷ್ಟ,ಖರ್ಚು,ಆತಂಕ,ಗೌರವ,ಪ್ರತಿರೋಧ,ಭಯ
08-02-2026,data\2026\02\08-02-2026.jpg,,ವಿಶ್ವಾವಸು,1947,ಮಕರ/ ಕುಂಭ,06:44,18:23,ಕಾನವೆಂಬ ಖಜಾನೆಗೆ ಅಭ್ಧಾಸವೇ ಕೀಲಿ,ಚಿಕ್ಕವಂಕುಲಕುಂಟಾ ಆಂಜನೇಯಸ್ವಾಮಿ ರಥ,ಹಾನಗಲ ಕುಮಾರ ಸ್ವಾಮಿ ಪುಣ್ಯ ತಿಥಿ,ಗಜಾನನ,ಮಹಾರಾಜ ಪ್ರಕಟದಿನ ಶೇಗಾಂವ,ಬೈರಾಪೂರ,ತಾ.ಹುಕ್ಕೇರಿ ಭೈರವನಾಥ ಜಾತ್ರೆ.,,,,,,,,ಸಪ್ತಮಿ,29.02,ಸ್ವಾತಿ 29,00.03,ಗಂಡ,24.08,ವಿಷ್ಟಿ,15.55,ಉತ್ತರಾಯಣ,ಸೌರ ಶಿಶಿರ,26,ಕೃಷ್ಣ,ಮಕರ,ತುಲಾ,ಮ.,04:30,06:00,,,,ಮ.,03:00,04:30,,,,ಮ.,12:00,01:30,,,,ಬೆ.,10:30,12:00,,,,ಸ.,07:18,09:04,,,,ಶಾಂತಿ,ಅಭಿವೃದ್ಧಿ,ಫಯತ್ತ,ರ್ಕು ಕೀರ್ತಿ,ಅನುಕೂಲ,ಗೌರವ,ಕೀರ್ತಿ,ಅಭಿವೃದ್ದಿ,ಲಾಭ,ಜಕ್ಬಿ ್ಪಂ,* ಬುದಿಮತಿಕೆ,ಶ್ರೆತೆ
08-03-2026,data\2026\03\08-03-2026.jpg,ವಿಶ್ವಾವಸು ಪರಾಭವ,ವಿಶ್ವಾವಸು ಪರಾಭವ,1947,ಕುಂಭ/ಮೀನ,06:31,18:29,ಹ್ರತಿ ಅಂತ್ಯವೂ ಹೊಸ ಆರಂಭದ ಬುನಾ,ಕಲಬುರ್ಗಿ ಶರಣ ಬಸವೇಶ್ವರ ರಥ,ಹೆಗ್ಗಣ ದಡ್ಡಿಹಾಳ,ಶಿವಯೊಗೇಶ್ವರ ಸಪ್ತಾಹ,ಸೌದತ್ತಿ ತಾ. ರಾಯಬಾಹ ಶ್ರೀ,ಸುಗಂಧಾದೇವಿ ಜಾತ್ರೆ,ರಂಗ ಪರಿಚಮಿ ಶ್ರೀ ಜಯಂತಿ,ಮಹಿಳಾ ದಿನಾಚರಣೆ.,,,,,,,ಪಂಚಮಿ,21.12,ಸ್ವಾತಿ,13.32,ಥ್ರುವ 6.6%,07.04,ಕೌಲವ,08.11,ಉತ್ತರಾಯಣ,ಸೌರ ವಸಂತ,24,ಕೃಷ್ಣ,ಕುಂಭ,ತುಲಾ,ಮ.,09:00,10:30,,,,ಮ.,03:00,04:30,,,,ಮ.,12:00,01:30,,,,ಬೆ.,10:00,12:00,,,,ಬೆ.,08:33,09:58,,,,ಭಕ್ತಿ,ಅನಾರೋಗ್ಯ,ಅನುಕೂಲ,ಪ್ರಾಮಾಣಿಕತೆ,ಶ್ರೇಷ್ಠತೆ,ಪ್ರತಿರೋಧ,ಅಲೆದಾಟ,ಸಂತೋಷ,ಯೋಗ,ಜೀವನ,ಪ್ರೋತ್ಸಾಹ,ಪ್ರೀತಿ
08-04-2026,data\2026\04\08-04-2026.jpg,ಚೈತ್ರ|ವೈಶಾಖ,ಪರಾಭವ,1948,ಮೀನ/ಮೇಷ,06:11,18:31,ನ್ನೋ ಮೆಚ್ಚಿಸುವ ಭರದಲ್ಲಿ ನಮವರನ್ನು ನಿರ್ಲಕ್ಷೀಸ,ಬಂಕಿಮಚಂದ್ರ ಚಟರ್ಜಿ ಪುಣ್ಯಸ್ಮರಣೆ,ಇಂಡಿ,ತಾಲೂಕು ಹರೇಹಾಗಿ ಶ್ರೀ ಗಿರಿಜಾ ಮಾತಾಜಿ ಪುಣ್ಯ,ತಿಥಿ,ಆಕೋಳ ಸೈಯದಬಾಬಾ ಜಾತ್ರೆ,ಮೌಲಾ,ಮಾಸ್ತರ ಉರುಸು ತಾರಾಣಾಳ ತಾ. ಮುದ್ದೇಬಿಹಾಳ.,,,,,,,ಷಷ್ಠಿ,19.0,ಮೂಲಾ,FULL DAY,ವರೀಯಾನ,17.10,_ ವಿಷ್ಟಿ,FULL DAY,ಉತ್ತರಾಯಣ,ಸೌರ ವಸಂತ,25,ಕೃಷ್ಣ,ಮೀನ,ಧನು,ಮ.,12:00,01:30,,,,ಬೆ.,10:30,12:00,,,,ಬೆ.,07:30,09:00,,,,ಬೆ.,06:00,07:30,,,,UNKNOWN,,,,,,ಸಂಪತ್ತು,ಪ್ರಯತ್ನ,ವಿಶ್ರಾಂತಿ,ಶ್ರೇಷ್ಠತೆ,ಅನಾರೋಗ್ಯ,ಯೋಗ,ಕೀರ್ತಿ,ಸ್ನೇಹ,ಸ್ಪರ್ಧೆ,ತೊಂದರೆ,ಸಾಲ,ಯಶಸ್ಸು
08-05-2026,data\2026\05\08-05-2026.jpg,ವೈಶಾಖ|ಅಧಿಕ ಜ್ಯೇಷ್ಠ,ಪರಾಭವ,1948,ಮೇಷ/ವೃಷಭ,05:56,18:36,"'ವನು ಓದಬೇಕು, ತಿಳಿಯದವನು ಕಲಿಯಬೇ",ವಿಶ್ವ ರೆಡ್‌ ಕ್ರಾಸ್‌ ದಿನ,ವಿ.ದಾ ಸಾವರಕರ ಜಯಂತಿ,(ತಿಥಿಗನುಸಾರ),ಸರಗೂರು ಚೌಡೇಶ್ವರಿ ರಥ,ನಾಚ್ಚಿಯಾರನಲ್ಲಿ,ಯದುಗಿರಿಯಲ್ಲಿ ವಸಂತೋತ್ಸವ,ತುಂಬುರರ ಜಯಂತಿ,ಯಡೇಯೂರು ಶಕ್ತಿ ಗಣಪತಿ ಜಯಂತಿ,,,,,,ಷಷ್ಠಿ,01.22,ಉ.ಷಾ,21.20,ಶುಭ,26.30,ಏಿಷ್ಟಿ,25.17,ಉತ್ತರಾಯಣ,ಸೌರ ಗ್ರೀಷ್ಮ,25,ಕೃಷ್ಣ,ಮೇಷ,ಮಕರ,ಬೆ.,10:30,12:00,,,,ಬೆ.,07:30,09:00,,,,ಮ.,05:00,04:30,,,,ಮ.,01:30,03:00,,,,ಮ.,02:15,04:01,,,,ಸಂಪತ್ತು,ಪ್ರಯತ್ನ,ಯಶಸ್ಸು,ವಿಶ್ರಾಂತಿ,ಅನಾರೋಗ್ಯ,ಯೋಗ,ಕೀರ್ತಿ,ಸ್ನೇಹ,ಸ್ಪರ್ಧೆ,ಸಾಲ,ಒಳ್ಳೆಯ ಸುದ್ದಿ,ಯಶಸ್ಸು
08-06-2026,data\2026\06\08-06-2026.jpg,ಅ.ಜ್ಯೇಷ್ಠ/ನಿ.ಜ್ಯೇಷ್ಠ,ಪರಾಭವ ನಾಮ,1948,ವೃಷಭ/ಮಿಥುನ,05:52,18:44,"ಕನಸು ಕಾಣು, ನನಸು ಮಾಡು",ದುರ್ಗಾಷ್ಟಮಿ,ಮಹದೇವಪ್ಪ ಮೈಲಾರ್‌,ಜಯಂತಿ,ವಿಶ್ವ ಸಾಗರ ದಿನ,ಮೃಗಶಿರ,ಮಳೆ ಪ್ರವೇಶ.,,,,,,,,ಅಷ್ಟಮಿ,27.24,ಶತಭಿಷಾ,09.10,ವಿಷ್ಕಂಭ,09.2,ಬಾಲವ,15.30,ಉತ್ತರಾಯಣ,ಸೌರ ಗ್ರೀಷ್ಠ,25,ಕೃಷ್ಣ,ವಷಭ,ಕುಂಭ,ಬೆ.,07:30,09:00,,,,ಮ.,0113,03:00,,,,ಬೆ.,10:30,12:00,,,,ಬೆ.,09:00,10:30,,,,UNKNOWN,,,,,,ವಿಳಂಬ,ಲಾಭ,ಆಲೋಚನೆ,ಪರಿಶ್ರಮ,ಸಹಾಯ,ದುರಾಸೆ,ಪ್ರಯಾಣ,ಜುದ್ದಿವಂತಿಕೆ,ಸಂತೋಷ,ನಿರಾಶೆ,ಸಾಧನೆ,ಅಭಿವೃದ್ಧಿ
08-07-2026,data\2026\07\08-07-2026.jpg,ನಿಜ ಜ್ಯೇಷ್ಠ/ಆಷಾಢ,ಪರಾಭವ,1948,ಮಿಥುನ/ಕರ್ಕ,05:59,18:50,ಸುವ ಛಲವಿದರೆ ಹಾದಿ ತಾನೇ ಕಾಣು,ಆಳಂದಿ ಜಿ.ಪೂಣೆ ಸಂತ ಜ್ಞಾನೇಶ್ವರ ಮಾಲಿ ಪಲ್ಹಕ್ಕಿ,ಪ್ರಸ್ಥಾನ,ಲಿಂಗಾಬುದಿಶ್ವರ ರಥ,ಗದಗ ಜಿ. ಹರ್ಲಾಪುರ,ಶ್ರೀಗುರು ಕೊಟ್ಟೂರೇಶ್ವರ ರಥ,ಮಲ್ದ್ಹಾರಿ ದಿಕ್ಷೀತರ,ಪುಣ್ಯದಿನ.,,,,,,,ಅಷ್ಟಮಿ,12.22,ರೇವತಿ,16.00,ಅತಿಗಂಡ,12.38,ತೈತಿಲ,23.35,ದಕ್ಷಿಣಾಯನ,ಸೌರ ವರ್ಷಾ,24,ಕೃಷ್ಣ,ಮಿಹುನ,ಮೀನ,ಮ.,12:00,01:30,,,,ಬೆ.,10:30,12:00,,,,ಬೆ.,07:30,09:00,,,,ಬೆ.,06:00,07:30,,,,ಮ.,01:38,03:13,,,,ಯಶಸ್ತ್ಸು,ಚಿಂತೆ,ಕೀರ್ತಿ,ಭಯ,ಸಾಲ,ಒಳ್ಳೆಯದು,ಉತ್ಸಾಹ,ಕುತೂಹಲ,ಅಭಿವೃದ್ದಿ,*ಪತಿರೋಧ,ಸ್ಪರ್ಧೆ,ಭಕ್ತಿ
08-08-2026,data\2026\08\08-08-2026.jpg,ಆಷಾಢ|ಶ್ರಾವಣ,ಪರಾಭವ,1948,ಕರ್ಕ/ಸಿಂಹ,06:06,18:44,ಇಂದಿನ ಕಷ್ಟವೇ ನಾಳೆಯ ಶಕ್ತಿ,2ನೇ ಶನಿವಾರ. ವಿಶ್ವ ಬೆಕ್ಕು ದಿನ,ಕ್ವಿಟ್‌ ಇಂಡಿಯಾ ಚಳುವಳಿ ದಿನ,,,,,,,,,,,,ದಶಮಿ,14.00,ರೋಹಿಣಿ,16.51,ನಜ,09.02,ಬವ,24.34,ದಕ್ಷಿಣಾಯನ,ಸೌರ ವರ್ಷಾ,24,ಕೃಷ್ಣ,ಕರ್ಕ,ವೃಷಭ,ಬೆ.,09:00,10:30,,,,ಬೆ.,06:00,07:30,,,,ಮ.,01:30,03:00,,,,ಮ.,12:00,01:30,,,,ಮ.,01:54,03:22,,,,ಆಸಕ್ತಿ,ವಿನಯ,ದಯೆ,ಖರ್ಚು,ಅನುಕೂಲ,ಒಳ್ಳೆಯದು,ಗೌರವ,ಸಾಲ,ಕೋಪ,ಆಲೋಚನೆ,ಸೌಮ್ಯತೆ,ಶಾಂತಿ
08-09-2026,data\2026\09\08-09-2026.jpg,ಶ್ರಾವಣ/ಭಾದ್ರಪದ,ಪರಾಭವ,1948,ಸಿಂಹ/ಕನ್ಯಾ,06:08,18:25,"ವು ಬದುಕಿನ ಭಾಗ, ಆದರೆ ನಿಲುವುದು «",ಮಂಗಳ ಗೌರಿ ಪೂಜೆ,ಸಾಕ್ಷರತಾ ದಿನಾಚರಣೆ,ಮುಪ್ಪಿನ,ಕಾಡಸಿದ್ದೇಶ್ವರ ಜಾತ್ರೆ ಬಿಜಾಪುರ,ಚಿಕ್ಕಮುನವಳ್ಳಿ ಸಿದ್ಧಾರೂಡ,ಜಲ ರಥೋತ್ಸವ,ಕೇಡಗಾವ ಶ್ರೀ ಅಷ್ಟನಾರಾಯಣಸ್ವಾಮಿ,ಉತ್ಸವ,ಸಂತ ಸೇನಾ ಮಹಾರಾಹ ಪುಣ್ಯತಿಥಿ.,,,,,ದ್ವಾದಶಿ,14.43,ಪುಷ್ಯ,16.40,ಪರಿಘ,24.41,ಗರಜ,25.36,ದಕ್ಷಿಣಾಯನ,ಸೌರ ಶರದ,23,ಕೃಷ್ಣ,ಸಿಂಹ,ಕರ್ಕ,ಮ.,03:00,04:30,,,,ಮ.,12:00,01:30,,,,ಬೆ.,09:00,10:30,,,,ಬೆ.,07:30,09:00,,,,ಬೆ.,10:40,12:10,,,,ಭಕ್ತಿ,ಲಾಭ,ಸಂತೋಷ,ಯೋಗ,ಆಸಕ್ತಿ,ಭಯ,ಸಂತೋಷ,ಖರ್ಚು,ಅನುಕೂಲ,ತಾಳೆ,ಲಾಭ್‌,ಚಿಂತೆ
08-10-2026,data\2026\10\08-10-2026.jpg,ಭಾದ್ರಪದ/ಅಶ್ವೀನ,ಪರಾಭವ,1948,ಕನ್ಯಾ/ ತುಲಾ,06:09,18:05,"ವನದಲ್ಲಿ ತಡವಾಯಿತು ಅನ್ನೋದೇ ಇಲ್ಲ, ಪ್ರಯತ್ನಬಿಡುವ",ತ್ರಯೋದಶಿ ಮಹಾಲಯ,ಪ್ರದೋಷ,ಮಾಸ ಶಿವರಾತ್ರಿ,ಭಾ.,ವಾಯುಸೇನಾ ದಿನಾಚರಣೆ,ಶಿರಿಗೆರೆ ಮಠ ಶಿವಕುಮಾರ,ಶಿವಾಚಾರ್ಯ ನಿಜೈಕ್ಯ ದಿನ,ಕಲಿ ಯುಗಾದಿ,ಹರಿಹರ ಶ್ರೀ,ಪಂ. ಅಭಿನವ ಶಿವಾನಂದ ತೀರ್ಥರ ಆರಾಧನೆ.,,,,ತ್ರಯೋದಶಿ,22.16,ಪೂರ್ವಾ,21.20,ಶುಕ್ಷ,24.58,ಗರಜ,10.44,ದಕ್ಷಿಣಾಯನ,ಸೌರ ಶರದ,22,ಕೃಷ್ಣ,ಕನ್ನಾ,ಸಿಂಹ,ಮ.,01:30,03:00,,,,ಬೆ.,9:00,10:30,,,,ಬೆ.,06:00,07:30,,,,ಮ.,03:06,5:31,,,,ಮ.,03:01,04:36,,,,ಸಮಸ್ಥೆ,ಉತ್ಸಾಹ,ಪ್ರತಿರೋಧ,ತೊಂದರೆ,ಅನುಕೂಲ,ಸಾಲ,ಆಸಕ್ತಿ,ಆಯಾಸ,ಸಂಪತ್ತು,ಪ್ರಗತಿ,_ ಸ್ನೇಹ,ಸಂತೋಷ
08-11-2026,data\2026\11\08-11-2026.jpg,ಅಶ್ವೀನ|ಕಾರ್ತಿಕ,ಪರಾಭವ,1948,ತುಲಾ/ವೃಶ್ಚಿಕ,06:15,17:51,"ಮನಸಿದ್ದರೆ ಮಾರ್ಗ
ಎ",ದೀಪಾವಳಿ,ನರಕ ಚತುರ್ದಶಿ,ಅಭ್ಯಂಗ ಸ್ನಾನ,ಲಕ್ಷ್ಮೀ,ಕುಬೇರ ಪೂಜೆ. ಕೇದಾರಗೌರಿ ವ್ರತ. ಅನ್ವಾಧಾನ. ಭ.,ಮಾಹಾವೀರ ನಿರ್ವಾಣ ದಿನ,,,,,,,,ಚತುರ್ದಶಿ,11.28,ಸ್ವಾತಿ,FULL DAY,ಆಯುಷ್ಕಾನ,27.8,ಚೆತುಷ್ಟಾದ,23.57,ದಕ್ಷಿಣಾಯನ,ರ್ದಶಿ 11.28,23,ಕೃಷ್ಣ,ತುಲಾ,ತುಲಾ,ಸ.,04:30,06:00,,,,ಮ.,05:00,04:30,,,,ಮ.,12:00,01:30,,,,ಬೆ.,1013,12:00,,,,ರಾ.,10:02,11:44,,,,ಆನಂದ,ಖರ್ಚು,ಸಂತೋಷ,ಪ್ರೋತ್ಸಾಹ,ಪ್ರೀತಿ,ಸಮಸ್ಯ,ಶಾಂತಿ,ಅನುಕೂಲ,ಆಸೆ,ಭಯ,ತಾಳ್ಮೆ,ಸಾಲ
08-12-2026,data\2026\12\08-12-2026.jpg,ಕಾರ್ತಿಕ/ಮಾರ್ಗಶಿರ,ಪರಾಭವ,1948,ವೃಶ್ಚಿಕ/ಧನು,06:29,17:53,"`ವೊಂದಿದರೆ ಸಾಕು, ಜಗತ್ತನ್ನೇ ಗೆಲ್ಲಬ",ಛಟ್ಟಿ ಅಮಾವಾಸ್ಯೆ,ಚಿಕ್ಕೋಡಿ ಚಿನ್ಮಯ ಸ್ವಾಮಿ ಪು.ತಿ,ಅರಕೇರಿ,ಆಮೋಘ ಸಿದ್ದೇಶ್ವರ ಜಾತ್ರೆ,ಶಿಲ್ತಿಭಾಂವಿ ತಾ. ಗೋಕಾಕ ಶ್ರೀ,ಮಾರುತಿ ಕಾರ್ತಿಕೋತ್ಸವ,ನೀಲಕೋಡವನ ದುರ್ಗಾ,ವಾರಿಗಳಲ್ಲಿ,ದೀಪೋತ್ಸವಗಳು,ಗುಡ್ಡಾಪೂರ ತಾ.ಜತ ಶ್ರೀ ದಾನಮ್ಮಾದೇವಿ ಜಾತ್ರೆ.,,,,ಅಮಾವಾಸ್ಯೆ,30.22,ಅನುರಾಧಾ,18.16,ಸುಕರ್ಮಾ,08.07,ಚತುಷ್ಪಾದ,17.15,ದಕ್ಷಿಣಾಯ,ಸೌರ ಹೇಮಂತ,23,ಕೃಷ್ಣ,ವಶಿಕ,ವೃಶ್ಚಿಕ,ಮ.,03:00,04:30,,,,ಮ.,12:00,01:30,,,,ಬೆ.,09:00,10:30,,,,ಬೆ.,07:30,09:00,,,,ಬೆ.,06:48,08:34,,,,ಆಸೆ,ಯಶಸ್ಸು,ಯಶಸ್ಸು,ಸೌಮ್ಯತೆ,ಶುಭಸಮಾಚಾರ,ಶಾಂತಿ,ಉಡುಗೊರೆ,ಪ್ರಯತ್ನ,ಮೆಚ್ಚುಗೆ,ಆಸಕ್ತ,ಸಹಾಯ,ಭಕ್ತಿ
09-01-2026,data\2026\01\09-01-2026.jpg,ಪುಷ್ಯ/ಮಾಘ,ವಿಶ್ವಾವಸು,1947,ಧನು/ಮಕರ,06:44,18:09,ಮಾತು ಬೆಳಿ ಮೌನ ಬಂಗಾರ,ಬಸವಾಪಟ್ಟಣ ಶ್ರೀ ಹಾಲಸ್ವಾಮಿಮಠ ಶ್ರೀ,ಸಿದ್ದಪ್ಪಯ್ಯಸ್ವಾಮಿ ಪು.ತಿ. ಉತ್ತರಾಧಿಮಠ,ಮಹಾಸಮಾರಂಭಾರಾಧನೆ,ಗದಗ ತಾ.,ಕೋಟುಮಚಗಿ ಹ. ಜಿಂದೇಶಾವಲಿ ಉರುಸು.,,,,,,,,,ಷಷ್ಟಿ,07.06,ಉತ್ತರಾ 13,04.17,ಶೋಭನ,16.56,ವಿಷ್ಟಿ,19.40,ಉತ್ತರಾಯಣ,ಸೌರ ಶಿಶಿರ,25,ಕೃಷ್ಣ,"ದನಸು,",ಕನ್ನಾ,ಬೆ.,10:30,12:00,,,,ಬೆ.,07:30,09:00,,,,ಮ.,03:00,04:3,,,,ಮ.,01:30,03:0,,,,ಬೆ.,06:06,07:47,,,,ಯಶಸ್ಸು,ಯಶಸ್ಸು,ಅಬಿವುದಿ,ಸಾಲ,ಮರೆವು,ಸಹಾಯ,ಲಾಭ,ಗೌರವ,ಅನುಕೂಲ,ಒಳ್ಳೆಯದು,ಅಸೂಯೆ,ಪ್ರೋತ್ಸಾಹ
09-02-2026,data\2026\02\09-02-2026.jpg,,ವಿಶ್ವಾವಸು,1947,ಮಕರ/ ಕುಂಭ,06:44,18:23,ವುದು ಸಾಧು ಸ್ವಭಾವದಲ್ಲಿ ಹಾಗೂ ಚಾರಿತ್ರ ಶು!,ರಾಯಾಪೂರ ಜಿ.ಧಾರವಾಡ ಸದಾನಂದ ಮಹಾರಾಜ,ಪುಣ್ಯ ತಿಥಿ,ಹುಷರಿ ಮತ್ತು ಮಾದ್ಯಾಳ ತಾ. ಕಾಗಲ ಶ್ರೀ,ಅಂಬಾಬಾ ಈ ಜಾತ್ರೆ,ಕಾಲಾಷ್ಟಮಿ,ಅಷ್ಟಕಾ ಶ್ರಾದ್ದ,ಶ್ರೀ ವಿಶ್ವನಾಥ ರಥ.,,,,,,,ಅಷ್ಟಮಿ,FULL DAY,ವಿಶಾಖಾ,FULL DAY,ವೃಶ್ಠಿ,04.32,ಬಾಲವ,18.13,ಉತ್ತರಾಯಣ,ಸೌರ ಶಿಶಿರ,27,ಕೃಷ್ಣ,ಮಕರ,ತುಲಾ,ಬೆ.,07:30,09:00,,,,ಮ.,01:30,03:00,,,,ಬೆ.,10:30,12:00,,,,ಬೆ.,09:00,10:30,,,,ಸ.,10:04,11:51,,,,ಸರ್ಧೆ,ಸೌಮ್ಯತೆ,ಸಾಲ,ಅನಾರೋಗ್ಯ,ಗಮನ,ಯಶಸ್ಸು,ಸಹಾಯ,ಸಂತೋಷ,ಒಳ್ಳೆಯ ಕೆಲಸ,ಘೋತಾಕಹ,ಸಮಸ್ಯೆಗೆ,ಪ್ರೀತಿ
09-03-2026,data\2026\03\09-03-2026.jpg,ವಿಶ್ವಾವಸು ಪರಾಭವ,ವಿಶ್ವಾವಸು ಪರಾಭವ,1947,ಕುಂಭ/ಮೀನ,06:31,18:29,'ಒಂಟಿತನವು ಕೆಲವೊಮ್ಮೆಉತ್ತಮ ಗುರ,ಶ್ರೀ ಏಕನಾಥ ಷಯ ಶ್ರೀ ಕೃಷ್ಣಾನಂದಸ್ವಾಮಿ ಚರಣಾಃ,ಧಾರವಾಡ,ಭದ್ರಾವತಿ ತಾ. ಸುಣ್ಣದೆಹಳ್ಳಿ ಶ್ರೀ,ವೀರಾಂಜನೇಯ ರಥ,ಬೆವನೂರ ತಾ. ಜತ ಮ್ಹಸೋಬಾ,ಜಾತ್ರೆ.,,,,,,,,ಷಷ್ಠಿ,23.28,ವಿಶಾಖಾ,16.12,ವ್ಯಾಘಾತ,07.36,ಗರಜ,10.17,ಉತ್ತರಾಯಣ,ಸೌರ ವಸಂತ,25,ಕೃಷ್ಣ,ಕುಂಭ,ತುಲಾ,ಬೆ.,07:30,09:00,,,,ಮ.,01:30,03:00,,,,ಬೆ.,10:30,12:00,,,,ಬೆ.,09:00,10:30,,,,ಬೆ.,06:25,08:11,,,,ಒಳ್ಳೆಯ ಕೆಲಸ,ಲಾಭ,ಯಶಸ್ಸು,ಪ್ರತಿಭೆ,ಕುತೂಹಲ,ಯಶಸ್ಸು,ಆನಂದ,ತಾಳ್ಮೆ,ಮರೆವು,ಸಂತೋಷ,ಕೀರ್ತಿ,ಪ್ರಯತ್ನ
09-04-2026,data\2026\04\09-04-2026.jpg,ಚೈತ್ರ|ವೈಶಾಖ,ಪರಾಭವ,1948,ಮೀನ/ಮೇಷ,06:11,18:31,ನಿಮ್ಮ ಮೇಲೆ ನಿಮಗೆ ನಂಬಿಕೆಯಿದ್ದರೆ ಎಲ್ಲವೂ ಸಾ!,ಕಲೇದೇವಪುರ,ಕಲ್ಮೇಶ್ವರ,ಕೋಣಕುಂಟಲು,ಚಿಂತಾಮಣಿ,ಹುಲಿಕಲ್ಲು,ಮುದ್ದೂರ ನರಸಿಂಹ,ಚಿಂತಾಮಣಿ ತಾ. ಅಟ್ಟೂರು ಲಕ್ಷ್ಮೀನರಸಿಂಹ ರಥ,ಅಕೋಳ ತಾ. ನಿಪಾಣಿ ಭೈರವನಾಥ ಜಾತ್ರೆ ಆರಂಭ,,,,,,ಸಪ್ತಮಿ,21.20,ಮೂಲಾ,08.49,ಪರಿಘ,17.58,ವಿಷ್ಟಿ,6.13,ಉತ್ತರಾಯಣ,ಸೌರ ವಸಂತ,26,ಕೃಷ್ಣ,ಮೀನ,ಧನು,ಮ.,01:30,03:00,,,,ಬೆ.,09:00,10:30,,,,ಬೆ.,06:00,07:30,,,,ಮ.,03:00,04:3,,,,ಮ.,01:38,03:25,,,,ಲಾಭ,ಪ್ರೀತಿ,ಒಳ್ಳೆಯದು,ಯಶಸ್ಸು,ಅಭಿವೃದ್ಧಿ,ಪ ಆಸಕ್ತಿ,ಸಂತೋಷ,ಸಮಸ್ಯೆ,ಪ್ರತಿರೋಧ,ಆಲೋಚನೆ,ಶ್ರೇಷ್ಠತೆ,ವಿಶ್ರಾಂತಿ
09-05-2026,data\2026\05\09-05-2026.jpg,ವೈಶಾಖ|ಅಧಿಕ ಜ್ಯೇಷ್ಠ,ಪರಾಭವ,1948,ಮೇಷ/ವೃಷಭ,05:56,18:36,"'ವನು ಓದಬೇಕು, ತಿಳಿಯದವನು ಕಲಿಯಬೇ",2ನೇ ಶನಿವಾರ,ಮಹಾರಾಣ ಪ್ರತಾಪ,ಜಯಂತಿ,ಲಿಂಗಸೂರು ತಾ. ಅಂಕಲಿಮಠ,ನಿರುಪಾಧಿ ರಥ,ಹುಲಿಗೆಮ್ಮನ ಜಾತ್ರೆ,ಹುಲಿಗೆ ತಾ. ಮುನಿರಾಬಾದ,,,,,,,ಸಪ್ತಮಿ,14.03,ಶ್ರವಣ,23.25,ಶುಕ್ಲ,26.36,ಬಾಲವ,26.40,ಉತ್ತರಾಯಣ,ಸೌರ ಗ್ರೀಷ್ಮ,26,ಕೃಷ್ಣ,ಮೇಷ,ಮಕರ,ಬೆ.,09:00,10:30,,,,ಬೆ.,06:00,07:30,,,,ಮ.,01:30,05:00,,,,ಮ.,12:00,01:30,,,,ಮ.,12:06,01:51,,,,ಭಕ್ತಿ,ಭಯ,ಉಡುಗೊರೆ,ಯಶಸ್ಸು,ಕರುಣೆ,ಗೌರವ,ಲಾಭ,ಶಾಂತಿ,ಗಮನ,ಸಂತೋಷ,* ಆಸಕ್ತಿ,ನಷ್ಟ
09-06-2026,data\2026\06\09-06-2026.jpg,ಅ.ಜ್ಯೇಷ್ಠ/ನಿ.ಜ್ಯೇಷ್ಠ,ಪರಾಭವ ನಾಮ,1948,ವೃಷಭ/ಮಿಥುನ,05:52,18:45,ಮಾತುಗಳಿಗಿಂತ ಮೌನವೇ ಶಕ್ತಿ,3. 1(|ಯ।!,,,,,,,,,,,,,ನವಮಿ,26.35,ಪೂ.ಭಾ,09.40,ಶ್ರೀತಿ,08.15,ತೈತಿಲ,15.06,ಉತ್ತರಾಯಣ,ಸೌರ ಗ್ರೀಷ್ಠ,26,ಕೃಷ್ಣ,ವಷಭ,ಮೀನ,ಮ.,03:00,04:30,,,,ಮ.,12:00,01:30,,,,ಬೆ.,09:00,10:30,,,,ಬೆ.,07:30,09:00,,,,ಬೆ.,01:29,03:07,,,,ಖರ್ಚು,ಪ್ರಯತ್ನ,ಕೀರ್ತಿ,ಅಲೆದಾಟ,ಗೊಂದಲ,ಕೋಪ,ಉಡುಗೊರೆ,ಅಲೋಚನೆ,ಗಮನ,ಪ್ರಗತಿ,ಭಕ್ತಿ,ವಿಶ್ರಾಂತಿ
09-07-2026,data\2026\07\09-07-2026.jpg,ನಿಜ ಜ್ಯೇಷ್ಠ/ಆಷಾಢ,ಪರಾಭವ,1948,ಮಿಥುನ/ಕರ್ಕ,05:59,18:50,ವ ಆಸೆಯಿದರೆ ಬೀಳುವ ಭಯವಿರಃ,ಶ್ರೀ ಮಲ್ಹಾರ ದೀಕ್ಷಿತರ ಪುಣ್ಯ ತಿಥಿ,ಹುಕ್ಕೇರಿ ತಾ.,ಕಣಂಗಲೆ ನೃಸಿಂಹ ವರ್ಧಾಪನ ದಿನ,ಕಣಂಗಲೆ ಕಮತ,ಕ್ಷೇತ್ರವೀರ ಪದ್ಮರಾಜ ದೇಸಾಈ ಪುಣ್ಯದಿನ,ಆತ್ಮಕೂರು,ನತ್ಯತೀರ್ಥರ ಆರಾಧನೆ.,,,,,,,ನವಮಿ,10.38,ಅಶ್ವಿನಿ,14.56,ಸುಕರ್ಮಾ,10.12,ವಣಿಜ,21.32,ದಕ್ಷಿಣಾಯನ,ಸೌರ ವರ್ಷಾ,25,ಕೃಷ್ಣ,ಮಿಹುನ,ಮೇಷ,ಮ.,01:30,03:00,,,,ಬೆ.,9:00,10:30,,,,ಬೆ.,06:00,03:00,,,,ಮ.,03:00,04:30,,,,ಬೆ.,08:03,09:35,,,,ಒಳ್ಳೆಯದು,ನಿರಾಶೆ,ಮೆಚ್ಚುಗೆ,ಅನುಕೂಲ,ಜೀವನ,ವಿಶ್ರಾಂತಿ,ಯೋಗ,ಪ್ರಯತ್ನ,ಯಶಸ್ಸು,ಅಭಬಿವದಿ,ಅನಾರೋಗ್ಯ,ಸಹಾಯ
09-08-2026,data\2026\08\09-08-2026.jpg,ಆಷಾಢ|ಶ್ರಾವಣ,ಪರಾಭವ,1948,ಕರ್ಕ/ಸಿಂಹ,06:06,18:43,ಮಯ ನಸಿನ್ನಕೈಯಲ್ಲಿದೆ - ಅದನ್ನುವ್ಯರ್ಥ ಮಾಡ,ಕಾಮಿಕಾ ಏಕಾದಶಿ,ನಾಗಸಾಕಿ ದಿನ,ವಿಶ್ವ ಆದಿವಾಸಿ,ದಿನ,ಅಗಸ್ತ್ಯ ದರ್ಶನ,ವಿಶ್ವ ಆದಿವಾಸಿ ದಿನ,ಕ್ರಾಂತಿ,ದಿನ.'ಶ್ರೀ ಶೈಲದಲ್ಲಿ ಔಡಿ ಕೃತ್ತಿಕೋತ್ಸವ.,,,,,,ಏಕಾದಶಿ,11.06,ಮೃಗಾಶಿರಾ,14.44,ಹರ್ಷಣ,26.05,ಕೌಲವ,21.34,ದಕ್ಷಿಣಾಯನ,ಸೌರ ವರ್ಷಾ,25,ಕೃಷ್ಣ,ಕರ್ಕ,ಮಿಥುನ,ಸ.,04:30,06:00,,,,ಮ.,05:00,04:30,,,,ಮ.,12:00,01:30,,,,ಬೆ.,1030,12:00,,,,ಬೆ.,06:42,08:09,,,,ಯಶಸ್ಸು,ಖರ್ಚು,ಪೋತಾಹ,ಭಯ,ಪ್ರಗತಿ,ಪ್ರೀತಿ,ಪರೀಕ್ಷೆ,ಪ್ರಯತ್ನ,ಒಳ್ಳೆಯದು,ತೊಂದರೆ,ದಾನ,ಪರಿಶ್ರಮ
09-09-2026,data\2026\09\09-09-2026.jpg,ಶ್ರಾವಣ/ಭಾದ್ರಪದ,ಪರಾಭವ,1948,ಸಿಂಹ/ಕನ್ಯಾ,06:08,18:25,"ದಲ್ಲೂಉತ್ತರ ಸಿಗುತ್ತದೆ, ಮನಸ್ಸು ಶಾಂತವಾ",ಶಿವರಾತ್ರಿ,ಬುಧ ಪೂಜೆ,ರಾಮಕ್ಕೆಲಾಸ ಜಾತ್ರೆ,ನವಲಗುಂದ ತಾ. ಹೆಬ್ಬಾಳ ಸಿದ್ಧಾರೂಡ ಜಾತ್ರೆ,ಸ್ವಾಮಿ ವರದಾನಂದ ಭಾರತಿ ಪುಣ್ಯ ತಿಥಿ,,,,,,,,,ತ್ರಯೋದಶಿ,12.31,ಆಶ್ಲೇಷಾ,15.15,ಶಿವ,21.52,ಐಿಷ್ಟಿ,23.30,ದಕ್ಷಿಣಾಯನ,ಸೌರ ಶರದ,24,ಕೃಷ್ಣ,ಸಿಂಹ,ಕರ್ಕ,ಮ.,12:00,01:30,,,,ಬೆ.,10:30,12:00,,,,ಬೆ.,07:30,09:00,,,,ಬೆ.,06:00,07:30,,,,ಮ.,01:43,03:14,,,,ಸಂತೋಷ,ಪ್ರತಿರೋಧ,ಪರೀಕ,ಅನಂಜ,ಭಯ,ದಯೆ,ಯಶಸ್ಸು,ಚಿಂತೆ,ಯಶಸ್ಸು,ನಿರಾಶೆ,ಶ್ರೇಷ್ಠತೆ,ಯಶಸ್ಸು
09-10-2026,data\2026\10\09-10-2026.jpg,ಭಾದ್ರಪದ/ಅಶ್ವೀನ,ಪರಾಭವ,1948,ಕನ್ಯಾ/ ತುಲಾ,06:09,18:04,ನ್ನಮೇಲೆ ನಂಬಿಕೆ ಇಟ್ಟ ದಿನದಿಂದ ಜೀವನ ಬದಲಾ,ಚತುರ್ದಶಿ ಮಹಾಲಯ,ಶಸ್ತ್ರದಿಂದ ಮರಣ,ಹೊಂದಿದವರ ಮಹಾಲಯ,ಭಾರತೀಯ ಅಂಚೆ ದಿನ,ಶೋಭೈ ತೀರ್ಥರ ಆರಾಧನೆ,ಬುಧ ಪುರ್ವೊದಯ.,,,,,,,,ಚತುರ್ದಶಿ,21.36,ಉತ್ತರಾ,21.20,ಬ್ರಹ್ಮಾ,23.21,ವಿಷ್ಟಿ,0.54,ದಕ್ಷಿಣಾಯ,ರ್ದಶಿ 21.36,23,ಕೃಷ್ಣ,ಕನ್ನಾ,ಕನ್ಯಾ,ಬೆ.,10:30,12:00,,,,ಬೆ.,0730,09:00,,,,ಮ.,08:00,04:30,,,,ಮ.,1:56,8:6,,,,ಮ.,02:07,03:43,,,,ಮೆಚ್ಚುಗೆ,ಕೋಪ,ತಾಳ್ಮೆ,ನಿರಾಶೆ,ಪ್ರೋತ್ಸಾಹ,ಸರ್ಧೆ,ಗೆಮನ,ಸಂತೋಷ,ಸಾಧನೆ,ಕುತೂಹಲ,_ಜಕ್ಕಿ,ಕರುಣ
09-11-2026,data\2026\11\09-11-2026.jpg,ಅಶ್ವೀನ|ಕಾರ್ತಿಕ,ಪರಾಭವ,1948,ತುಲಾ/ವೃಶ್ಚಿಕ,06:15,17:51,ೋ ದಾರಿಲಿ ನಿಯತ್ತು ಇದ್ದರೆ ತಡಿಯೋ ತಾಕತ್ತು ಯಾರಿ:,ದೀಪಾವಳಿ ಅಮಾವಾಸ್ಯೆ,ಸೋಮವವತಿ ಅಮಾವಾಸ್ಕೆ,ಸಮಾಪ್ತಿ,ಇಷ್ಟಿ,ಕಾನೂನು ಸೇವೆಗಳ ದಿನ.,ಬಂಗಾರಗುಂಡ ತಾ. ಮುದ್ದೇಬಿಹಾಳ ಮಹಾಲಕ್ಷ್ಮೀ ಜಾತ್ರೆ,,,,,,,,ಅಮಾವಾಸ್ಯೆ,12.32,ಸ್ವಾತಿ,07.24,ಸೌಭಾಗ್ಯ,26.57,ಕೆಸ್ತುಘ್ತ,25.13,ದಕ್ಷಿಣಾಯನ,ಸೌರ ಹೇಮಂತ,24,ಕೃಷ್ಣ,ತುಲಾ,ತುಲಾ,ಬೆ.,07:30,09:00,,,,ಮ.,01:30,03:00,,,,ಬೆ.,10:30,12:00,,,,ಬೆ.,0:00,10:30,,,,UNKNOWN,1149,0132,,,,ಸಾಲ,ವಿಳಂಬ,ಭಯ,ಭಯ,ಖರ್ಚು,ಒಳ್ಳೆಯದು,ಅನುಕೂಲ,ಪ್ರತಿರೋಧ,ಪ್ರೀತಿ,ಲಾಭ,ಅತಂಕ,ತೊಂದರೆ
09-12-2026,data\2026\12\09-12-2026.jpg,ಕಾರ್ತಿಕ/ಮಾರ್ಗಶಿರ,ಪರಾಭವ,1948,ವೃಶ್ಚಿಕ/ಧನು,06:30,17:53,ಷ್ನ ಪಡದೆ ಯಾವ ಪ್ರತಿಫಲವೂ ಸಿಗದ,ಷಡರಾತ್ರೋತ್ಸವವಾರಂಭ,ಆಚೇಗಾಚ ತಾ.ದ. ಸೋಲಾಪೂರ,ಶಾವರಸಿದ್ದ ಮತ್ತು ಸಿಲಿಸಿದ್ದದೇವ ಜಾತ್ರೆ,ಹೇಮರಿಗಿ ಮಲ್ಲಿಕಾರ್ಜುನ,ರಥ,ದೇವ ದೀಪಾವಳಿ,ಖಂಡೋವಾ ನವರಾತ್ರಾರಂಭ,ಗೌರಿ ಶಂಕರ,ಜಾತ್ರೆ ಮುತ್ತಗಿ ತಾ.ಬ. ಬಾಗೇವಾಡಿ.,,,,,ಪ್ರತಿಪದಾ,FULL DAY,ಜ್ಯೇಷ್ಠಾ,21.01,ಧೃತಿ,08.40,ಕೆಂಸ್ತುಘ್ನ,19.32,ದಕ್ಷಿಣಾಯ,ಸೌರ ಹೇಮಂತ,24,ಶುಕ್ಲ,ವಶಿಕ,ವೃಶ್ಚಿಕ,ಮ.,12:00,01:30,,,,ಬೆ.,10:30,12:00,,,,ಬೆ.,07:30,09:00,,,,ಬೆ.,06:00,07:30,,,,ಬೆ.,11:12,12:59,,,,ಪ್ರತಿರೋಧ,ಮರವು,ಕೋಪ,ಸ್ಪರ್ಧೆ,ಗೌರವ,ಅಭಿವೃದ್ಧಿ,ಯಶಸ್ಸು,ಖರ್ಚು,ಪ್ರೀತಿ,ಆನಂದ,ಪ್ರಯತ್ನ,ಒಳ್ಳೆಯ ಕೆಲಸ
10-01-2026,data\2026\01\10-01-2026.jpg,ಪುಷ್ಯ/ಮಾಘ,ವಿಶ್ವಾವಸು,1947,ಧನು/ಮಕರ,06:44,18:09,ಸಸ್ಸಿನ ನ್ಯಾಯಾಲಯದಲ್ಲಿ ಮನಸಾಕ್ಷಿಯೇ ನ್ಯಾಯ,2ನೇ ಶನಿವಾರ,ಶ್ರೀ ರಾಮಾನಂದಾಚಾರ್ಯ ಜಯಂತಿ,ಶ್ರೀ ನರಹರಿ ತೀರ್ಥರ ಆರಾಧನೆ ಹಂಪಿ,ಚನ್ನಪಟ್ಟಣ,ತಾ. ವಂದಾರ ಗುಪ್ಪೆ ಶ್ರೀ ಕೆಂಗಲ್ಲ ಆಂಜನೇಯ ರಥ,ಸೊಗಲಬಫ ತಪದ ಠಹಗಳು.,,,,,,,,ಸಪ್ತಮಿ,08.24,ಹಸ್ತ,15.40,ಅತಿಗಂಡ,16.51,ಬಾಲವ,21.18,ಉತ್ತರಾಯಣ,ಸೌರ ಶಿಶಿರ,26,ಕೃಷ್ಣ,"ದನಸು,","28,53",ಬೆ.,09:00,10:30,,,,ಬೆ.,06:00,07:30,,,,ಮ.,01:30,03:00,,,,ಮ.,12:00,01:30,,,,ಬೆ.,09:10,10:54,,,,ಕೀರ್ತಿ,ಮೆಚ್ಚುಗೆ,ಗಮನ,ಚಿಂತೆ,ಪ್ರೀತಿ,ಪ್ರಗತಿ,ಲಾಭ,ಶಾಂತಿ,ಖರ್ಚು,ಗೌರವ,ಉಡುಗೊರೆ,ಸಂತೋಷ
10-02-2026,data\2026\02\10-02-2026.jpg,,ವಿಶ್ವಾವಸು,1947,ಮಕರ/ ಕುಂಭ,06:43,18:24,ಮದ ಬೆಂಕಿಯು ಎಲ್ಲವನ್ನೂ ಪವಿತ್ರವಾಗಿಸು,ಅನ್ವವಷ್ಟಕಾ ಶ್ರಾದ್ಧ » ಬೆಳ್ಳೆ ಮಹಾಲಿಂಗೇಶ್ವರ ರಥ,ವಿಶ್ವ ದ್ವಿದಳ ಧಾನ್ಯಗಳ ದಿನ,ವಿಶ್ವ ಛತ್ರಿ ದಿನ,ಐವರ್ನಾಡು ಶ್ರೀ ಪಂಚಲಿಂಗೇಶ್ವರ ಜಾತ್ರೆ.,,,,,,,,,,ಅಷ್ಟಮಿ,07.28,ವಿಶಾಖಾ,07.55,ಧ್ರುವ,25.42,ತೈತಿಲ,20.44,ಉತ್ತರಾಯಣ,ಸೌರ ಶಿಶಿರ,28,ಕೃಷ್ಣ,ಮಕರ,ವೃಶ್ಚಿಕ,ಮ.,03:00,04:30,,,,ಮ.,12:00,01:30,,,,ಬೆ.,09:00,10:30,,,,ಬೆ.,07:30,09:00,,,,ಸ.,11:12,12:59,,,,ಕೀರ್ತಿ,ಲಾಭ,ಪತಿಭಬೆ,ಯಶಸ್ಸು,ಕರುಣೆ,ಗೊಂದಲ,ಉಡುಗೊರೆ,ಅನುಕೂಲ,ಸಾಮ್ಯತೆ,ಅಜಬವದಿ,ಆತಂಕ,ಭಯ
10-03-2026,data\2026\03\10-03-2026.jpg,ವಿಶ್ವಾವಸು ಪರಾಭವ,ವಿಶ್ವಾವಸು ಪರಾಭವ,1947,ಕುಂಭ/ಮೀನ,06:30,18:29,"ಕಾಶಗಳು ಸಿಗೋದಿಲ್ಲಾ, ನೀವೇ ಸೃಷ್ಟಿಸಿಕೊಳ",ಶಬರಿ ಜಯಂತಿ,ಉಪ್ಪಿನಂಗಡಿ ಮಖೆ ಜಾತ್ರೆ,ಕೊಲ್ಲೂರು,ಮೂಕಾಂಬಿಕಾ ರಥ,ಕಡಕೋಳ ತಾ. ಜೀವರ್ಗಿ ಶ್ರೀ,ಮಡಿವಾಳೇಶ್ವರ ಶಾಖಾ ಮಠ ಜಾತ್ರೆ,ಕೆಲವಡಿ ತಾ.,ಬಾದಾಮಿ ಶ್ರೀ ರಂಗನಾಥ ರಥ.,,,,,,ಸಪ್ತಮಿ,5.55,ಅನುರಾಧಾ,19.05,ಹರ್ಷಣ,08.21,ವಿಷ್ಟಿ,12.41,ಉತ್ತರಾಯಣ,ಸೌರ ವಸಂತ,26,ಕೃಷ್ಣ,ಕುಂಭ,ವೃಶ್ಚಿಕ,ಮ.,03:00,04:30,,,,ಮ.,12:00,01:30,,,,ಬೆ.,09:00,1013,,,,ಬೆ.,07:30,09:00,,,,ಬೆ.,07:26,09:13,,,,ಸಂಪತ್ತು,ಯಶಸ್ಸು,ಸಾಲ,ಖರ್ಚು,ಭಕ್ತಿ,ಆಯಾಸ,ಸಾಧನೆ,ಕೀರ್ತಿ,ಆಲೋಚನೆ,ವಿಭಾಗ,ಪ್ರತಿಭೆ,ಅನಾರೋಗ್ಯ
10-04-2026,data\2026\04\10-04-2026.jpg,ಚೈತ್ರ|ವೈಶಾಖ,ಪರಾಭವ,1948,ಮೀನ/ಮೇಷ,06:10,18:31,ನಿಮ್ಮ ಮೇಲೆ ನಿಮಗೆ ನಂಬಿಕೆಯಿದ್ದರೆ ಎಲ್ಲವೂ ಸಾ!,ಕಾಲಾಷ್ನಮಿ,ಮಂಗಳ ಪುರ್ವೋದಯ,ಬುಧ,ಮೀನದಲ್ಲಿ,ಸವಡಿ ಸಂಗಮೇಶ್ವರ ರಥ. ಪೊಳಲಿ,ಜಾತ್ರೆ,ನೋಣವಿನಕೇರೆ ಶ್ರೀ ಬೆಟ್ಟರಾಯ ರಥ,ವಾಳೇಖಿಂಡಿ ತಾ. ಜತ ಶ್ರೀ ಸಿದ್ದನಾಥ ಜಾತ್ರೆ.,,,,,,ಅಷ್ಟಮಿ,23.16,ಪೂ.ಷಾ,11.28,ಶಿವ,18.31,ಬಾಲವ,10.22,ಉತ್ತರಾಯಣ,ಸೌರ ವಸಂತ,27,ಕೃಷ್ಣ,ಮೀನ,ಧನು,ಬೆ.,10:30,12:00,,,,ಬೆ.,07:30,09:00,,,,ಮ.,08:00,04:30,,,,ಮ.,01:36,06,,,,ಬೆ.,06:08,07:54,,,,ಕೀರ್ತಿ,ಧೈರ್ಯ,ಲಾಭ,ಉಡುಗೊರೆ,ಯಶಸ್ಸು,ಸಮಸ್ಯೆ,ಅನುಕೂಲ,ಅನಾರೋಗ್ಯ,ಸಾಧನೆ,ಒಳ್ಳೆಯದು,ಸೌಮ್ಯತೆ,ಒಳ್ಳೆಯ ಕೆಲಸ
10-05-2026,data\2026\05\10-05-2026.jpg,ವೈಶಾಖ|ಅಧಿಕ ಜ್ಯೇಷ್ಠ,ಪರಾಭವ,1948,ಮೇಷ/ವೃಷಭ,05:55,18:36,ಸಾಧನೆ ಇಲ್ಲದೆ ಸತ್ತರೆ ಸಾವಿಗೆ ಅವಮಾನ,ವಿಶ್ವ ಅಮ್ಮಂದಿರ ದಿನ,ಸಂತ ಮುಕ್ತಾಬಾಯಿ,ಪುಣ್ಯತಿಥಿ,ಹೇಮರೆಡ್ಡಿ ಮಲ್ಲಮ್ಮ ಜಯಂತಿ,ತುಂಬರೂ ಜಯಂತಿ,,,,,,,,,ಅಷ್ಟಮಿ,15.07,ಧನಿಷ್ಠಾ,24.50,ಅಹ್ಮಾ,26.0,ತೈಕಿಲ,07.22,ಉತ್ತರಾಯಣ,ಸೌರ ಗ್ರೀಷ್ಮ,27,ಕೃಷ್ಣ,ಮೇಷ,ಮಕರ,ಸ.,04:30,06:00,,,,ಮ.,8:00,04:30,,,,ಮ.,12:00,01:30,,,,ಬೆ.,1013,12:00,,,,ಮ.,01:49,03:30,,,,ಗೊಂದಲ,ಸಾಲ,ಗೌರವ,ಪ್ರೀತಿ,ಪ್ರತಿರೋಧ,ವಿನಯ,ಅನುಕೂಲ,ಒಳ್ಳೆಯದು,ಯಶಸ್ಸು,ಅಭಿವದಿ,* ಯಶಸ್ಸು,ಪ್ರೀತಿ
10-06-2026,data\2026\06\10-06-2026.jpg,ಅ.ಜ್ಯೇಷ್ಠ/ನಿ.ಜ್ಯೇಷ್ಠ,ಪರಾಭವ ನಾಮ,1948,ವೃಷಭ/ಮಿಥುನ,05:52,18:45,"ಪ್ರಯತ್ನ ನಮದು, ಫಲ ದೇವರದ್ದು",ವಿಶ್ವ ದೃಷ್ಠಿದಾನ ದಿನ,,,,,,,,,,,,,ದಶಮಿ,24.58,ಉಭಾ,09.22,ಯ್‌,06.30,ವಣೆಜ,13.35,ಉತ್ತರಾಯಣ,ಸೌರ ಗ್ರೀಷ್ಮ,27,ಕೃಷ್ಣ,ವಷಭ,ಮೀನ,ಮ.,12:00,01:30,,,,ಬೆ.,10:30,12:00,,,,ಬೆ.,07:30,09:00,,,,ಬೆ.,06:00,07:30,,,,ಬೆ.,04:37,06:12,,,,ಲಾಭ,ಭಯ,ಪ್ರತಿರೋಧದ,ಕಾಟರ್ಕು - ಸಾಲ,ಅನುಕೂಲ,ಸಹಾಯ,ಖರ್ಚು,ಲಾಭ,ಆತಂಕ,ವಿಳಂಬ,ಪ್ರೀತಿ,ಸಮಸ್ಯೆ
10-07-2026,data\2026\07\10-07-2026.jpg,ನಿಜ ಜ್ಯೇಷ್ಠ/ಆಷಾಢ,ಪರಾಭವ,1948,ಮಿಥುನ/ಕರ್ಕ,05:59,18:50,೦ದಿನ ಕಠಿಣ ಪರಿಶ್ರಮವೇ ನಾಳಿನ ನೆವ,ಯೋಗಿನಿ ಸ್ಮಾರ್ತ ಏಕಾದಶಿ,ತ್ರ್ಯಂಬಕೇಶ್ವರ ಸಂತ,ನಿವೃತ್ತಿನಾಥ ಜಾತ್ರೆ,ಮಾತೃ ಸುರಕ್ಷಾ ದಿನ,ಬಿಂಜವಾಡಿಗಿ,ಕಡಿವಾಲ ಕೊಡಿಹಾಳ ಶಾಂತೇಶ ಶರಣರ ಪುಣ್ಯತಿಥಿ,ಕೊಪ್ಪಳ ಮರಿ ಶಾಂತವೀರ ಸ್ವಾಮಿ ಪಣ್ಯತಿಥಿ.,,,,,,,ಸೆ,08.17,ಭರಣಿ,13.15,೪,07.15,ವಣಿಜ,21.32,ದಕ್ಷಿಣಾಯನ,ಸೌರ ವರ್ಷಾ,26,ಕೃಷ್ಣ,ಮಿಹುನ,ಮೇಷ,ಬೆ.,10:30,12:00,,,,ಬೆ.,07:30,09:00,,,,ಮ.,0:00,04:30,,,,ಮ.,01:30,03:00,,,,ಬೆ.,08:47,10:16,,,,ಕೀರ್ತಿ,ಆನಂದ,ಆತಂಕ,ದಯೆ,ಚಿಂತೆ,ಸಂಪತ್ತು,ಯಶಸ್ಸು,ನಿರಾಸೆ,ಉಡುಗೊರೆ,ಸಂತೋಷ,ಒಳ್ಳೆಯದು,ಪ್ರೀತಿ
10-08-2026,data\2026\08\10-08-2026.jpg,ಆಷಾಢ|ಶ್ರಾವಣ,ಪರಾಭವ,1948,ಕರ್ಕ/ಸಿಂಹ,06:06,18:43,ಸೋಲು ಅಂತಿಮವಲ್ಲ; ಅದು ಯಶಸ್ಸಿನ ಪಾಠ,ತ್ರಯೋದಶಿ ಕ್ಷಯ. ಗುರು ಪುರ್ವೋದಯ.,ಸೋಮಪ್ರದೋಷ. ಸಂತ ನಾಮದೇವ ಮಹಾ. ಪು.ತಿ.,ಹಿರೇಶಿವಯೋಗಿ ಶ್ರೀ ಚನ್ನಬಸವೇಶ್ವರ ಪು.ತಿ.,ವಿಜಯಪುರ ತಾ. ಯತ್ನಾಳ ಭೀಮ ರಾಯರ ಪು.ತಿ,,,,,,,,,,ದ್ವಾದಶಿ,08.01,ಆರ್ದ್ರಾ,12.27,ವಜ್ರ,02.27,ಗರಜ,18.28,ದಕ್ಷಿಣಾಯನ,ಸೌರ ವರ್ಷಾ,26,ಕೃಷ್ಣ,ಕರ್ಕ,ಮಿಥುನ,ಬೆ.,07:30,09:00,,,,ಮ.,01:30,03:00,,,,ಬೆ.,10:30,12:00,,,,ಬೆ.,09:00,10:30,,,,ಬೆ.,5:25,56,,,,ಸಂತೋಷ,ಭಕ್ತಿ,ವಿಶ್ರಾಂತಿ,ದಯೆ,ಪ್ರೀತಿ,ಸ್ನೇಹ,ಅನುಕೂಲ,ಖರ್ಚು,ಪ್ರೋತ್ಸಾಹ,ಯಶಸ್ಸು,ಸ್ಪರ್ಧೆ,ಅಸೂಯೆ
10-09-2026,data\2026\09\10-09-2026.jpg,ಶ್ರಾವಣ/ಭಾದ್ರಪದ,ಪರಾಭವ,1948,ಸಿಂಹ/ಕನ್ಯಾ,06:08,18:24,"ಹಷ್ನವೂ ಒಂದು ಪಾಠ, ಪ್ರತಿಪಾಠವೂ ಬೆಳ",ಬೃಹಸ್ಪತಿ ಪೂಜೆ,ಮಾತೃಕಾ ದಿನ,ಅನ್ವಾಧಾನ ಕಡಪಟ್ಟಿ,ತಾ. ಜಮಖಂಡಿ ಶ್ರೀ ಬಸವೇಶ್ವರ ಜಾತ್ರೆ,ಪಂಡಿತ,ತೋಟಪ್ಪಶಾಸ್ತ್ರೀ ಪುಣ್ಯತಿಥಿ,ದರ್ಶ ಪಿರೋರಿ,ಅಮವಾಸ್ಯೆ.,,,,,,ಚತುರ್ದಶಿ,10.34,ಮಘಾ,14.05,ಸಿದ್ಧಿ,19.18,ಚತುಷ್ಪಾದ,21.42,ದಕ್ಷಿಣಾಯನ,"ರ 10,33",25,ಕೃಷ್ಣ,ಸಿಂಹ,ಸಿಂಹ,ಮ.,01:30,03:00,,,,ಬೆ.,9:00,10:30,,,,ಬೆ.,06:00,07:30,,,,ಮ.,03:00,04:3,,,,ಬೆ.,11:47,01:18,,,,ಸಾಧನೆ,ಒಳ್ಳೆಯದು,ಯಶಸು,ಅನುಕೂಲ,ಒಳ್ಳೆಯಕೆಲಸ,ಶ್ರೇಷ್ಠತೆ,ಅಭಿವೃದ್ಧಿ,ಯಶಸ್ಸು,ಲಾಭ,ಲಾಭ,ಗೊಂದಲ,ಸಲಮ್ಯತ
10-10-2026,data\2026\10\10-10-2026.jpg,ಭಾದ್ರಪದ/ಅಶ್ವೀನ,ಪರಾಭವ,1948,ಕನ್ಯಾ/ ತುಲಾ,06:09,18:03,"ೋಲಿಕೆ ಮಾಡೋವನ್ನುಬಿಡು, ನಿನ್ನಪಷಯಣ ನಿನಗೇ",2ನೇ ಶನಿವಾರ,ಸರ್ವಪಿತ್ರ,ದರ್ಶ ಅಮಾವಾಸ್ಯ,ಹುಣ್ಣಿಮೆ ಅಮಾವಾಸ್ಯೆ ಮಹಾಲಯ,ವೆಂಕಟಾಪುರ ಶ್ರೀ,ಬ್ರಹ್ಮಾನಂದ ಮಹಾರಾಜರ ಪುಣ್ಯರಾಧನೆ,ಶ್ರೀ,ಚಂದ್ರಶೇಖರ ಭಾರತಿ ಮಹಾಸ್ಟಾಮಿ ಆರಾಧನೆ.,,,,,,ಅಮಾವಾಸ್ಯೆ,21.20,ಹಸ್ತ,21.43,ಐಂದ್ರ,22.02,ಚತುಷ್ಪಾದ,09.25,ದಕ್ಷಿಣಾಯನ,ಷ್ಟಾದ 09.25,24,ಕೃಷ್ಣ,ಕನ್ನಾ,ಕನ್ಯಾ,ಬೆ.,09:00,10:30,,,,ಬೆ.,06:00,07:30,,,,ಮ.,01:30,05:00,,,,ಮ.,12:66,,,,,ಮ.,03:36,05:14,,,,ಅಭಿವೃದ್ದಿ,ಅನುಕೂಲ,ಭಯ,ತೊಂದರೆ,ಸಮಸ್ಯೆ,ಪ್ರೋತ್ಸಾಹ,ನಿರಾಸೆ,ಮರೆವು,ಸೌಮ್ಯತೆ,ಪ್ರೋತ್ಸಾಹ,ಸಂಪತ್ತು,ಯಶಸ್ಸು
10-11-2026,data\2026\11\10-11-2026.jpg,ಅಶ್ವೀನ|ಕಾರ್ತಿಕ,ಪರಾಭವ,1948,ತುಲಾ/ವೃಶ್ಚಿಕ,06:16,17:50,ಹಾಸಿಗೆ ಇದ್ದಷ್ಟು ಕಾಲು ಚಾಚು,ಗೋ ಪೂಜೆ,ದೀಪಾವಳಿ ಪಾಡ್ಯ,ಬಲಿ ಪ್ರತಿಪದಾ.,ಅಭ್ಯಂಗ ಸ್ನಾನ. ಅನ್ನಕೂಟ,ಬುಧ ಪುರ್ವೋದಯ,ಶ್ರೀ ಚನ್ನಬಸವೇಶ್ವರ ಜಯಂತಿ.,,,,,,,,ಪ್ರತಿಪದಾ,14.01,ವಿಶಾಖಾ,09.19,ಶೋಭನ,27.16,ಬಾಲವ,26.54,ದಕ್ಷಿಣಾಯನ,ಸೌರ ಹೇಮಂತ,25,ಶುಕ್ಲ,ತುಲಾ,ವೃಶ್ಚಿಕ,ಮ.,03:00,04:30,,,,ಮ.,12:00,01:30,,,,ಬೆ.,09:00,1030,,,,ಬೆ.,07:30,0:00,,,,UNKNOWN,,,,,,ವಿಳಂಬ,ಸಂತೋಷ,ಸ್ಟೇಹ,ಪ್ರೋತ್ಸಾಹ,ಸಮಸ್ಯ,ಸಂತೋಷ,ಸಾಲ,ಶುಭ,ಪ್ರತಿಭೆ,ಆತಂಕ,ಯಶಸ್ಸು,ಪ್ರತಿರೋಧ
10-12-2026,data\2026\12\10-12-2026.jpg,ಕಾರ್ತಿಕ/ಮಾರ್ಗಶಿರ,ಪರಾಭವ,1948,ವೃಶ್ಚಿಕ/ಧನು,06:30,17:53,ವೇಗಕ್ಕಿಂತ ನಿರಂತರತೆ ಮುಖ್ಯ,ಗುರುವಾರ ಲಕ್ಷ್ಮೀ ವ್ರತ,ಶ್ರೀ ಕೇತೇಶ್ವರ ಮಹಾರಾಜ,ಜಯಂತಿ ಸಾಂಗ್ಲಿ,ವಿಶ್ವ ಮಾನವ ಹಕ್ಕುಗಳ ದಿನ,ಶಿರಹಟ್ಟಿ,ಬೀರೇಶ್ವರ ಕಾರ್ತಿಕ,ಕೊಪ್ಪಳ ಜಿ. ಕೂಕನಪಳ್ಳಿ ಬೆಟ್ಟದ,ಲಿಂಗೇಶ್ವರ ರಥ.,,,,,,ಪ್ರತಿಪದಾ,08.47,ಮೂಲಾ,23.58,ಶೂಲ,00.25,ಬಾಲವ,22.04,ದಕ್ಷಿಣಾಯ,ಸೌರ ಹೇಮಂತ,25,ಶುಕ್ಲ,ವಶಿಕ,ಧನು,ಮ.,01:30,03:00,,,,ಬೆ.,9:00,10:30,,,,ಬೆ.,06:00,07:30,,,,ಮ.,03:00,04:30,,,,ಸ.,04:46,06:34,,,,ಗೊಂದಲ,ಸಂತಾಪ,ಆಯಾಸ,ಆತಂಕ,ಅನಂದ,ದುಃಖ,ನೋವು,ಲಾಭ,ಅನುಕೂಲ,ಕೋಪ,ಅನುಕೂಲ,ಸಂತೋಷ
11-01-2026,data\2026\01\11-01-2026.jpg,ಪುಷ್ಯ/ಮಾಘ,ವಿಶ್ವಾವಸು,1947,ಧನು/ಮಕರ,06:44,18:10,ವನೆಗಳಿಗೆ ಸ್ಪಂದಿಸುವ ವ್ಯಕ್ತಿಯೇ ನಿಜವಾದ ಆತಿ,ಬಾಳೆಹೊನ್ನೂರು ಚನ್ನಕೇಶವ ರಥ,ಹುಬ್ಬಳ್ಳಿ ತಾ.,ಉಣಕಲ್‌ ಮೂಲಗದ್ದಗೆ ಸಿದ್ದೇಶ್ವರ ರಥ,ಉತ್ತನೂರು,ಗೋಪಾಲ ದಾಸರ ಪುತ್ರಿ,ಮಾನ್ಹಿ ತಾ. ಉಚಕನೂರು,ಮರಿ ಬಸವಲಿ6ಗ ತಾತನೆವರ ಜಾತ್ರೆ.,,,,,,,ಅಷ್ಟಮಿ,10.21,ಚಿತ್ರಾ,18.12,ಸುಕರ್ಮಾ,17.27,ತೈತಿಲ,23.30,ಉತ್ತರಾಯಣ,ಸೌರ ಶಿಶಿರ,27,ಕೃಷ್ಣ,"ದನಸು,",ತುಲಾ,ಸ.,04:30,06:00,,,,ಮ.,03:00,04:30,,,,ಮ.,12:00,01:30,,,,ಬೆ.,10:30,12:00,,,,ಬೆ.,11:07,12:53,,,,ಅಭಿವೃದ್ದಿ,ಒಳ್ಳೆಯೆದು,ವಿಶ್ರಾಂತಿ,ತೊಕದರೆ,ಲಾಭ,ಸ್ನೇಹ,ಭಕ್ತಿ,ಅನುಕೂಲ,ಯಶಸ್ಸು,ಸಂತೋಷ,ಆಯಾಸ,ಸ್ಪರ್ಧೆ
11-02-2026,data\2026\02\11-02-2026.jpg,,ವಿಶ್ವಾವಸು,1947,ಮಕರ/ ಕುಂಭ,06:43,18:24,ವರು ಹಸಿದಿರುವುದು ಅಕ್ಕರೆಗಾಗಿ. ರೊಟ್ಟಗಾಗಿ,ರಾಮದಾಸ ನವಮಿ,ಶ್ರೀ ರಾಮಾರೂಢ ಸ್ವಾಮಿ ಪು.ತಿ,ರಥೋತ್ಸವ ಬಾಗಲಕೋಟೆ,ಮುಕ್ತಾಈನಗರ ಜಿ.,ಜಳಗಾವ ಸಂತ ಮುಕ್ತಾಭಾಯಿ ಜಾತ್ರೆ.,,,,,,,,,ನವಮಿ,09.59,ಅನುರಾಧಾ,10.53,ವ್ಯಾಘಾತ,26.36,ವಣಿಜ,23.13,ಉತ್ತರಾಯಣ,ಸೌರ ಶಿಶಿರ,29,ಕೃಷ್ಣ,ಮಕರ,ವೃಶ್ಚಿಕ,ಮ.,12:00,01:30,,,,ಬೆ.,1013,12:00,,,,ಬೆ.,07:30,09:00,,,,ಬೆ.,06:00,07:30,,,,UNKNOWN,,,,,,ಪ್ರಯತ್ರ,ಸಂತೋಷ,ಕೀರ್ತಿ,ಕಾಟರ್ಕ ವಿಶ್ರಾಂತಿ,ಸಾಧನೆ,ಅಲೆದಾಟ,ಜೀವನ,ಬಲ,ತೊಂದರೆ,ಯಶಸ,* ಯೋಗ,ಪ್ರತಿರೋಧ
11-03-2026,data\2026\03\11-03-2026.jpg,ವಿಶ್ವಾವಸು ಪರಾಭವ,ವಿಶ್ವಾವಸು ಪರಾಭವ,1947,ಕುಂಭ/ಮೀನ,06:29,18:29,"'ವರಿಗಲ್ಲ, ನಿಂತು ಹೋರಾಡಿದವರಿಗೇ ೭",ಶಬರಿ ಜಯಂತಿ,ಉಪ್ಪಿನಂಗಡಿ ಮಖೆ ಜಾತ್ರೆ,ಕೊಲ್ಲೂರು,ಮೂಕಾಂಬಿಕಾ ರಥ,ಕಡಕೋಳ ತಾ. ಜೀವರ್ಗಿ ಶ್ರೀ,ಮಡಿವಾಳೇಶ್ವರ ಶಾಖಾ ಮಠ ಜಾತ್ರೆ,ಕೆಲವಡಿ ತಾ.,ಬಾದಾಮಿ ಶ್ರೀ ರಂಗನಾಥ ರಥ.,,,,,,ಅಷ್ಟಮಿ,28.20,ಜ್ಯೇಷ್ಠಾ,22.00,ವಜ್ರ,5.12,ಬಾಲವ,15.09,ಉತ್ತರಾಯಣ,ಸೌರ ವಸಂತ,27,ಕೃಷ್ಣ,ಕುಂಭ,ವೃಶ್ಚಿಕ,ಮ.,12:00,01:30,,,,ಬೆ.,10:30,12:00,,,,ಬೆ.,07:30,09:00,,,,ಬೆ.,06:00,07:30,,,,ಸ.,12:08,01:55,,,,ಸಂತೋಷ,ಕೀರ್ತಿ,ಯಶಸ್ತ್ಸು,ದಯೆ,ಸಂತೋಷ,ಪ್ರತಿರೋಧ,ಉಡುಗೊರೆ,ಮೆಚ್ಚುಗೆ,ಗೊಂದಲ,ಶ್ರೇಷತೆ,ಚಿಂತೆ,ತೊಂದರೆ
11-04-2026,data\2026\04\11-04-2026.jpg,ಚೈತ್ರ|ವೈಶಾಖ,ಪರಾಭವ,1948,ಮೀನ/ಮೇಷ,06:09,18:32,"ಬೀಳುವುದು ಸಹಜ, ಎದ್ದುನಿಲ್ಲುವುದು ಕಲೆ",2ನೇ ಶನಿವಾರ,ಮಹಾತ್ಮ ಫುಲೆ ಜನ್ಮದಿನ,ರಾಷ್ಟ್ರೀಯ ಸುರಕ್ಷಿತ ಮಾತೃತ್ವ ದಿನ,ತೆಲಕಾಡು,ಬಾಈಕೃಷ್ಣಾನಂದ ಮಠದಲ್ಲಿ ಶಾಂತಕೃಷ್ಣಾನಂದ,ಸ್ವಾಮಿ ಆರಾಧನೆ.,,,,,,,,ನವಮಿ,24.38,ಉ.ಷಾ,13.40,ಸಿದ್ದ,18.39,ತೈತಿಲ,12.02,ಉತ್ತರಾಯಣ,ಸೌರ ವಸಂತ,28,ಕೃಷ್ಣ,ಮೀನ,ಮಕರ,ಬೆ.,09:00,10:30,,,,ಬೆ.,06:00,07:30,,,,ಮ.,01:30,05:00,,,,ಮ.,12:06,01:36,,,,ಬೆ.,06:40,08:25,,,,ಪ್ರತಿರೋಧ,ಪ್ರೀತಿ,ಉಡುಗೊರೆ,ಮರೆವು,ಪ್ರೋತ್ಸಾಹ,ಪ ವಿಶ್ರಾಂತಿ,ಶಾಂತಿ,ಲಾಭ,ಯಶಸ್ಸು,ಭಯ,ಕೇರ್ತಿ,ಸ್ಪರ್ಧೆ
11-05-2026,data\2026\05\11-05-2026.jpg,ವೈಶಾಖ|ಅಧಿಕ ಜ್ಯೇಷ್ಠ,ಪರಾಭವ,1948,ಮೇಷ/ವೃಷಭ,05:55,18:36,ಷ್ಯರಲ್ಲಿ ಪರಿಪೂರ್ಣತೆಯನ್ನುಹಿಗ್ಗಿಸುವುದೇಶಿ,ಕೃತ್ತಿಕಾ ಮಳೆ ಪ್ರಾರಂಭ,ರಾಷ್ಟ್ರೀಯ,ತಂತ್ರಜ್ಞಾನ ದಿನ,ಪಂಚಕ,ಮೆಂಗಳ,ಮೇಷದಲ್ಲಿ. ಶ್ರೀ ಹುಲಿಗೆಮ್ಮ ದೇವಿ,ರಥೋತ್ಸವ,ಹುಲಿಗಿ,,,,,,ನವಮಿ,15.25,ಶತಭಿಷಾ,25.29,ಐಂದ್ರ,25.04,ವಣೆ,7.15,ಉತ್ತರಾಯಣ,ಸೌರ ಗ್ರೀಷ್ಮ,28,ಕೃಷ್ಣ,ಮೇಷ,ಕುಂಭ,ಬೆ.,07:30,09:00,,,,ಮ.,01:30,03:00,,,,ಬೆ.,10:30,12:00,,,,ಬೆ.,09:00,10:30,,,,UNKNOWN,06:05,07:43,,,,ಸಾಲ,ಭಕ್ತಿ,ವಿಶ್ರಾಂತಿ,ಅಭಿವೃದ್ಧಿ,ಧೈಯನ,ಸ್ಪರ್ಧೆ,ಲಾಭ,ಶ್ರೇಷ್ಠತೆ,ಆನಂದ,ಆತಂಕ,* ಯಶಸ್ಸು,ದಯೆ
11-06-2026,data\2026\06\11-06-2026.jpg,ಅ.ಜ್ಯೇಷ್ಠ/ನಿ.ಜ್ಯೇಷ್ಠ,ಪರಾಭವ ನಾಮ,1948,ವೃಷಭ/ಮಿಥುನ,05:53,18:45,"ಸಿ೦ಪಲ್‌ ಆಗಿ ಇರಿ, ಖುಷಿಯಾಗಿ ಇರಿ",ಕಮಲಾ ಏಕಾದಶಿ,ಶ್ರೀ ಸಾನೇಗುರೂಜಿ,ಸ್ಮೃತಿ ದಿನ,ಪಾರಶಿ ಬೆಹಮನ ಮಾಸಾರಂಭ.,,,,,,,,,,ಏಕಾದಶಿ,22.37,ರೇವತಿ,08.17,ಶೋಭನ,25.00,ಬವ,11.53,ಉತ್ತರಾಯಣ,ಸೌರ ಗ್ರೀಷ್ಠ,28,ಕೃಷ್ಣ,ವಷಭ,ಮೀನ,ಮ.,01:30,03:00,,,,ಬೆ.,09:00,10:30,,,,ಬೆ.,06:00,07:30,,,,ಬೆ.,03:00,04:30,,,,UNKNOWN,1101,5111,,,,ಸಂತೋಷ,ಪ್ರತಿರೋಧ,ಯಶಸ್ತು,ಆತಂಕ,ಭಯ,ಸ್ನೇಹ,ಪ್ರಗತಿ,ಸ6ತೋಷ,ವಿಳಂಬ,ಸೌಮೃತೆ,ಪ್ರಯತ್ನ,ತಾಳ್ಮೆ
11-07-2026,data\2026\07\11-07-2026.jpg,ನಿಜ ಜ್ಯೇಷ್ಠ/ಆಷಾಢ,ಪರಾಭವ,1948,ಮಿಥುನ/ಕರ್ಕ,06:00,18:50,2೦ದು ಮಾಡಿದ ಶ್ರಮವೇ ನಾಳೆಯ ಜಂ,2ನೇ ಶನಿವಾರ,ವಿಶ್ವ ಜನಸಂಖ್ಯೆ ದಿನ,ಶ್ರೀ ಸಂತ,ನಿವೃತ್ತಿ ನಾಥರ ಪುಣ್ಯತಿಥಿ,ಭಾಗೆವತ ಏಕಾದಶಿ .,,,,,,,,,ದ್ವಾದಶಿ,26.05,ಕೃತ್ತಿಕಾ,11.04,ಗಂಡ,24.06,ಕೌಲವ,15.47,ದಕ್ಷಿಣಾಯನ,ಸೌರ ವರ್ಷಾ,27,ಕೃಷ್ಣ,ಮಿಹುನ,ವೃಷಭ,ಬೆ.,09:00,10:30,,,,ಬೆ.,06:00,07:30,,,,ಮ.,01:30,03:00,,,,ಮ.,12:30,01:30,,,,ಬೆ.,08:52,10:19,,,,ಭಕ್ತಿ,ಲಾಭ,ಸಂತೋಷ,ಪ್ರೋತ್ಸಾಹ,ಸ್ನೇಹ,ಕೋಪ,ಸಾಲ,ಪ್ರೋತ್ಸಾಹ,ಅಭಿವೃದ್ದಿ,ದ್ವೇಷ”,ಸ್ಪರ್ಧೆ,ಶಾಂತಿ
11-08-2026,data\2026\08\11-08-2026.jpg,ಆಷಾಢ|ಶ್ರಾವಣ,ಪರಾಭವ,1948,ಕರ್ಕ/ಸಿಂಹ,06:07,18:42,"ೇನು ಬದಲಾದರೆ, ನಿನ್ನ ಜೀವನವೂ ಬದಲಾಗುತ",ಅಮಾವಾಸ್ಗೆ ಪ್ರಾರಂಭ,ಮಾಸ ಶಿವರಾತ್ರಿ. ಶ್ರೀ ಸಂತ,ಸಾವತಾ ಮಾಳ ಪು.ತಿ ಸದಾಶಿವ ನಗರ,ವಡಗಾಂವ,ಬೆಳಗಾವಿ ಶ್ರೀ ಮಂಗಾಯಿದೇವಿ ಜಾತ್ರೆ. ಕ್ರಾಂತಿಕಾರಿ,ಖುದಿರಾಮ ಬೋಸ ಬಲಿದಾನದಿನ,,,,,,,,ಚತುರ್ದಶಿ,25.54,ಪುನರ್ವಸು,10.10,ಸಿಡಿ 18,18.52,ಬಿಷ್ಟಿ,15.23,ದಕ್ಷಿಣಾಯನ,ರ್ದಶಿ 25.54,27,ಕೃಷ್ಣ,ಕರ್ಕ,ಕರ್ಕ,ಮ.,03:00,04:30,,,,ಮ.,12:00,01:30,,,,ಬೆ.,09:00,10:30,,,,ಬೆ.,07:30,00,,,,ಬೆ.,07:59,09:25,,,,ಧೈರ್ಯ,ಖರ್ಚು,ಆನಂದ,ಲಾಭ,ಯೋಗ,ದುಃಖ,ಉತ್ಸಾಹ,ಅಸೂಯೆ,ಕೋಪ,ಸೌಮ್ಯತೆ,ಯಶಸ್ಸು,ಅಭಿವೃದ್ದಿ
11-09-2026,data\2026\09\11-09-2026.jpg,ಶ್ರಾವಣ/ಭಾದ್ರಪದ,ಪರಾಭವ,1948,ಸಿಂಹ/ಕನ್ಯಾ,06:08,18:23,ವನದಲಿ ತಡವಾದ ಗೆಲುವು ಕೂಡ ಗೆಲು,ಬೆನಕನ ಅಮವಾಸ್ಯೆ,ನಕ್ತವ್ರತ ಮುಕ್ತಾಯ ಹುನಗುಂದಯಲ್ಲಿ,ಸಂಗಮೇಶ್ವರ ಜಾತ್ರೆ,ಇಲಕಲ ಮಹಂತಸ್ವಾಮಿ ಜಾತ್ರೆ,ಜರಾ ಜಿವಂತಿಕಾ ಪೂಜೆ,ಬಸರಕೋಡ ಶ್ರೀ ಪವಾಡ,ಬಸವೇಶ್ವರ ಸಪ್ತ ಭಜನೆ,ದಾಟನಾಳ ಕಲ್ಮೇಶ್ವರ ಜಾತ್ರೆ.,,,,,,ಅಮಾವಾಸ್ಯೆ,08.57,ಪೂರ್ವಾ,13.16,ಸಾಧ್ಯ,17.02,ಕಿಂಸ್ತುಘ್ಪ,20.18,ದಕ್ಷಿಣಾಯನ,ಸೌರ ಶರದ,26,ಕೃಷ್ಣ,ಸಿಂಹ,ಸಿಂಹ,ಬೆ.,10:30,12:00,,,,ಬೆ.,07:30,09:00,,,,ಮ.,03:00,04:30,,,,ಮ.,01:30,03:00,,,,ಬೆ.,07:05,08:37,,,,ಪ್ರೀತಿ,ಬುದ್ದಿವಂತಿಕೆ,ಸಮಸೆ,ಕಾಟರ್ಕು ಗಾರಪ,ಯಶಸ್ಸು,ಅಸೂಯ,ಸಂತೋಷ,ಕೀರ್ತಿ,ಅಭಿವೃದ್ಧಿ,ಖರ್ಚು,ಯಶಸ್ಸು,ಅಭಿವೃದ್ಧಿ
11-10-2026,data\2026\10\11-10-2026.jpg,ಭಾದ್ರಪದ/ಅಶ್ವೀನ,ಪರಾಭವ,1948,ಕನ್ಯಾ/ ತುಲಾ,06:09,18:03,ಕಷ್ಟಬಂದಾಗ ನಿನ್ನಗುರಿ ನೆನಪಿಸಿಕೊ,ಶಾರದೀಯ ನವರಾತ್ರಾರಂಭ,ಮಾತಾಮಹ ಶ್ರಾದ್ಧ,ಇಷ್ಟಿ,ಜಯಲಕ್ಷ್ಮೀ ವ್ರತ,ಸಂತ ಮುಕ್ತಾಬಾಯಿ ಜಯಂತಿ,ಮುರಡಿ,ಶ್ರೀ ಶರಣಬಸವೇಶ್ವರ ರಥ,ಬನಶಂಕರಿದೇವಿ ರಥ ಶಿರೋಳ,ತಾ. ಮುಧೋಳ,ಮಹಾರಾಜ ಅಗ್ರಸೇನ ಜಯಂತಿ.,,,,ಪ್ರತಿಪದಾ,21.32,ಚಿತ್ರಾ,22.33,ವೈಧೃತಿ,21.06,ಕಿಂಸ್ತುಘ್ನ 09.2),09.22,ದಕ್ಷಿಣಾಯ,ಸೌರ ಶರದ,25,ಶುಕ್ಲ,ಕನ್ನಾ,ಕನ್ಯಾ,ಸ.,04:30,06:00,,,,ಮ.,5:00,64:30,,,,ಮ.,12:00,01:30,,,,ಬೆ.,1136,17,,,,ಮ.,03:55,05:34,,,,ಪ್ರೋತ್ಸಾಹ,ಅನಾರೋಗ್ಯ,ತೊಂದರೆ `,ಲಾಭ,ಖರ್ಚು,ಸಂತೋಷ,ಕರ್ತವ್ಯ,ಯಶಸ್ಸು,ಅನುಕೂಲ,ಭಯ,ಪಶ್ಚಾತ್ತಾಪ,ಸಮಸ್ಯೆ
11-11-2026,data\2026\11\11-11-2026.jpg,ಅಶ್ವೀನ|ಕಾರ್ತಿಕ,ಪರಾಭವ,1948,ತುಲಾ/ವೃಶ್ಚಿಕ,06:16,17:50,ಹಾಸಿಗೆ ಇದ್ದಷ್ಟು ಕಾಲು ಚಾಚು,ಯಮ ದ್ವಿತೀಯಾ,ಸಹೋದರ ಪೂಜೆ. ರಾಷ್ಟ್ರೀಯ,ಶಿಕ್ಷಣ ದಿನ,,,,,,,,,,,ದ್ವಿತೀಯಾ,15.54,ಅನುರಾಧಾ,11.38,ಅತಿಗಂಡ,27.40,ತೈತಿಲ,28.39,ದಕ್ಷಿಣಾಯನ,ಸೌರ ಹೇಮಂತ,26,ಶುಕ್ಲ,ತುಲಾ,ವೃಶ್ಚಿಕ,ಮ.,12:00,01:30,,,,ಬೆ.,1030,12:0,,,,ಬೆ.,07:30,09:00,,,,ಬೆ.,06:00,07:30,,,,ಬೆ.,12:14,01:59,,,,ಒಳ್ಳೆಯದು,ಯಶಸ್ಸು,ಖರ್ಚು,ಪ್ರೀತಿ,ಲಾಭ,ಉಡುಗೊರೆ,ದಯೆ,ಪರಿಶ್ರಮ,ಗಮನ,ಕುತೂಹಲ,ಅನುಕೂಲ,ಭಕ್ತಿ
11-12-2026,data\2026\12\11-12-2026.jpg,ಕಾರ್ತಿಕ/ಮಾರ್ಗಶಿರ,ಪರಾಭವ,1948,ವೃಶ್ಚಿಕ/ಧನು,06:31,17:54,ಶ್ರಮ ಪಡುವವನಿಗೆ ಸೋಲಲ್ಲ,ಉಡುಪಿ ಚಂದ್ರಮೌಳೀಶ್ವರ ರಥ ಮತ್ತು ಲಕ್ಷ್ಮೀ ವೆಂಕಟೇಶ್ವರ,ಲಕ್ಷದೀಪ,ಮುಕ್ಕಂಚಿ ಹಿರೇಮಠ ಸ್ವಾಮಿ ಪುಣ್ಯ ತಿಥಿ,ಧರ್ಮಸ್ಥಳ ದಿಪೋತ್ಸವ ಮುಕ್ತಾಯ,ಅಜಮೇರ ಉರುಸ,ಹುಬ್ಬಳ್ಳಿ ತಾ. ಇಂಗಳಹಳ್ಳಿ ಕರಿಸಿದ್ದೇಶ್ವರ ರಥ.,,,,,,,,ಡ್ವಿತೀಯಾ,11.23,ಪೂ.ಷಾ,27.05,ಗಂಡ,10.18,ತೈತಿಲ,24.45,ದಕ್ಷಿಣಾಯ,ಸೌರ ಹೇಮಂತ,26,ಶುಕ್ಲ,ವಶಿಕ,ಧನು,ಬೆ.,10:30,12:00,,,,ಬೆ.,0730,09:00,,,,ಮ.,0:00,04:30,,,,ಮ.,01:30,03:00,,,,ಸ.,09:39,11:27,,,,ಮೆಚ್ಚುಗೆ,ದಯೆ,ಅನುಕೂಲ,ಯೋಗ,ಸಾಲ,ಒಳ್ಳೆಯದು,ಶ್ರೇಷ್ಠತೆ,ಆಲೋಚನೆ,ಗಮನ,ಗೌರವ,ಪ್ರತಿಭೆ,ಪ್ರತಿರೋಧ
12-01-2026,data\2026\01\12-01-2026.jpg,ಪುಷ್ಯ/ಮಾಘ,ವಿಶ್ವಾವಸು,1947,ಧನು/ಮಕರ,06:45,18:10,ಬ್ಲ ಉರಿಯುವ ದೀಪವಾದರೆ ಅಭ್ಯಾಸ ಅದನ್ನುಉರಿ:,ಸ್ವಾಮಿ ವಿವೇಕಾನಂದ ಜಯಂತಿ,ರಾಜಮಾತಾ,ಜಿಜಾವು ಜಯಂತಿ,ಸಿದ್ದೇಶ್ವರ ಜಾತ್ರೆ ಪ್ರಾರಂಭ,ವಿಜಯಪುರ ಮತ್ತು ಸೋಲಾಪುರ ಜಾತ್ರೆ,ಬೆಂಗಳೂರು,ಕೂಡ್ಲಿಮಠ ಶಂಕರ ಭಾರತೀ ಸ್ನಾಮಿಗಳ ಆರಾಧನೆ.,,,,,,,ನವಮಿ,12.43,ಸ್ವಾತಿ,21.06,ಧೃತಿ,18.12,ವಣಿಜ,26.00,ಉತ್ತರಾಯಣ,ಸೌರ ಶಿಶಿರ,28,ಕೃಷ್ಣ,"ದನಸು,",ತುಲಾ,ಬೆ.,07:30,09:00,,,,ಮ.,01:30,03:00,,,,ಬೆ.,1030,12:00,,,,ಬೆ.,09:00,10:30,,,,ಬೆ.,11:14,01:01,,,,ಖರ್ಚು,ಪ್ರೋತ್ಸಾಹ,ದಾನ,ಗೌರವ,ಉಡುಗೊರೆ,ಅಭಿವೃದ್ದಿ,ಆಸಕ್ತಿ,ಅನುಕೂಲ,ಗಮನ,ಶಾಂತಿ,ಯಶಸ್ಸು,ನಷ್ಟ
12-02-2026,data\2026\02\12-02-2026.jpg,,ವಿಶ್ವಾವಸು,1947,ಮಕರ/ ಕುಂಭ,06:43,18:24,ತ್ಠಾರಕ್ಕೆತಿರಸ್ಕಾರವೇ ಮದ್ದಲ್ಲ ಪ್ರೀತಿಯೇ ದಿವಾ,ಸ್ವಾಮಿ ದಯಾನಂದಸರಸ್ವತಿ ಜಯಂತಿ,ಶ್ರೀ ಸ್ವಾಮಿ,ಶಂಕರಾನಂದ ಪು.ದಿ. ಅಜ್ಜಂಪುರ,ಜಿ.,ಚಿಕ್ಕಮಗಳೂರು,ಸಿದ್ದಗಂಗಾ ಕ್ಷೇತ್ರ ಜಾತ್ರಾರಂಭ.,[ನಾ,,,,,,,ದಶಮಿ,12.23,ಜ್ಯೇಷ್ಠಾ,13.42,ಹರ್ಷಣ,27.06,ಬವ,25.28,ಉತ್ತರಾಯಣ,ಸೌರ ಶಿಶಿರ,30,ಕೃಷ್ಣ,ಮಕರ,ವೃಶ್ಚಿಕ,ಮ.,01:30,03:00,,,,ಬೆ.,09:00,10:30,,,,ಬೆ.,06:00,07:30,,,,ಮ.,03:00,04:30,,,,ಬೆ.,03:52,05:39,,,,ಸಂತೋಷ,ಮೆಚ್ಚುಗೆ,ಅಭಿವದಿ,ಯಶಸ್ಸು”,ಸೌಮೃತೆ,ಶುಭ,ಚಿಂತೆ,ದಾನ,ಯಶಸ್ಸು,ಗಮನ,* ಆನಂದ,ಆಸೆ
12-03-2026,data\2026\03\12-03-2026.jpg,ವಿಶ್ವಾವಸು ಪರಾಭವ,ವಿಶ್ವಾವಸು ಪರಾಭವ,1947,ಕುಂಭ/ಮೀನ,06:29,18:29,"ಸು ದೊಡ್ಡದಾಗಿರಲಿ, ಮನಸ್ಸು ಶಾಂತವಾ",ಮೃಗವಧೆ ಮಲ್ಲಿಕಾರ್ಜುನ ರಥ,ಬ್ಯಾಡಗಿ ತಾ.,ಕಲ್ಲದೇವರು ಕಲ್ಮೇಶ್ವರ ರಥ,ಕೊಪ್ಪಳ ಶಾಂತವೀರಸ್ವಾಮಿ,ಪುದ್ಯಿತಿಥಿ,ಅನಂತಪೊರ ತಾ.ಅಥಣಿ'ಶ್ರೀ ವಿಠ್ಠಲ ಬಿರದೇವ,ಜಾತ್ರೆ.,,,,,,,ನವಮಿ,30.30,ಮೂಲಾ,24.44,ಸಿದ್ಧ ೫.5,09.59,ತೈತಲ,17.25,ಉತ್ತರಾಯಣ,ಸೌರ ವಸಂತ,28,ಕೃಷ್ಣ,ಕುಂಭ,ದನು,ಮ.,01:30,03:00,,,,ಬೆ.,09:00,1013,,,,ಬೆ.,06:00,07:30,,,,ಮ.,05:00,,,,,ಸ.,05:36,07:23,,,,ಸಂತೋಷ,ಯಶಸ್ಸು,ಸಾಲ,ಅಭಿವೃದ್ದಿ,ಸ್ನೇಹ,ಅನಾರೋಗ್ಯ,ವಿಳಂಬ,ಲಾಭ,ಪ್ರತಿರೋಧ,ಪ್ರೋತ್ಸಾಹ,ಪ್ರಯತ್ನ,ಸಂತೋಷ
12-04-2026,data\2026\04\12-04-2026.jpg,ಚೈತ್ರ|ವೈಶಾಖ,ಪರಾಭವ,1948,ಮೀನ/ಮೇಷ,06:09,18:32,"ಬೀಳುವುದು ಸಹಜ, ಎದ್ದುನಿಲ್ಲುವುದು ಕಲೆ",ನಿಂಗದಲ್ಲಿ ತಾ. ಆಳಂದ ಶ್ರೀ ಬಸವೇಶ್ವರ,ರಥೋತ್ಸವ,ರೋಣೂರು ಲಕ್ಷ್ಮೀ ವೆಂಕಟರಮಣ,ರಥ,ಪಂಚಕ ಪ್ರಾರಂಭ,ಸನಾತನ ಪುರೋಹಿತ,ಪಾಠಶಾಲೆ ವರ್ಧಂತ್ಯುತ್ಸವ,,,,,,,ದಶಮಿ,25.17,ಶ್ರವಣ,15.14,ಸಾಧ್ಯ,18.16,ವಣಿಜ,13.04,ಉತ್ತರಾಯಣ,ಸೌರ ವಸಂತ,29,ಕೃಷ್ಣ,ಮೀನ,ಮಕರ,ಸ.,04:30,06:00,,,,ಮ.,65:00,64:30,,,,ಮ.,12:00,01:30,,,,ಬೆ.,16:35,15:56,,,,ಸ.,04:09,05:51,,,,ಸಾಲ,ಅನುಕೂಲ,ಸೌಮೃತೆ,ಗೊಂದೆಲ,ಯಶಸ್ಸು,ಒಳ್ಳೆಯದು,ಶುಭ,ಲಾಭ,ಶಾಂತಿ,ಗೌರವ,ಕೋಪ,ಯಶಸ್ಸು
12-05-2026,data\2026\05\12-05-2026.jpg,ವೈಶಾಖ|ಅಧಿಕ ಜ್ಯೇಷ್ಠ,ಪರಾಭವ,1948,ಮೇಷ/ವೃಷಭ,05:55,18:37,"ನೀವು ಜಯಿಸಿ, ಆಗ ಇಡೀ ಜಗತ್ತೇ ನಿಮ್ಮದಾ:",ಅಂತರಾಷ್ಟ್ರೀಯ ದಾದಿಯರ ದಿನ,ಕಲ್ಮಾಲ ಶ್ರೀ,ಕರಿಯಪ್ಪತಾತನವರ,ಶಿರಹಟ್ಟಿ ತಾ. ಯಳವತ್ತಿ,ಗುಂಡೇಶ್ವರ ಜಾತ್ರೆಗಳು. ಕೊಪ್ಪಳ ತಾ.,ಮುನಿರಾಬಾದ ಹುಲಗಿ ಬಾಳೆದಿಂಡಿ ಉತ್ಸವ,,,,,,,,ದಶಮಿ,14.53,ಪೂ.ಭಾ,25.18,ವೈಢ್ಯತಿ,2.19,ಬವ,26.18,ಉತ್ತರಾಯಣ,ಸೌರ ಗ್ರೀಷ್ಮ,29,ಕೃಷ್ಣ,ಮೇಷ,ಕುಂಭ,ಮ.,03:00,04:30,,,,ಮ.,12:00,01:30,,,,ಬೆ.,09:00,10:30,,,,ಬೆ.,07:30,9:0,,,,ಸ.,05:21,06:56,,,,ಯಶಸ್ಸು,ಪರೀಕ್ಷೆ,ಪ್ರೀತಿ,ಆತಂಕ,ಸ್ಪರ್ಧೆ,ಲಾಭ,ಆಸಕ್ತಿ,ಸಾಲ,ಭಕ್ತಿ,ಒಳ್ಳೆಯದು,ಸಂತೋಷ,ಸ್ನೇಹ
12-06-2026,data\2026\06\12-06-2026.jpg,ಅ.ಜ್ಯೇಷ್ಠ/ನಿ.ಜ್ಯೇಷ್ಠ,ಪರಾಭವ ನಾಮ,1948,ವೃಷಭ/ಮಿಥುನ,05:53,18:45,ಮಾತಿಗಿಂತ ಕೆಲಸ ಮುಖ್ಲ,ಕಮಲಾ ಏಕಾದಶಿ,ವಿಶ್ವ ಬಾಲಕಾರ್ಮಿಕ,ವಿರೋಧಿ ದಿನ,ಶ್ರೀ ಸಾನೇಗುರೂಜಿ ಸ್ಮತಿ,ದಿನ,ಪಾರಶಿ ಬೆಹಮನ ಮಾಸಾರಂಭ.,,,,,,,,ದ್ವಾದಶಿ,19.37,ಅಶ್ವಿನಿ,06.29,ಅತಿಗಂಡ,21.26,5ಲವ,6.11,ಉತ್ತರಾಯಣ,ಸೌರ ಗ್ರೀಷ್ಮ,29,ಕೃಷ್ಣ,ವಷಭ,ಮೇಷ,ಬೆ.,10:30,12:00,,,,ಬೆ.,0730,09:00,,,,ಮ.,03:00,04:30,,,,ಮ.,01:30,03:0,,,,ಸ.,11:46,01:12,,,,ಗೌರವ,ಶುಭ,ಸಾಲ,ಯಶಸ್ಸು,ಯಶಸ್ಸು,ಶ್ರೇಷ್ಠತೆ,ಖರ್ಚು,ಸಮಸ್ಯೆ,ಸಂತೋಷ,ವಿಳಂಬ,ಆತಂಕ,ಅನಾರೋಗ್ಯ
12-07-2026,data\2026\07\12-07-2026.jpg,ನಿಜ ಜ್ಯೇಷ್ಠ/ಆಷಾಢ,ಪರಾಭವ,1948,ಮಿಥುನ/ಕರ್ಕ,06:00,18:50,"ೌನವಾಗಿ ದುಡಿ, ಫಲವೇ ಮಾತನಾ!",ಆಲೂರು ವೆಂಕಟರಾವ್‌ ಜಯಂತಿ,ಬೆಲವಂತರ,ಹಿರೇಮಠ ಚನ್ನಬಸವ ಶಿವಯೋಗಿಗಳ ಪುಣ್ಯತಿಥಿ,ಶ್ರೀ,ವಿದ್ಯಾರಣ್ಯಸ್ವಾಮಿ ಗುಹಾ ಪ್ರವೇಶ,ವಿಜಯೀಂದ್ರ,ತೀರ್ಥರ ಆರಾಧನೆ.,,,,,,,ತ್ರಯೋದಶಿ,22.30,ಬಸಿ,08.29,ವೃದ್ದಿ,20.06,ಗರಜ,12.19,ದಕ್ಷಿಣಾಯನ,ಸೌರ ವರ್ಷಾ,28,ಕೃಷ್ಣ,ಮಿಹುನ,ವೃಷಭ,ಸ.,04:30,06:00,,,,ಮ.,5:00,64:30,,,,ಮ.,12:00,01:30,,,,ಬೆ.,10:30,12:00,,,,ಜ.,05:37,07:03,ಸ.,09:55,11:19,ಮೆಚ್ಚುಗೆ,ಆತಂಕ,ಖರ್ಚು,ಗಮನ,ಅನುಕೂಲ,ಗೌರವ,ಭಕ್ತಿ,ಪ್ರೀತಿ,ಯಶಸ್ಸು,ಸಾಲ,ತಾಳ್ಮೆ,ಚಿಂತೆ
12-08-2026,data\2026\08\12-08-2026.jpg,ಆಷಾಢ|ಶ್ರಾವಣ,ಪರಾಭವ,1948,ಕರ್ಕ/ಸಿಂಹ,06:07,18:42,"ರ ಎಂದರೆ ಅದೃಷ್ಟವಲ್ಲ, ಅದು ನಿರಂತರ ಪ್ರಯತ್ನ",ಆಟಿ ಅಮಾವಾಸ್ಗೆ,ದರ್ಶ,ದೀಪ ಪೂಜೆ.,ಅಂತರರಾಷ್ಟ್ರೀಯ ಯುವ ದಿನ,ಖಗ್ರಾಸ ಸೂರ್ಯಗ್ರಹಣ.,(ಭಾ. ಕಾಣಿಸುವುದಿಲ್ಲ). ಅನ್ವಾಧಾನ. ಶಹಾದತೆ ಇಮಾಮ,ಹಸನ. ಜ್ಯೋತಿ ರ್ಭಿಮೇಶ್ವರ ವ್ರತ. ಮರವಂತೆ ಜಾತ್ರೆ.,,,,,,,ಅಮಾವಾಸ್ಯೆ,23.07,ಹಿಂ,08.00,ಪ್ಯಕೀಪಾತ,15.26,ಚತುಷ್ಪಾದ,12.2,ದಕ್ಷಿಣಾಯನ,ಸೌರ ವರ್ಷಾ,28,ಕೃಷ್ಣ,ಕರ್ಕ,ಕರ್ಕ,ಮ.,12:00,01:30,,,,ಬೆ.,1013,12:00,,,,ಬೆ.,07:30,09:00,,,,ಬೆ.,06:00,07:30,,,,ಬೆ.,02:10,03:37,,,,ಖರ್ಚು,ಧೈರ್ಯ,ದಾನ,ಪ್ರಯತ್ನ,ಒಳ್ಳೆಯದು,ಯಶಸ್ಸು,ಲಾಭ,ಕೀರ್ತಿ,ಭಯ,ಅಸೂಯೆ,ಅಭಿವೃದ್ಧಿ,ಶ್ರೇಷ್ಠತೆ
12-09-2026,data\2026\09\12-09-2026.jpg,ಶ್ರಾವಣ/ಭಾದ್ರಪದ,ಪರಾಭವ,1948,ಸಿಂಹ/ಕನ್ಯಾ,06:08,18:23,ಇಂದೆನಿಸಿದ ನೋವು ನಾಳೆಯ ಜಾನವಾ,2ನೇ ಶನಿವಾರ,ಸಾಮಶ್ರಾವಣಿ,ಭಾದ್ರಪದ ಶುಕ್ಲ ಆರಂಭ,ಜಮಖಂಡಿ ತಾ|| ಕಡಪಟ್ಟಿ ಬಸವೇಶ್ವರ ಜಾತ್ರೆ,ಸವದತ್ತಿ,ತಾ. ಗುರ್ಲಹೊಸೂರ ಚರಮೂರ್ತೇಶ್ವರ ಜಾತ್ರೆ.,,,,,,,,ಪ್ರತಿಪದಾ,07.47,ಉತ್ತರಾ,12.55,ಶುಭ,15.0,ಬಾಲವ,19.24,ದಕ್ಷಿಣಾಯನ,ಸೌರ ಶರದ,27,ಶುಕ್ಲ,ಸಿಂಹ,ಕನ್ಯಾ,ಬೆ.,09:00,10:30,,,,ಬೆ.,06:00,07:30,,,,ಮ.,01:30,03:00,,,,ಮ.,12:00,01:30,,,,ಬೆ.,05:49,07:24,,,,ಪ್ರಯಾಣ,ಅನುಕೂಲ,ಲಾಭ,ಕಾಟರ್ಕು ಖರ್ಚ,ಶ್ರೇಷ್ಠತೆ,ಪ ಬುದ್ದಿವಂತಿಕೆ,ತಾಳ್ಮೆ,ಚಿಂತೆ,ಪ್ರೀತಿ,ಶುಭ,ಅಭಿವೃದ್ಧಿ,ಮಚ್ಚುಗ
12-10-2026,data\2026\10\12-10-2026.jpg,ಭಾದ್ರಪದ/ಅಶ್ವೀನ,ಪರಾಭವ,1948,ಕನ್ಯಾ/ ತುಲಾ,06:09,18:02,"ಯಶಸ್ಪುವೇಗದಲಿಲ, ಸಿರತೆಯಲ್ಲಿ ಇ",ತಿರುಪತಿ ಶ್ರೀವೆಂಕಟೇಶ ದೇವರ ಬ್ರಹ್ಮೋತ್ಸವ ಆರಂಭ,ಚಂದ್ರದರ್ಶನ,ಕಾವೇರಿ ಅಮ್ಮನ ತೆಪ್ಪೋತ್ಸವ,ಶ್ರೀ ಕಾಶಿ ಶ್ರೀ,ವಿಶ್ವೇಶ್ವರ ಜಗದ್ಗುರುಗಳ ಪುಣ್ಯದಿನ,ಕುಂಗೋಳ ತಾ. ಬು.,ಕೊಪ್ಪ ಶ್ರೀ ಮೈಲಾರ ಲಿಂಗೇಶ್ವರ ಜಾತ್ರೆ ಹಾಗೂ ಕಾರಣಿಕೆ.,,,,,,,ದ್ವಿತೀಯಾ,22.14,ಸ್ವಾತಿ,23.52,ವಿಷ್ಕಂಭ 20.3),20.32,ಬಾಲವ,0.49,ದಕ್ಷಿಣಾಯನ,ಸೌರ ಶರದ,26,ಶುಕ್ಲ,ಕನ್ನಾ,ತುಲಾ,ಬೆ.,07:30,09:00,,,,ಮ.,0113,03:00,,,,ಬೆ.,1630,12,,,,ಬೆ.,09:00,10:30,,,,ಮ.,02:35,04:16,,,,ಸಂತೋಷ,ಯಶಸ್ಸು,ಪ್ರಯತ್ನ,ಗೌರವ,ಅನುಕೂಲ,ಒಳ್ಳೆಯದು,ಪ್ರತಿರೋಧ,“ಮರೆವು,ಭಯ,ಒಳ್ಳೆಯದು,ಸ್ಪರ್ಧೆ,ಭಕ್ತಿ
12-11-2026,data\2026\11\12-11-2026.jpg,ಅಶ್ವೀನ|ಕಾರ್ತಿಕ,ಪರಾಭವ,1948,ತುಲಾ/ವೃಶ್ಚಿಕ,06:17,17:50,ಮಾಡಿದ್ದುಣ್ಣೋ ಮಾರಾಯ,ವಿಶ್ವ ಗುಣಮಟ್ಟ ದಿನ,ಮಂಗಳ ಸಿಂಹದಲ್ಲಿ,ತ್ರಿಲೋಚನ,ಗೌರಿ ವ್ರತ. ತಲಕಾಡು ವೈದ್ಯೇಶ್ವರ ರಥ (ಚಿಕ್ಕ ಜಾತ್ರೆ).,ಮುದುಗುಂದುರು ಬವಶಂಕರಿ ಹಬ್ಬ,ಭಗಿನಿ ತೃತೀಯಾ,,,,,,,,ತೃತೀಯಾ,18.10,ಜ್ಯೇಷ್ಠಾ,14.19,ಸುಕರ್ಮಾ,28.26,ವಣೆಜ,FULL DAY,ದಕ್ಷಿಣಾಯನ,ಸೌರ ಹೇಮಂತ,27,ಶುಕ್ಲ,ತುಲಾ,ವೃಶ್ಚಿಕ,ಮ.,01:30,03:00,,,,ಬೆ.,9:00,1030,,,,ಬೆ.,06:00,07:30,,,,ಮ.,05:00,04:30,,,,ಬೆ.,04:32,06:18,,,,ಪ್ರೀತಿ,ಲಾಭ,ಪ್ರೀತಿ,ಸಂತೋಷ,ಯಶಸ್ಸು,ಪ್ರೀತಿ,ಧೈರ್ಯ,ಪ್ರತಿರೋಧ,ಸಾಲ,ಆಸೆ,ಒಳ್ಳೆಯದು,ಶುಭಸಮಾಚಾರ
12-12-2026,data\2026\12\12-12-2026.jpg,ಕಾರ್ತಿಕ/ಮಾರ್ಗಶಿರ,ಪರಾಭವ,1948,ವೃಶ್ಚಿಕ/ಧನು,06:32,17:54,"ಶ್ಲ ಎಂಬುದು ಅದೃಷ್ಟವಲ್ಲ, ಅದು ಕಠಿಣ ಪರಿಶ್ರಮ",2ನೇ ಶನಿವಾರ,ಸ್ವದೇಶಿ ದಿನ,ಹುತಾತ್ಮಾ ಬಾಬುಗೆನುಸ್ಕೃತಿದಿನ,ಹುಬ್ಬಳ್ಳಿ ತಾ. ಇಂಗಳಹಳ್ಳಿ ಕರಿಸಿದ್ದೇಶ್ವರ ಜಾತ್ರೆ,ಬ್ಯಾಡಗಿ ತಾ.,ಕದರಮಂಡಲಗಿ ಕಾಂತೇಶ್ವರ ಕಾರ್ತಿಕ ಮತ್ತು ತೆಪ್ಪದ ರಥ,ಕೋಸಹೋಳೆಲು ಮತ್ತು ಮಹಾಕುಟ ಲಕ್ಷ್ಮೀ ದೀಪೋತ್ಸವ,,,,,,,ತೃತೀಯಾ,14.07,ಉ.ಷಾ,30.12,ವೃದ್ಧಿ,11.17,ವಣಿಜ,27.28,ದಕ್ಷಿಣಾಯ,ಸೌರ ಹೇಮಂತ,27,ಶುಕ್ಲ,ವಶಿಕ,ಧನು,ಬೆ.,09:00,10:30,,,,ಬೆ.,06:00,07:30,,,,ಮ.,0113,3:00,,,,ಮ.,12:00,01:30,,,,ಸ.,10:58,12:46,,,,ಅಭಿವೃದ್ದಿ,ಸಂತೋಷ,ಯಶಸ್ಸು,ಪ್ರೀತಿ,ಸಹಾಯ,ಸ್ಪರ್ಧೆ,ಕೋಪ,ಮರೆವು,ಆಸಕ್ತಿ,ವಿಶ್ರಾಂತಿ,ಭ್ರ,ಮೆಚ್ಚುಗೆ
13-01-2026,data\2026\01\13-01-2026.jpg,ಪುಷ್ಯ/ಮಾಘ,ವಿಶ್ವಾವಸು,1947,ಧನು/ಮಕರ,06:45,18:11,ಜ್ಞಾನವೆಂಬ ಖಜಾನೆಗೆ ಅಭ್ಯಾಸವೇ ಕೀಲಿಕೈ,ಜಮಖಂಡಿ ತಾ. ಪ್ರಿರೆಕಡಪಟ್ಟಿ ಜಮಾಲಸಾಬ,ಉರುಸು,ಖ್ವಾಜಾ ಅಮೀರ ಉರುಸು ವಿಜಯಪುರ.,ಹಾವೇರಿ ತಾ. ಹಾಂವಸಿ ಗಡಿಜಾತ್ರೆ,ಸಿದ್ದನಕೊಳ್ಳ,ಸಿದ್ದೇಶ್ವರ ಜಾತ್ರೆ.,,,,,,,,ದಶಮಿ,15.18,ವಿಶಾಖಾ,24.07,ಶೂಲ,19.05,ಬವ,28.37,ಉತ್ತರಾಯಣ,ಸೌರ ಶಿಶಿರ,29,ಕೃಷ್ಣ,"ದನಸು,",17.21,ಮ.,03:00,04:30,,,,ಮ.,12:00,01:30,,,,ಬೆ.,09:00,10:30,,,,ಬೆ.,07:30,09:00,,,,ಮ.,02:12,04:00,,,,ಅನುಕೂಲ,ಶ್ರೇಷ್ಠತೆ,ಪ್ರಾಮಾಣಿಕತೆ,ು ಲಾಭ,ಸಂತೋಷ,ಸಂತೋಷ,ಭಯ,ಸ್ಪರ್ಧೆ,ಮೆಚ್ಚುಗೆ,ಪ್ರೀತಿ,ಸಂಪತ್ತು,ಪ್ರಗತಿ
13-02-2026,data\2026\02\13-02-2026.jpg,,ವಿಶ್ವಾವಸು,1947,ಮಕರ/ ಕುಂಭ,06:42,18:24,ಸ್ಮಾರಕ್ಕೆತಿರಸ್ಕಾರವೇ ಮದ್ದಲ್ಲ ಪ್ರೀತಿಯೇ ದಿವ್ಕಾ,ವಿಜಯಾ ಏಕಾದಶಿ,ಅಗಡಿ ರುದ್ರಮುನಿಸ್ವಾಮಿ,ಜಯಂತಿ,ಬಸವೇಶ್ವರ ರಥ,ಅನಂತಾಡಿ ಶ್ರೀ ಉಳ್ಳಾತ್ತಿ,ಅಮ್ಮನವರ ತೆಂಬೂಲ ಪೂಜೆ,ಗುಷದುರು,ಸಿದ್ದಲಿಂಗೇಶ್ವರ ರಥ.,,,,,,ಏಕಾದಶಿ,14.26,ಮೂಲಾ,16.13,ವಜ್ರ,27.23,ಕೌಲವ,27.18,ಉತ್ತರಾಯಣ,ಸೌರ ಶಿಶಿರ,1,ಕೃಷ್ಣ,ಕುಂಭ,ಧನು,ಬೆ.,10:30,12:00,,,,ಬೆ.,07:30,09:00,,,,ಮ.,03:00,04:30,,,,ಮ.,01:30,03:00,,,,ಬೆ.,09:08,10:54,,,,ಯಶಸ್ಸು,ಒಳ್ಳೆಯದು,ಆತಂಕ,ಸಾಧನೆ,ಕೋಪ,ಗಮನ,ಅಭಿವೃದ್ಧಿ,ಅಲೆದಾಟ,ಪ್ರಗತಿ,ಬಳಂಜ,ಯಶಸ್ಸ,ಯೋಗ
13-03-2026,data\2026\03\13-03-2026.jpg,ವಿಶ್ವಾವಸು ಪರಾಭವ,ವಿಶ್ವಾವಸು ಪರಾಭವ,1947,ಕುಂಭ/ಮೀನ,06:28,18:30,“ನಿನ್ನಹೋರಾಟವಿದ್ದರೆ ಗೆಲುವು ಖಚಿತ,ಬೆಲ್ಲದಬಾಗೇವಾಡಿ ಮಹಾಂತ ಸ್ವಾಮಿ ಪುಣ್ಯ ತಿಥಿ ಜಾತ್ರೆ,ಹೊನ್ನಾಳಿ ತಾ. ಕುಂದೂರು ಅಂಜನೇಯ ರಥ,ಹಿಮವದ್ಗೋಪಾಲಸ್ವಾಮಿ ರಥ,ಪಾರಶಿ ಆಬಾನ,ಮಾಸಾರಂಭ.,,,,,,,,,ದಶಮಿ,FULL DAY,ಪೂ.ಷಾ,27.03,ಪ್ಯಕೀಪಾತ,16.32,ವಣಿಜ,19.25,ಉತ್ತರಾಯಣ,ಸೌರ ವಸಂತ,29,ಕೃಷ್ಣ,ಕುಂಭ,ದನು,ಬೆ.,10:30,12:00,,,,ಬೆ.,07:30,09:00,,,,ಮ.,03:00,04:30,,,,ಮ.,01:30,3:0,,,,ಸ.,09:47,11:32,,,,ದಡ ನಿರ್ಧಾರ,ಮರೆವು,ಪ್ರತಿರೋಧ,ಒಳ್ಳೆಯದು,ಯಶಸ್ಸು,ಪ್ರಗತಿ,ಆಸೆ,ಸ್ನೇಹ,ದಾನ,ಸಂತೋಷ,ಸಾಲ,ಉಡುಗೊರೆ
13-04-2026,data\2026\04\13-04-2026.jpg,ಚೈತ್ರ|ವೈಶಾಖ,ಪರಾಭವ,1948,ಮೀನ/ಮೇಷ,06:08,18:32,"ಮ್ಮಸಾಮರ್ಥ್ಯವನ್ನು ನಂಬಿ, ಗೆಲುವು ನಿಮ್ಮೆಡೆಗೆ ಬರು",ವರುಧಿನಿ ಏಕಾದಶಿ,ಪಂಚಕ,ಮುದ್ದೇಬಿಹಾಳಾ,ತಾ. ಗೋನಾಳ ಶಿವಶರಣೆ ಸಾವಿತ್ರ್ಯಮ್ಮ,ಪುಣ್ಯತಿಥಿ,ವಲ್ಲಭಾಚಾರ್ಯ ಜಯಂತಿ,,,,,,,,ಏಕಾದಶಿ,25.0,ಧನಿಷ್ಠಾ,16.04,ಶುಭ,17.17,ಬವ,13.19,ಉತ್ತರಾಯಣ,ಸೌರ ವಸಂತ,30,ಕೃಷ್ಣ,ಮೀನ,ಕುಂಭ,ಬೆ.,07:30,09:00,,,,ಮ.,0113,03:00,,,,ಬೆ.,10:30,12:00,,,,ಬೆ.,66,16:36,,,,ಬೆ.,05:18,06:57,,,,ಶ್ರೇಷ್ಠತೆ,ರವ,ಪ್ರೋತ್ಸಾಹ,ಸ್ನೇಹ,ಸಹಾಯ,ಪ ಮೆಚ್ಚುಗೆ,ಪ್ರೀತಿ,ಭಕ್ತಿ,ಸ್ಪರ್ಧೆ,ಪ್ರೀತಿ,ಸಾಧನೆ,ಅಭಿವೃದ್ದಿ
13-05-2026,data\2026\05\13-05-2026.jpg,ವೈಶಾಖ|ಅಧಿಕ ಜ್ಯೇಷ್ಠ,ಪರಾಭವ,1948,ಮೇಷ/ವೃಷಭ,05:54,18:37,ವಾದ ಶಿಕ್ಷಣವೆಂದರೆ ಮಾನವೀಯತೆಯ ವಿಕ,ಅಪರಾ ಏಕಾದಶಿ. ಪಂಚಕ. ನವಲಗುಂದ ತಾ.,ಹೆಬ್ಬಾಳ ಪಾಂಡುರಂಗ ದಿಂಡಿ ಮಹೋತ್ಸವ,ಹಂಚಲೆ ತಾ. ದೇವರಹಿಪ್ಪರಗಿ ಶ್ರೀ ಲಕ್ಷ್ಮೀದೇವಿ,ಕುಷ್ಟಗಿ ತಾ. ಗುಂಗೇರಾ ದುರ್ಗಾದೇವಿ ಜಾತ್ರೆಗಳು,,,,,,,,,,ಏಕಾದಶಿ,13.30,ಉ.ಭಾ,24.18,ಎಿಷೃಂಭ,20.55,ಕಲವ,24.31,ಉತ್ತರಾಯಣ,ಸೌರ ಗ್ರೀಷ್ಮ,30,ಕೃಷ್ಣ,ಮೇಷ,ಮೀನ,ಮ.,12:00,01:30,,,,ಬೆ.,10:30,12:00,,,,ಬೆ.,07:30,09:00,,,,ಬೆ.,06:00,07:30,,,,ಸ.,07:41,09:13,,,,ಅನುಕೂಲ,ಶಾಂತಿ,ಮೆಚ್ಚುಗೆ,ಗೌರವ,ಸಂತೋಷ,ಪ್ರಯತ್ನ,ಯಶಸ್ಸು,ಅನಾರೋಗ್ಯ,ಸಾಲ,ಸಂಪತ್ತು,ಒಳ್ಳೆಯದು,ಲಾಭ
13-06-2026,data\2026\06\13-06-2026.jpg,ಅ.ಜ್ಯೇಷ್ಠ/ನಿ.ಜ್ಯೇಷ್ಠ,ಪರಾಭವ ನಾಮ,1948,ವೃಷಭ/ಮಿಥುನ,05:53,18:46,ನೀನೇ ನಿನ್ತ ಬಾಳಿನ ಶಿಲ್ಪಿ,2ನೇ ಶನಿವಾರ,ಮಾಸ ಶಿವರಾತ್ರಿ,,,,,,,,,,,,ತ್ರಯೋದಶಿ,16.08,ಕೃತ್ತಿಕಾ,25.17,ಸುಕರ್ಮಾ,17.25,ಸಟ!,05.56,ಉತ್ತರಾಯಣ,ಸೌರ ಗ್ರೀಷ್ಮ,30,ಕೃಷ್ಣ,ವಷಭ,ಮೇಷ,ಬೆ.,09:00,10:30,,,,ಬೆ.,06:00,07:30,,,,ಮ.,01:30,03:00,,,,ಮ.,12:00,01:3,,,,ಸ.,11:09,12:34,,,,ಒಳ್ಳೆಯದು,ವಿಶ್ರಾಂತಿ,ಖರ್ಚು,ಸಹಾಯ,ಮರೆವು,ದಾನ,ಅನುಕೂಲ,ಯಶಸ್ಸು,ಶಾಂತಿ,ಪ್ರಯತ್ನ,ಆಭಿವೃದ್ಧಿ,ಪ್ರತಿರೋಧ
13-07-2026,data\2026\07\13-07-2026.jpg,ನಿಜ ಜ್ಯೇಷ್ಠ/ಆಷಾಢ,ಪರಾಭವ,1948,ಮಿಥುನ/ಕರ್ಕ,06:00,18:50,'ನಸಿಗಿಂತ ನಿನ್ನ ಭಯ ದೊಡ್ಡದಾಗಬ,ಶ್ರೀ ಎಚ್ಚರ ಸ್ವಾಮಿಗಳ ಲೋಬಾನ ಹಳೇಕೋಟ. ತಾ.,ಸಿರಗುಪ್ಪ ತಿರುಮುರಿ ದೇವರ ಜಾತ್ರೆ,ನೆಲ್ಲಿದಾರ,ಬ್ರಹ್ಮಸ್ತಂಭಾರೋಹಣ,ಸೋಮವತಿ ಅಮವಾಸ್ಯೆ,ಮಾಸ ಶಿವರಾತ್ರಿ,ವಿದ್ಯಾರಣ್ಯರ ಪುಣ್ಯತಿಥಿ.,,,,,,,ಚತುರ್ದಶಿ,18.50,ಆದ್ರಾ,26.52,ಧ್ರುವ,16.1,ಜಎಷ್ತರೆಯ।,08.40,ದಕ್ಷಿಣಾಯನ,ರ್ದಶಿ 18.50,29,ಕೃಷ್ಣ,ಮಿಹುನ,ಮಿಥುನ,ಬೆ.,07:30,09:00,,,,ಮ.,0113,03:00,,,,ಬೆ.,10:30,12:00,,,,ಬೆ.,09:00,10:30,,,,ಸ.,06:02,07:27,,,,ತಾಳ್ಮೆ,ಒಳ್ಳೆಯ ಕೆಲಸ,ಲಾಭ,ಪ್ರೋತ್ಸಾಹ,ಸಾಲ,ಗಮನ,ಖರ್ಚು,ಕೀರ್ತಿ,ಮೆಚ್ಚುಗೆ,ಉತ್ಪಾಹ,ಪ್ರೀತಿ,ಭಕ್ತಿ
13-08-2026,data\2026\08\13-08-2026.jpg,ಆಷಾಢ|ಶ್ರಾವಣ,ಪರಾಭವ,1948,ಕರ್ಕ/ಸಿಂಹ,06:07,18:41,ಮಾಡಿದ ಪ್ರಯತ್ನವೇ ನಾಳೆಯ ಯಶಸ್ಸಿನ ಅಡಿ,ನಕ್ತ ವ್ರತಾರಂಭ. ಬೃಹಸ್ಪತಿ ಪೂಜೆ. ಇಷ್ಟಿ. ಶ್ರೀ ಗುರು ಗಂಗಲಿಂಗ,ಮಾಹಾ. ಜಾತ್ರೆ ಅಗರಖೇಡ ತಾ. ಇಂಡಿ. ಗಂಗಾವತಿ ಶ್ರೀ,ವೀರಭದ್ರ ದೇವರ ಅಗ್ನಿಕೊಂಡ. ಗೋಪಾಲ ಒಡೆಯರ,ಆರಾಧನೆ. ಶ್ರೀ ಲಿಂಗಾವಧೂತ ಹಟ್ಟಿ ಚಿನ್ನದಗಣಿ ಜಾತ್ರೆ,,,,,,,,,,ಪ್ರತಿಪದಾ,20.42,ಮಘಾ,28.39,ವರೀಯಾನ,12.16,ಕಂಸ್ತುಘ್ನ,5.51,ದಕ್ಷಿಣಾಯನ,ಸೌರ ವರ್ಷಾ,29,ಶುಕ್ಲ,ಕರ್ಕ,ಸಿಂಹ,ಮ.,01:30,03:00,,,,ಬೆ.,09:00,1013,,,,ಬೆ.,06:00,07:30,,,,ಮ.,05:00,04:30,,,,ಬೆ.,6:55,66:06,,,,ಸರ್ಧೆ,ಡಿಂತೆ,ಆತಂಕ,ಭಕ್ತಿ,ಕೋಪ,ದಯೆ,ಯೋಗ,ಸಂತೋಷ,ಶ್ರೇಷ್ಠತೆ,ಅಭಿವೃದ್ದಿ,ವಿಳಂಬ,ನಿಷೇಧ
13-09-2026,data\2026\09\13-09-2026.jpg,ಶ್ರಾವಣ/ಭಾದ್ರಪದ,ಪರಾಭವ,1948,ಸಿಂಹ/ಕನ್ಯಾ,06:08,18:22,ಇ್ಲಹೆಜೆಗಳೂ ದೊಡ್ಡದೂರ ತಲುಪಿಸುತ:,ಚಂದ್ರ ದರ್ಶನ,ಹರತಾಳಿಕಾ,ಗಜಗೌರಿ,ಶ್ರೀಭೂವರಾಹ,ಜಯಂತಿ,ಸಾಮವೇದಿ ಉಪಕರ್ಮ,ತಾಪಸ ಮನ್ವಾದಿ,ಆಳಂದ ಸದ್ಗುರು ಶರಣಶೀವವಲಿಂಗೇಶ್ವರ ಸಾಧೂ ಮಹಾ.,ಅಡ್ಡಪಲ್ಲಕ್ಕಿ ಉತ್ಸವ.,,,,,ದ್ವಿತೀಯಾ,07.09,ಹಸ್ತ,13.7,ಶುಕ್ತ,13.43,ತೈತಿಲ,19.03,ದಕ್ಷಿಣಾಯನ,ಸೌರ ಶರದ,28,ಶುಕ್ಲ,ಸಿಂಹ,ಕನ್ಯಾ,ಸ.,04:30,06:00,,,,ಮ.,65:00,64:30,,,,ಮ.,12:00,01:30,,,,ಬೆ.,1013,12:00,,,,ಸ.,07:04,08:40,,,,ಸಂತೋಷ,* ಸಂತೋಷ,ಅನುಕೂಲ,ಕಾಟರ್ಕ ' ಲಾಭ,ಅಸೂಯೆ,ಕೀರ್ತಿ,ಸ್ನೇಹ,ಯಶಸ್ಸು,ಉತ್ಸಾಹ,ಯಶಸ್ಸು,ದೃಢ ನಿರ್ಧಾರ,ಕುತೂಹಲ
13-10-2026,data\2026\10\13-10-2026.jpg,ಭಾದ್ರಪದ/ಅಶ್ವೀನ,ಪರಾಭವ,1948,ಕನ್ಯಾ/ ತುಲಾ,06:09,18:02,"ಪ್ರತಿದಿನ ಸ್ನಲ್ಪಮುಂದೆ ಹೋಗು, ಸಾಕೆ",ಹಂಪೆ ಜಗದ್ಗುರು ಶ್ರೀ ನೃಸಿಂಹ ಭಾರತಿ ಪೂರ್ವಜಯಂತಿ,ಕೊಪ್ಪಳ ಜಿ. ಯಲಬುರ್ಗಾ ಧರಮುರಡಿಮಠ,ಬಸವಲಿಂಗಸ್ವಾಮಿ ಪು.ತಿ. ಕಟಪಾಡಿ ಕಾಳಿಕಾಂಬಾ,ದೇವಸ್ಥಾನದಲ್ಲಿ ಚಂಡಿಕಾಹೋಮ,ಸಪ್ತರಾತ್ರೋತ್ಸವ.,,,,,,,,,ತೃತೀಯಾ,23.28,ವಿಶಾಖಾ,25.43,ಪ್ರೀತಿ,20.24,ತೈತಿಲ,10.47,ದಕ್ಷಿಣಾಯ,ಸೌರ ಶರದ,27,ಶುಕ್ಲ,ಕನ್ನಾ,ತುಲಾ,ಮ.,03:00,04:30,,,,ಮ.,12:00,01:30,,,,ಬೆ.,09:00,10:30,,,,ಬೆ.,07:36,6:0,,,,ಮ.,04:14,05:57,,,,ತಾಳ್ಮೆ,ಅಭಿವೃದ್ಧಿ,ಪ್ರೀತಿ,ಅಭಿವೃದ್ದಿ,ಬುದವಂತಿಕೆ,ಅನುಕೂಲ,ನಿರಾಶೆ,ಪ್ರೋತ್ಸಾಹ,ತೊಂದರೆ,ಅನಾರೋಗ್ಯ,_ ಶ್ರೇಷ್ಠತೆ,ಸಂತೋಷ
13-11-2026,data\2026\11\13-11-2026.jpg,ಅಶ್ವೀನ|ಕಾರ್ತಿಕ,ಪರಾಭವ,1948,ತುಲಾ/ವೃಶ್ಚಿಕ,06:17,17:50,ಅಂಗೈ ಹುಣ್ಣಿಗೆ ಕನ್ನಡಿ ಯಾಕೆ,ವಿನಾಯಕ ಚತುರ್ಥಿ,ಬುಧ ಮಾರ್ಗಿ,ಬಳ್ಳಾರಿ ತಾ. ಹರಗಿನ,ಡೋಣಿ ಶ್ರೀತಟ್ರ ಕಲ್ಲು ಬುಗ್ಗಪ್ಪ ತಾತ ಜಾತ್ರೆ.,ಮುದಗುಂದೂರು ತೆಪ್ಪೋತ್ಸವ,ವಿಶ್ವ ದಯೆ ದಿನ,,,,,,,,ಚತುರ್ಥಿ,20.43,ಮೂಲಾ,17.17,ಠಥೃತಿ,29.23,ವಣಿಜ,07.25,ದಕ್ಷಿಣಾಯನ,ರ್ಥಿ 20.43,28,ಶುಕ್ಲ,ತುಲಾ,ಧನು,ಬೆ.,10:30,12:00,,,,ಬೆ.,0713,09:0,,,,ಮ.,03:00,04:30,,,,ಮ.,01:30,03:00,,,,ಬೆ.,10:05,11:53,,,,ಸಂತೋಷ,ಪ್ರತಿಭೆ,ಲಾಭ,ಅಭಿವೃದ್ಧಿ,ಪ್ರೀತಿ,ಸಾಲ,ಪರಿಶ್ರಮ,ಪ್ರೀತಿ,ಆಸೆ,ಸಂತೋಷ,ನಿರಾಶೆ,ತಾಳ್ಮೆ
13-12-2026,data\2026\12\13-12-2026.jpg,ಕಾರ್ತಿಕ/ಮಾರ್ಗಶಿರ,ಪರಾಭವ,1948,ವೃಶ್ಚಿಕ/ಧನು,06:32,17:55,ದಿನ ಕೆಲಸ ನಾಳಿನ ಯಶಸಿಗೆ ಮೆಟ್ಟಿ,ಕದರಮಂಡಲಗಿ ಆಂಜನೇಯಸ್ವಾಮಿ ತೆಪ್ಪೋತ್ಸವ,ವಿನಾಯಕ,ಚತುರ್ಥಿ,ಗುರು ವಕ್ರಿ,ಸವಡಿ ಸಂಗಮೇಶ್ವರ ಕಾರ್ತಿಕ,ಎರೇಸಿಗೇಮ್ಮನ,ಉತ್ಸವ ಹಾಗೂ ವೀರಭದ್ರೇಶ್ವರ ಕಾರ್ತಿಕ,ತೀರುಚಾನೂರ ಆನೇಗುಡ್ಡ,ರಥ,ಆಸುಟಿ ಗಣಪತಿ ರವಳನಾಥ ಉತ್ಸವ.,,,,ಚತುರ್ಥಿ,16.48,ಶ್ರವಣ,FULL DAY,ಧ್ರುವ,12.15,ಬವ,30.05,ದಕ್ಷಿಣಾಯ,ರ್ಥ 16.35,28,ಶುಕ್ಲ,ವಶಿಕ,ಮಕರ,ಸ.,04:30,06:00,,,,ಮ.,5:00,64:30,,,,ಮ.,12:00,01:30,,,,ಬೆ.,10:30,12:00,,,,ಸ.,09:30,11:18,,,,ಪ್ರಯತ್ನ,ಸೌಮ್ಯತ,ಗಾರವ,ಶ್ರೇಷ್ಠತೆ,ಯಶಸ್ಸು,ಯೋಗೆ,ಸಹಾಯ,ಪರಿಶ್ರಮ,ಕರುಣೆ,ಸ್ಟೇಹ,ಕೋಪ,ತೊಂದರೆ
14-01-2026,data\2026\01\14-01-2026.jpg,ಪುಷ್ಯ/ಮಾಘ,ವಿಶ್ವಾವಸು,1947,ಧನು/ಮಕರ,06:45,18:11,ನು ಏನಾದರೂ ಆಗು ಮೊದಲು ಮಾನವನಾ,ಕಾದರಹಳ್ಳಿ ಜ್ಞಾನ ಸಪ್ತಾಹ ಪ್ರಾರಂಭ,ಪೊಂಗಲ್‌,ಅಮೃತ ಸಿದ್ದಿಯೋಗ ಪ್ರಾರಂಭ. ಬಸವಕ್ರಾಂತಿ ದಿನ,ತ್ರಂಬಕೇಶ್ವರ ಸಂತ ನಿವೃತ್ತಿನಾಥ ಜಾತ್ರೆ,ರಾಜಾ,ಭಗೀರಥ ಜಯಂತಿ.,,,,,,,,ಏಕಾದಶಿ,17.53,ಅನುರಾಧಾ,27.04,ಗಂಡ,19.56,ಕೌಲವ,FULL DAY,ಉತ್ತರಾಯಣ,ಸೌರ ಶಿಶಿರ,1,ಕೃಷ್ಣ,ಧನಸ್ಸು,ವಶ್ಚಿಕ,ಮ.,12:00,01:30,,,,ಬೆ.,10:30,12:00,,,,ಬೆ.,07:30,09:00,,,,ಬೆ.,06:00,07:30,,,,ಮ.,03:23,05:10,,,,ಭಕ್ತಿ,ಯಶಸ್ಸು,ಸಾಲ,ದುಃಖ,ಯಶಸ್ಸು,ವಿನಯ,ತೊಂದರೆ,ಕರುಣೆ,ಪ್ರೀತಿ,ಸಂತೋಷ,ಒಳ್ಳೆಯದು,ತೊಂದರೆ
14-02-2026,data\2026\02\14-02-2026.jpg,,ವಿಶ್ವಾವಸು,1947,ಮಕರ/ ಕುಂಭ,06:42,18:25,ಒಹಾದಿಯಲ್ಲಿ ಮುಳ್ಳು ಚೆಲ್ಲಿದವರ ಹಾದಿಯಲ್ಲಿ ಹೂ,2ನೇ ಶನಿವಾರ,ಕಟಪಾಡಿ,ಸಾಲಿಕೇರಿ,ಅಗಲಪಾಡಿ,ಪಾಣಿ ಮಂಗಳೂರು,ಮೊಗರ್ನಾಡು,ಹೆಬ್ರಿ ಅನಂತ,ಪದ್ಮನಾಭ,ಸೌಕಾರು ದುರ್ಗಾಪರಮೇಶ್ವರಿ ರಥಗಳು,ಶನಿಪ್ರದೋಷ.,,,,ದ್ವಾದಶಿ,16.02,ಪೂ.ಷಾ,18.16,ಸಿದ್ಧಿ,27.18,ಗರಜ,28.38,ಉತ್ತರಾಯಣ,ಸೌರ ಶಿಶಿರ,2,ಕೃಷ್ಣ,ಕುಂಭ,ಧನು,ಬೆ.,09:00,10:30,,,,ಬೆ.,06:00,07:30,,,,ಮ.,01:30,03:00,,,,ಮ.,12:00,01:30,,,,ಸ.,01:03,02:47,,,,ಮೆಚ್ಚುಗೆ,ಖರ್ಚು,ಶಾಂತಿ,ಅನುಕೂಲ,ಸ್ಟೇಹ,ಒಳ್ಳೆಯದು,ಯಶಸ್ಸು,ಪ್ರೀತಿ,ರಾಭ,ಆಯಾಸ,ಭಕ್ಷ್ಮ,ವಿಶ್ರಾಂತಿ
14-03-2026,data\2026\03\14-03-2026.jpg,ವಿಶ್ವಾವಸು ಪರಾಭವ,ವಿಶ್ವಾವಸು ಪರಾಭವ,1947,ಕುಂಭ/ಮೀನ,06:28,18:30,"ಇರಾತಕವಾಗಿ ಯೋಚಿಸು, ಗೆದ್ದೆಗೆಲ್ಲುತ್ತಿ",2ನೇ ಶನಿವಾರ,ಬುದ್ದ ಪುರ್ವೊದಯ ಭದ್ರಾ ಸಮಾಪ್ತಿ,ಬೆಳಿಗ್ಗೆ 8:12. ಘಬಾಡ ಪ್ರಾರಂಭ ಉತ್ತರ ರಾತ್ರಿ 4:49.,ಇಳಕಲ್ಲ ತಾ. ಚಿಕ್ಕನಾಳ ಮಾರುತೇಶ್ವರ ರಥ.,,,,,,,,,,ದಶಮಿ,08.11,ಉ.ಷಾ,28.49,ಪಹಾನ,16.27,ಬವ,20.4,ಉತ್ತರಾಯಣ,ಸೌರ ವಸಂತ,30,ಕೃಷ್ಣ,ಕುಂಭ,ಧನು,ಬೆ.,09:00,10:30,,,,ಬೆ.,06:00,07:30,,,,ಮ.,01:30,3:00,,,,ಮ.,12:00,01:3,,,,ಸ.,09:56,11:40,,,,ಪ್ರೀತಿ,ಪ್ರೀತಿ,ತಾಳ್ಮೆ,ಅಸೂಯೆ,ಖರ್ಚು,ನಷ್ಟ,ಶ್ರೇಷ್ಠತೆ,ಸ್ಫರ್ಧೆ,ಚಿಂತೆ,ಪ್ರೋತ್ಸಾಹ,ಸಂತೋಷ,ಅಭಿವೃದ್ದಿ
14-04-2026,data\2026\04\14-04-2026.jpg,ಚೈತ್ರ|ವೈಶಾಖ,ಪರಾಭವ,1948,ಮೀನ/ಮೇಷ,06:07,18:32,ಗತ್ತಿನಲ್ಲಿಯಾವುದು ಶಾಶ್ವತವಲ್ಲಅರಿತು ನಡೆ ಇದೆ 2,ಡಾ. ಬಿ. ಆರ್‌. ಅಂಬೇಡ್ಕರ್‌ ಜಯಂತಿ,ಮೇಷ ಸಂಕ್ರಾಂತಿ,ಅಶ್ವಿನಿ ಮಳೆ,ಪ್ರಾರಂಭ,ಯೇಲೂರು ರಥ,,,,,,,,,ದ್ವಾದಶಿ,24.13,ಶತಭಿಷಾ,16.06,ಶುಕ್ಷ,15.39,ಕೌಲವ,12.47,ಉತ್ತರಾಯಣ,ಸೌರ ವಸಂತ,1,ಕೃಷ್ಣ,ಮೀನ,ಕುಂಭ,ಮ.,03:00,04:30,,,,ಮ.,12:00,01:30,,,,ಬೆ.,09:00,10:30,,,,UNKNOWN,15,,,,,ಜ.,02:23,03:53,ಮ.,09:33,11:05,ಗಮನ,ಅಸೂಯೆ,ಜೀವನ,ಯಶಸ್ಸು,ಲಾಭ,ದಯೆ,ಅನುಕೂಲ,ಕುತೂಹಲ,ಅನಾರೋಗ್ಯ,ಆನಂದ,ಆಸಕ್ತಿ,ಆಯಾಸ
14-05-2026,data\2026\05\14-05-2026.jpg,ವೈಶಾಖ|ಅಧಿಕ ಜ್ಯೇಷ್ಠ,ಪರಾಭವ,1948,ಮೇಷ/ವೃಷಭ,05:54,18:37,"ಏಳಿ ಏದ್ದೇಳಿ, ಗುರಿ ಮುಟ್ಟುವ ತನಕ ನಿಲ್ಲದಿರಿ",ಶುಕ್ರ ಮಿಥುನದಲ್ಲಿ. ಬುಧ ಮಿಥುನದಲ್ಲಿ. ಛ.,ಸಂಭಾಜಿ ಮಹಾರಾಜ ಜಯಂತಿ. ಶ್ರೀ,ದುರ್ಗಾದೇವಿ ಜಾತ್ರೆ ನಾಗರಾಳ. ಕಾಖಂಡಕಿ,ಮಲ್ಲಾರಾಧ್ಯರತನಾರತಿ.,,,,,,,,,,ದ್ವಾದಶಿ,11.21,ರೇವತಿ,2.34,ಪ್ರೀತಿ,1.53,ಗರಜ,22.01,ಉತ್ತರಾಯಣ,ಸೌರ ಗ್ರೀಷ್ಮ,31,ಕೃಷ್ಣ,ಮೇಷ,ಮೀನ,ಮ.,01:30,03:00,,,,ಬೆ.,09:00,1013,,,,ಬೆ.,06:00,07:30,,,,ಮ.,05:06,04:36,,,,ರಾ.,08:20,09:49,,,,ಭಯ,ದಯೆ,ವಿಶ್ರಾಂತಿ,ಕೋಪ,ಲಾಭ,ಸಾಲ,ಉಡುಗೊರೆ,ಯಶಸ್ಸು,ಸಹಾಯ,ಅನುಕೂಲ,* ಯಶಸ್ಸು,ತಾಳ್ಮೆ
14-06-2026,data\2026\06\14-06-2026.jpg,ಅ.ಜ್ಯೇಷ್ಠ/ನಿ.ಜ್ಯೇಷ್ಠ,ಪರಾಭವ ನಾಮ,1948,ವೃಷಭ/ಮಿಥುನ,05:53,18:46,ುಧಿಸುವ ಹಠವಿದರೆ ಆಕಾಶವೇ ಮಿ.,ವಿಶ್ವ ರಕ್ತದಾನ ದಿನ,ಹಾನಗಲ್ಲ ತಾ|| ಅಕ್ಕಾಲೂರು,ಲಿಂ. ಚನ್ನವೀರ ಮಹಾಸ್ವಾಮಿಗಳ ಪುಣ್ಯಸ್ಮರಣೆ,ದರ್ಶ ಅಮವಾಸ್ಯೆ.,,,,,,,,,,ಚತುರ್ದಶಿ,12.20,ರೋಹಿಣಿ,22.14,ಠೃತಿ,3.15,ಚತುಷ್ಪಾದ,2.22,ಉತ್ತರಾಯಣ,ರ್ದಶಿ 12.20,31,ಕೃಷ್ಣ,ವಷಭ,ವೃಷಭ,ಮ.,04:30,06:00,,,,ಮ.,05:00,04:30,,,,ಮ.,12:00,01:30,,,,ಬೆ.,10:30,12:00,,,,ಸ.,07:26,08:50,,,,ಭಕ್ತಿ,ಪ್ರಯತ್ನ,ಸೌಾಮತೆ,ಸಂತೋಷ,ಗೌರವ,ಯಶಸ್ಸು,ಪ್ರೀತಿ,ಆಸ್ತಿ,ಕೀರ್ತಿ,ಸಾಲ,ಒಳ್ಳೆಯದು,ಭಯ
14-07-2026,data\2026\07\14-07-2026.jpg,ನಿಜ ಜ್ಯೇಷ್ಠ/ಆಷಾಢ,ಪರಾಭವ,1948,ಮಿಥುನ/ಕರ್ಕ,06:00,18:50,ನೀನು ಸೀನಾಗಿರುವುದೇ ನಿನ್ನ ಶಕ್ತಿ,ಮಣ್ಣೆತ್ತಿನ ಅಮಾವಾಸ್ಯೆ,ಮೃತ್ತಿಕಾ ವೃಷಭ ಪೂಜನ,ಸೋಮದೇವರಪಟ್ಟಿ ಜಿ.ವಿಜಯಪೂರ ಮಾತಾ,ದುರ್ಗಾದೇವಿ ಜಾತ್ರೆ,ಮಿರಜ ಜಿ. ಸಾಂಗಲಿ,ವೀರಭದ್ರೇಶ್ವರ ರಥೋತ್ಸವ.,,,,,,,,ಅಮಾವಾಸ್ಯೆ,15.14,ಪುನರ್ವಸು,24.10,ವ್ಯಾಘಾತ,11.57,ಕಿಂಸ್ತುಘ್ಹ,25.30,ದಕ್ಷಿಣಾಯನ,ಸೌರ ವರ್ಷಾ,30,ಕೃಷ್ಣ,ಮಿಹುನ,ಮಿಥುನ,ಮ.,03:00,04:30,,,,ಮ.,12:00,01:30,,,,ಬೆ.,09:00,10:30,,,,ಬೆ.,07:30,09:00,,,,ಸ.,10:01,11:27,,,,* ಆಲೋಚನೆ,ಸಹಾಯ,ಭಕ್ತಿ,ಆತಂಕ,ಯಶಸ್ಸು,ಅಭಿವೃದ್ಧಿ,ಮೆಚ್ಚುಗೆ,ಉಡುಗೊರೆ,ಸಂತೋಷ,ಅನುಕೂಲ,ಅನುಕೂಲ,ಯಶಸ್ಸು
14-08-2026,data\2026\08\14-08-2026.jpg,ಆಷಾಢ|ಶ್ರಾವಣ,ಪರಾಭವ,1948,ಕರ್ಕ/ಸಿಂಹ,06:07,18:41,"ಸೋಲು ಅಂತ್ಯವಲ್ಲ, ಅದು ಪಾಠ",ಶುಭ ದಿನ. ಸಂಪತ್‌ ಶುಕ್ರವಾರ. ಜೀವಂತಿಕಾ ಪೂಜೆ.,ಮಹಾಲಕ್ಷ್ಮೀ ಸ್ಥಾಪನೆ ಮತ್ತು ಪೂಜೆ,ಚಂದ್ರದರ್ಶನ,,,,,,,,,,,ದ್ವಿತೀಯಾ,18.47,ಪೂರ್ವಾ,27.43,ಪರಿಘ,9.29,ಡಲ,30.0,ದಕ್ಷಿಣಾಯನ,ಸೌರ ವರ್ಷಾ,30,ಕೃಷ್ಣ,ಕರ್ಕ,ಸಿಂಹ,ಬೆ.,10:30,12:00,,,,ಬೆ.,07:30,09:00,,,,ಮ.,03:00,04:30,,,,ಮ.,01:30,03:00,,,,ಬೆ.,08:53,10:29,,,,ಪರಿಶ್ರಮ,ಶ್ರೇಷ್ಠತೆ,ಸ್ಲೇಹ,ಕೀರ್ತಿ,ಅನುಕೂಲ,ಪ್ರೀತಿ,ಒಳ್ಳೆಯದು,ಉಡುಗೊರೆ,ಲಾಭ,ಸ್ಪರ್ಧೆ,ಬಿಶ್ರಾಂತಿ,ಪ್ರೋತ್ಸಾಹ
14-09-2026,data\2026\09\14-09-2026.jpg,ಶ್ರಾವಣ/ಭಾದ್ರಪದ,ಪರಾಭವ,1948,ಸಿಂಹ/ಕನ್ಯಾ,06:08,18:21,"ಕು ನಿನ್ನ ವಿರುದ ಅಲ, ನಿನ್ನನ್ನು ರೂಪಿಸ",ಶ್ರೀ ಗಣೇಶ ಚತುರ್ಥಿ,ಹರತಾಲಿಕಾ ಪೂಜೆ,ಸ್ವರ್ಣಗೌರಿ,ಪ್ರತ,ಪಿಠಾಪೂರ ಶ್ರೀಪದ ಶ್ರೀವಲ್ಲಭ ಜಯಂತಿ,ಕುರಗಡ್ಡಿ,ಶ್ರೀಪಾದ ವಲ್ಲಭ ಜಯಂತಿ ಬಾದಾಮಿ ತಾ. ಕಾಡರಕೊಪ್ಪ,ಶ್ರೀ ವೀರಾನಂದರ ಪುಣ್ಯಾರಾಧನೆ.,,,,,,ತೃತೀಯಾ,07.07,ಚಿತ್ರಾ,13.55,ಬ್ರಹ್ಮಾ,12.47,ವಣಿಜ,19.21,ದಕ್ಷಿಣಾಯನ,ಸೌರ ಶರದ,29,ಶುಕ್ಲ,ಸಿಂಹ,ತುಲಾ,ಬೆ.,07:30,09:00,,,,ಮ.,0113,03:00,,,,ಬೆ.,10:30,12:00,,,,ಬೆ.,09:00,10:30,,,,ಬೆ.,07:18,08:57,,,,ಅನುಕೂಲ,ಖರ್ಚು,ಲಾಭ,ಕಾಟರ್ಕ ವಿಶ್ರಾಂತಿ,ಆಲೋಚನೆ,ತೊಂದರೆ,ವಿಳಂಬ,ಭಯ,ಪ್ರತಿರೋಧ,“ಕೋಪ,ಶ್ರೇಷ್ಠತೆ,ಲಾಭ
14-10-2026,data\2026\10\14-10-2026.jpg,ಭಾದ್ರಪದ/ಅಶ್ವೀನ,ಪರಾಭವ,1948,ಕನ್ಯಾ/ ತುಲಾ,06:09,18:01,ಮನಸ್ಸು ಬಲವಾಗಿದ್ದರೆ ಪರಿಸ್ಲಿತಿ ಸೋಲುತ್ತ,ವಿನಾಯಕ ಚತುರ್ಥಿ,ಹರಿಹರ ನೀಲಕಂಠಪ್ರಭು,ಪು.ತಿ.. ಪಾರಶಿ ಖೋರ್ದಾದ ಮಾಸಾರಂಭ,ಉಮಾ ಮಹೇಶ್ವರ ವ್ರತ.,,,,,,,,,,ಚತುರ್ಥಿ,25.14,ಅನುರಾಧಾ,28.03,ಆಯುಷ್ಮಾನ,20.39,ವಣೆಜ,12.17,ದಕ್ಷಿಣಾಯ,ರ್ಥಿ 25.14,28,ಶುಕ್ಲ,ಕನ್ನಾ,ವೃಶ್ಚಿಕ,ಮ.,12:00,01:30,,,,ಬೆ.,10:30,12:00,,,,ಬೆ.,07:30,09:00,,,,ಬೆ.,06:00,07:30,,,,ಸ.,04:38,06:23,,,,ಆನಂದ,ಕರುಣೆ,ಅಭಿವೃದಿ,ಸ್ಟೇಹ,ಅಲೆದಾಟ,ತೊಂದರೆ,ಸಂತೋಷ,ಧೈರ್ಯ,ಒಳ್ಳೆಯ ಕೆಲಸ,ಸಂತೋಷ,ದಳ್ಳೆಯದು,ಯಶಸ್ಸು
14-11-2026,data\2026\11\14-11-2026.jpg,ಅಶ್ವೀನ|ಕಾರ್ತಿಕ,ಪರಾಭವ,1948,ತುಲಾ/ವೃಶ್ಚಿಕ,06:17,17:50,ಕುಣಿಯಲು ಬಾರದವರಿಗೆ ನಲ ಡೊಂಕು,2ನೇ ಶನಿವಾರ,ನೆಹರು ಜಯಂತಿ,ಮಕ್ಕಳ ದಿನಾಚರಣೆ,ಪಾಂಡವ ಪಂಚಮಿ,ಲಾಭ,ಜ್ಞಾನ ಪಂಚಮಿ,ಕಿತ್ತೂರು,ಚೆನ್ನಮ್ಮ ಜಯಂತಿ,ವಿಶ್ವ ಮಧುಮೇಹ ದಿನ.,,,,,ಪಂಚಮಿ,23.24,ಪೂ.ಷಾ,20.25,ಶೂಲ,FULL DAY,ಬವ,10.0,ದಕ್ಷಿಣಾಯನ,ಲಾ 29,29,ಶುಕ್ಲ,ತುಲಾ,ಧನು,ಬೆ.,09:00,10:30,,,,ಬೆ.,06:00,07:30,,,,ಮ.,01:30,03:00,,,,ಮ.,12:66,6136,,,,ಮ.,02:59,04:47,,,,ಒಳ್ಳೆಯದು,ಪ್ರತಿರೋಧ,ಭಕ್ತಿ,ಪ್ರೀತಿ,ಸಂತೋಷ,ಪ್ರಯತ್ನ,ಸಾಲ,ಅಭಿವೃದ್ಧಿ,ಸ್ನೇಹ,ಲಾಭ,ಗಮನ,ಪ್ರೀತಿ
14-12-2026,data\2026\12\14-12-2026.jpg,ಕಾರ್ತಿಕ/ಮಾರ್ಗಶಿರ,ಪರಾಭವ,1948,ವೃಶ್ಚಿಕ/ಧನು,06:33,17:55,"ಡ.ಗುರಿ ಇರಲಿ, ಅದಕಾಗಿ ಸಣ್ಣಹೆಜ್ಜೆ*",ನಾಗಪೂಜೆ,ನಾಗದಿವೆ ರಾಷ್ಟ್ರೀಯ ಊರ್ಜಾ ಸಂವರ್ಧನ,ದಿನ,ನೀರಾವರಿ ಪಂಚಮಿ,ಹೊಸಪೇಟೆ ತಾ. ಚಿತ್ತವಾಡಿ,ಕಲ್ಮಾಟೇಶ್ವರ,ಎಮ್ಮಿಗನೂರ ಜಡಿಸ್ವಾಮಿ ರಥ.,,,,,,,ಪಂಚಮಿ,19.17,ಶ್ರವಣ,09.12,ವ್ಯಾಘಾತ,13.05,ಕೌಲವ,FULL DAY,ದಕ್ಷಿಣಾಯನ,ಸೌರ ಹೇಮಂತ,29,ಶುಕ್ಲ,ವಶಿಕ,ಮಕರ,ಬೆ.,07:30,09:00,,,,ಮ.,01:30,03:00,,,,ಬೆ.,10:30,12:00,,,,ಬೆ.,09:00,10:30,,,,UNKNOWN,,,,,,ಶಾಂತಿ,ಆಸಕ್ತಿ,ಸಂತೋಷ,ಕೋಪ,ಪ್ರಯತ್ನ,ದಯ,ಮೆಚ್ಚುಗೆ,ಸಮಸ್ಯೆ,ಜೀವನ,ತಾಳ್ಮೆ,ಅನಾರೋಗ್ಯ,ಭಕ್ತಿ
15-01-2026,data\2026\01\15-01-2026.jpg,ಪುಷ್ಯ/ಮಾಘ,ವಿಶ್ವಾವಸು,1947,ಧನು/ಮಕರ,06:45,18:12,ಎಳ್ಳುಬೆಲ್ಲತಿಂದು ಒಳ್ಳೆ ಮಾತಾಡಿ,ಮಕರ ಸಂಕ್ರಾಂತಿ,ಸಿದ್ದೇಶ್ವರ ಜಾತ್ರೆ,ಸಮಾಪ್ತಿ,ವಿಜಯಪುರ ಮತ್ತು ಸೋಲಾಪುರ ಸೊಗಲ,ಸೋಮೇಶ್ವರ ತೆಪ್ಪೋತ್ಸವ ಕಕ್ಕೇರಿ ತಾ. ಸುರಪುರ,ಸೋಮನಾಥ ರಥಗಳು.,,,,,,,,ದ್ವಾದಶಿ,20.17,ಜ್ಯೇಷ್ಠಾ,29.48,ವೃದ್ಧಿ,02.38,ಕೌಲವ,07.07,ಉತ್ತರಾಯಣ,ಸೌರ ಶಿಶಿರ,2,ಕೃಷ್ಣ,ಮಕರ,29.48,ಮ.,01:30,03:00,,,,ಬೆ.,59:96,10:36,,,,ಬೆ.,08:00,07:30,,,,ಮ.,03:00,04:30,,,,ರಾ.,07:59,09:46,,,,ಖರ್ಚು,ದಾನ,ಯಶಸ್ಸು,ಆನಂದ,ಕೀರ್ತಿ,ಅಭಿವೃದ್ದಿ,ಪ್ರೀತಿ,ಸೌಮ್ಯತೆ,ಬಲ,ಸಂಪತು,ಸಂತೋಷ,ಅಲೆದಾಟ
15-02-2026,data\2026\02\15-02-2026.jpg,,ವಿಶ್ವಾವಸು,1947,| _ ಮಕರ/ ಕುಂಭ,06:42,18:25,"ಮನಸೇ ದೇವಸ್ಥಾನ, ಭಾವನೆಗಳೇ ಪೂಜ",ಮಹಾ ಶಿವರಾತ್ರಿ ಶಿವಪೂಜೆ,ಸೇವಾಲಾಲ ಜಯಂತಿ,ಶ್ರೀ ಬಾಬಾ ಮಹಾ. ಜ್ಞಾನ ಸಪ್ತಾಹಾರಂಭ ದತ್ತವಾಡ,ಜಿ.ಕೊಲ್ಹಾಪೂರ,ಪಂಡಿತಾರಾಧ್ಯ ವಿಶ್ವಾರಾಧ್ಯ ಜ.,ಸಂತ ಗಾಡಗೇಬಾಬಾ ಜಯಂತಿ.,,,,,,,,ತ್ರಯೋದಶಿ,17.05,ಉ.ಷಾ,19.48,ವ್ಯತೀಪಾತ,26.47,ಬಿಷ್ಟಿ,29.24,ಉತ್ತರಾಯಣ,ಸೌರ ಶಿಶಿರ,3,ಕೃಷ್ಣ,ಕುಂಭ,ಮಕರ,ಸ.,04:30,06:00,,,,ಮ.,03:00,04:30,,,,ಮ.,12:00,01:30,,,,ಬೆ.,10:30,12:00,,,,ಸ.,12:59,02:41,,,,ಒಳ್ಳೆಯ ಕೆಲಸ,ಯಶಸ್ಸು,ಭಕ್ತಿ,ಕಾಟರ್ಕ ವಿಶ್ರಾರಿತಿ,ಕೋಪ,ಪ್ರೀತಿ,ಪ್ರಯತ್ನ,ಅಭಿವೃದ್ದಿ,ವಿನಯ,ಸಂತೋಷ,ಪ್ರೀತ,ಆಲೋಚನೆ
15-03-2026,data\2026\03\15-03-2026.jpg,ವಿಶ್ವಾವಸು ಪರಾಭವ,ವಿಶ್ವಾವಸು ಪರಾಭವ,1947,ಕುಂಭ/ಮೀನ,06:27,18:30,“ನಿನ್ನ ಬಾಳಿಗೆ ನೀನೇ ದೀಪ”,ಪಾಪಮೋಚಿನಿ ಏಕಾದಶಿ,ಶೃಂಗೇರಿ ಶ್ರೀ ಸಚ್ಚಿದಾನಂದ,ಶಿವಾನುಭವ ನರಸಿಂಹ ಉತ್ಸವ,ಭಾರತೀ ಸ್ವಾಮಿಜಿ,ಅವರಾದಿ ಫಲಹಾರೇಶ್ವರ ಪು.ತಿ. ಹೀಮವತ,ಗೋಪಾಳಸ್ವಾಮಿ ರಥ.,,,,,,,,ಏಕದಶಿ,09.17,ಶ್ರವಣ,29.56,ಪಘ,01.25,ಕೌಲವ,21.35,ಉತ್ತರಾಯಣ,ಸೌರ ವಸಂತ,1,ಕೃಷ್ಣ,ಮೀನ,ಮಕರ,ಸ.,04:30,06:00,,,,ಮ.,03:00,04:30,,,,ಮ.,12:00,01:30,,,,ಬೆ.,10:30,12:00,,,,ಸ.,07:03,08:43,,,,ಪ್ರಗತಿ,ಯಶಸ್ಸು,ಧೈರ್ಯ,ಸಾಲ,ಮರೆವು,ಪ್ರೀತಿ,ಸಂತೋಷ,ಪ್ರತಿರೋಧ,ಆಸೆ,ಒಳ್ಳೆಯದು,ಲಾಭ,ಪ್ರೀತಿ
15-04-2026,data\2026\04\15-04-2026.jpg,ಚೈತ್ರ|ವೈಶಾಖ,ಪರಾಭವ,1948,ಮೀನ/ಮೇಷ,06:07,18:32,"ಮಾತೆ ಮುತ್ತು. , ಮಾತೆ ಮೃತ್ಯು",ಮಾಸ ಶಿವರಾತ್ರಿ,ಪಂಚಕ,ಶನಿ ಪುರ್ವೊದಯ,ಧಾರವಾಡ ಮೃತ್ಯುಂಜಯ ಶ್ರೀಗಳ ವರ್ಧಂತಿ,ಸಾಲೊಟಗಿ ತಾ. ಇಂಡಿ ಶಿವಯೋಗಿ ಜಾತ್ರೆ.,ತಾಜಾಪೂರ ಮಲ್ಲಿಕಾರ್ಜುನ ರಥ.,,,,,,,,ತ್ರಯೋದಶಿ,22.32,ಪೂ.ಭಾ,15.23,ಜ್ರಹ್ಮಾ,13.25,ಗರಜ,11.28,ಉತ್ತರಾಯಣ,ಸೌರ ವಸಂತ,2,ಕೃಷ್ಣ,ಮೇಷ,ಕುಂಭ,ಮ.,12:00,01:30,,,,ಬೆ.,10:30,12:00,,,,ಬೆ.,07:30,09:00,,,,ಬೆ.,5:66,7:36,,,,ಬೆ.,07:37,09:10,,,,ಯಶಸ್ಸು,ದುರಾಸೆ,ಸಂಪತ್ತು,ಭಕ್ತಿ,ಕರುಣೆ,ಗೊಂದಲ,ಸಹಾಯ,ಅಭಿವೃದ್ಧಿ,ಆಯಾಸೆ,ಸೌಮತೆ,ಅನುಕುಿಲ,ಉಡುಗೊರೆ
15-05-2026,data\2026\05\15-05-2026.jpg,ವೈಶಾಖ|ಅಧಿಕ ಜ್ಯೇಷ್ಠ,ಪರಾಭವ,1948,ಮೇಷ/ವೃಷಭ,05:54,18:37,ಆಸೆಯೇ ದುಃಖಕ್ಕೆಮೂಲ,ಮಾಸ ಶಿವರಾತ್ರಿ,ಚತುರ್ದಶಿ ಕ್ಷಯ,ಅಗಸ್ತಿ ಅಸ್ತ,ವೃಷಭ ಸಂಕ್ರಾಂತಿ,ಪುಣ್ಯಕಾಲ,ಜಾಗತಿಕ ಕುಟುಂಬ ದಿನ,,,,,,,,ತ್ರಯೋದಶಿ,08.32,ಅಶ್ವಿನಿ,20.15,ಆಯುಷ್ಠಾನ,14.21,ವಿಷ್ಟಿ,18.55,ಉತ್ತರಾಯಣ,ಸೌರ ಗ್ರೀಷ್ಮ,1,ಕೃಷ್ಣ,ಮೇಷ,ಮೇಷ,ಬೆ.,10:30,12:00,,,,ಬೆ.,07:30,09:00,,,,ಮ.,05:00,04:30,,,,ಮ.,01:30,03:00,,,,ಮ.,01:44,03:11,,,,ಉತ್ಸಾಹ,ಒಳ್ಳೆಯದು,ಸಹಾಯ,ಅನುಕೂಲ,ಉಡುಗೊರೆ,ಪ ಮೆಚ್ಚುಗೆ,ಅಭಿವೃದ್ದಿ,ಮಧುರ ಮಾತು,ಗಮನ,ಕೀರ್ತಿ,ಗೌರವ,ಒಳ್ಳೆಯ ಕೆಲಸ
15-06-2026,data\2026\06\15-06-2026.jpg,ಅ.ಜ್ಯೇಷ್ಠ/ನಿ.ಜ್ಯೇಷ್ಠ,ಪರಾಭವ ನಾಮ,1948,ವೃಷಭ/ಮಿಥುನ,05:53,18:46,"ನಿಮ್ಮಯಶಸು,;ನಿಮ್ಮಕ್ಕೆಲದೆ",ಸೋಮವತಿ ಅಮವಾಸ್ಯೆ,ಜಾಗತಿಕ ಮಲ್ಲಖಾಂಬ,ದಿನ,ಪುರುಷೋತ್ತಮ ಮಾಸ ಸಮಾಪ್ತಿ,ಮಿಥುನ,ಸಂಕ್ರಾಂತಿ.,,,,,,,,ಅ],08.24,ಮೃಗಶಿರಾ,19.09,೫8%,08.56,ಕಿಂಸ್ತುಘ್ಣ,18.27,ಉತ್ತರಾಯಣ,ಸೌರ ಗ್ರೀಷ್ಮ,1,ಕೃಷ್ಣ,ವೃಷಭ,ವೃಷಭ,ಬೆ.,07:30,09:00,,,,ಮ.,0113,03:00,,,,ಬೆ.,10:30,12:00,,,,ಬೆ.,09:00,10:30,,,,ಬೆ.,11:28,12:52,,,,ಯಶಸ್ಸು,ಭಯ,ಆಸಕಿ,ಪ್ರೀತೆ,ಜಿವನ,ಅನುಕೂಲ,ಯಶಸ್ಸು,ಮೆಚ್ಚುಗೆ,ಗೌರವ,ಪ್ರತಿರೋಧ,ಅಭಿವೃದ್ಧಿ,ಅನಾರೋಗ್ಯ
15-07-2026,data\2026\07\15-07-2026.jpg,ನಿಜ ಜ್ಯೇಷ್ಠ/ಆಷಾಢ,ಪರಾಭವ,1948,ಮಿಥುನ/ಕರ್ಕ,06:01,18:50,ರಮಯ ಯಾರಿಗೂ ಕಾಯುವುದಿ«,ಶ್ರೀ ರಾಮಲಿಂಗ ಚೌಡೇಶ್ವರದೇವ ಸ್ಥಾನದಲ್ಲಿ,ಅಭಿಷೇಕ,ವೆಲ್ಡೋರಿ ಜಯಂತಿ,ನಿಂಗಣ್ಣ ತಾತನವರ,ಜಾತ್ರೆ ಗರಸಂಗಿ ತಾ. ಮುದ್ದೇಬಿಹಾಳ,ಕಂದಗಲ,ಸಂಗನಬಸವ ಸ್ವಾಮಿ ಪು.ತಿ.,,,,,,,ಪ್ರತಿಪದಾ,11.51,ಪುಷ್ಯ,21.47,ಕ್ವ,08.04,ಬಾಲವ,22.19,ದಕ್ಷಿಣಾಯನ,ಸೌರ ವರ್ಷಾ,31,ಶುಕ್ಲ,ಮಿಹುನ,ಕರ್ಕ,ಮ.,12:00,01:30,,,,ಬೆ.,10:30,12:00,,,,ಬೆ.,07:30,09:00,,,,ಬೆ.,06:00,07:30,,,,ಸ.,04:00,05:27,,,,ಖರ್ಚು,ಆಸಕ್ತಿ,ವಿನಯ,ಪ್ರಯತ್ನ,ಆಲೋಚನೆ,ಆತಂಕ,ಯೋಗ,ನಿರಾಶೆ,ಶ್ರೇಷ್ಠತೆ,ಫ್ರೀತಿ,ಸಂತೋಷ,ಶಾಂತಿ
15-08-2026,data\2026\08\15-08-2026.jpg,ಆಷಾಢ|ಶ್ರಾವಣ,ಪರಾಭವ,1948,ಕರ್ಕ/ಸಿಂಹ,06:07,18:40,ಇಂದು ಪ್ರಾರಂಭಿಸಿದವನೇ ನಾಳೆ ಗೆಲ್ಲುವನ,ಜ್‌ ೩,ಭಾರತ ಸ್ವಾತಂತ್ರ್ಯ ದಿನ,ಕ್ರಾಂತಿವೀರ ಸಂಗೊಳ್ಳಿ ರಾಯಣ್ಣ,ಅವರ ಜನ್ಮದಿನ,ಮಧುಶ್ರವಾ ತೃತೀಯಾ. ಅಶ್ವತ್ಥ ಮಾರುತಿ,ಪೂಜೆ,ಭದ್ರಾ ಪ್ರಾರಂಭ,ಪಾರಸಿ ನೂತನ ವರ್ಷಾರಂಭ,,,,,,ತೃತೀಯಾ,17.29,ಉತ್ತರಾ,27.26,ಶಿವ,07.09,ವಣಿಜ,29.06,ದಕ್ಷಿಣಾಯನ,ಸೌರ ವರ್ಷಾ,31,ಶುಕ್ಲ,ಕರ್ಕ,ಸಿಂಹ,ಬೆ.,09:00,10:30,,,,ಬೆ.,06:00,07:30,,,,ಮ.,01:30,03:00,,,,ಮ.,12:00,01:30,,,,ರಾ.,08:18,09:53,,,,ಯಶಸ್ಸು,ಒಳ್ಳೆಯದು,ವಿನಯ,ಮರೆವು,ಚಿಂತೆ,ಸಾಲ,ಗೌರವ,ಯಶಸ್ಸು,ಕೀರ್ತಿ,ಒಳ್ಳೆಯ ಕೆಲಸ,ಗಮನ,ಪ್ರತಿರೊಧ
15-09-2026,data\2026\09\15-09-2026.jpg,ಶ್ರಾವಣ/ಭಾದ್ರಪದ,ಪರಾಭವ,1948,ಸಿಂಹ/ಕನ್ಯಾ,06:08,18:21,"ನ್ನು ಹೋಲಿಕೆಯಿಂದಲ, ಅರಿವಿನಿಂದ ಬ",ಖುಷಿ ಪಂಚಮಿ,ಡಾ. ವಿಶ್ವೇಶ್ವರಯ್ಯ ಜಯಂತಿ,ಇಂಜಿನಿಯರ್‌ ಡೆ. ಪ.ಪೂ. ಕಲಾವತಿ ದೇವಿ ಜಯಂತಿ ಉತ್ಸವ,ಸಮಾಪ್ತಿ ಬೆಳಗಾವಿ,ಶ್ರೀ ವೀರಭದ್ರೇಶ್ವರ ಜಯಂತ್ಯೋತ್ಸವ,ಶೇಗಾವ ಗಜಾನನ ಮಹಾರಾಜ ಪುಣ್ಯತಿಥಿ.,,,,,,,,ಚತುರ್ಥಿ,07.45,ಸ್ವಾತಿ,15.21,ಐಂದ್ರ,12.20,ಬವ,20.18,ದಕ್ಷಿಣಾಯನ,ರ್ಥಿ 0.45,30,ಶುಕ್ಲ,ಸಿಂಹ,ತುಲಾ,ಮ.,03:00,04:30,,,,ಮ.,12:00,01:30,,,,ಬೆ.,09:00,10:30,,,,ಬೆ.,07:30,09:00,,,,ಬೆ.,06:01,07:43,,,,ಭಯ,ಆತಂಕ,ಎಳಂಬ,ಲಾಭ,ಭಯ,ಸ್ಪರ್ಧೆ,ಸಾಲ,ಪ್ರತಿರೋಧ,ಅನುಕೂಲ,ಖರ್ಚು,ಲಾಭ,ಸಂತೋಷ
15-10-2026,data\2026\10\15-10-2026.jpg,ಭಾದ್ರಪದ/ಅಶ್ವೀನ,ಪರಾಭವ,1948,ಕನ್ಯಾ/ ತುಲಾ,06:10,18:00,"ತಪುಮಾಡಿದರೆ ಕಲಿಯು, ನಿಲಬೇಡ",ವಿಶ್ವ ಅಂಧರ(ಕಿರುಡರ) ದಿನ,ಎ.ಪಿ.ಜೆ ಅಬ್ದುಲ್‌,ಕಲಾಂ ಜಯಂತಿ,ಹೆಬ್ಬೂರು ಕೋದಂಡಾಶ್ರಮದಲ್ಲಿ,ಕಾಮಾಕ್ಷಿ ಅಮ್ಮನವರ ವರ್ಧಂತಿ,ಭರತನೂರ ಶ್ರೀ,ಗುರು ನಂಜೇಶ್ವರ ಮಹಾಶಿವಯೋಗಿ ಜಾತ್ರೆ.,,,,,,,ಪಂಚಮಿ,27.26,ಜ್ಯೇಷ್ಠಾ,FULL DAY,ಸಾಭಾಗ್ಯ,21.15,ಜವ,14.17,ದಕ್ಷಿಣಾಯ,ಸೌರ ಶರದ,29,ಶುಕ್ಲ,ಕನ್ನಾ,ವೃಶ್ಚಿಕ,ಮ.,01:30,03:00,,,,ಬೆ.,9:00,10:30,,,,ಬೆ.,06:00,07:30,,,,ಮ.,03:06,5:31,,,,ಸ.,08:59,10:46,,,,ಆತಂಕ,ಭಯ,ಗಮನ,ಒಳ್ಳೆಯ ಕೆಲಸ,ಅಭಿವೃದ್ದಿ,ಭಯ,ಸರ್ಧೆ,ಲಾಭ,ಭಕ್ತಿ,ಗೊಂದಲ,ಖರ್ಚು,ಪ್ರೋತ್ಸಾಹ
15-11-2026,data\2026\11\15-11-2026.jpg,ಅಶ್ವೀನ|ಕಾರ್ತಿಕ,ಪರಾಭವ,1948,ತುಲಾ/ವೃಶ್ಚಿಕ,06:18,17:50,ಗಿಡವಾಗಿ ಬಗ್ಗ್ಗುಮರವಾಗಿ ಬಗ್ಗೀತೆ,ಆಹೇರಿ ಬಸವೇಶ್ವರ ರಥ,ಹಿರೇಮಣ್ಣೂರು ಶ್ರೀ ವೇದೇಶ,ತೀರ್ಥರ ಪುಣ್ಯ ತಿಥಿ. ಸಂತ ಸಖುಬಾಯಿ ಪುಣ್ಯತಿಥಿ,,,,,,,,,,,ಷಷ್ಟಿ,26.0,ಉ.ಷಾ,23.29,ಶೂಲ,06.23,ಕೌಲವ,12.44,ದಕ್ಷಿಣಾಯನ,ಸೌರ ಹೇಮಂತ,30,ಶುಕ್ಲ,ತುಲಾ,ಮಕರ,ಸ.,04:30,06:00,,,,ಸ.,5:00,04:30,,,,ಮ.,12:06,01:30,,,,ಬೆ.,1013,12:00,,,,ಸ.,04:15,06:04,,,,ಪ್ರಯಾಣ,ಸ್ನೇಹ,ಸಂತೋಷ,ಅಭಿವೃದ್ಧಿ,ಶಾಂತಿ,ಒಳ್ಳೆಯದು,ಧೈರ್ಯ,ಪ್ರೀತಿ,ಆಸೆ,ದ್ಲೇಷ,ಸಾಲ,ಲಾಭ
15-12-2026,data\2026\12\15-12-2026.jpg,ಕಾರ್ತಿಕ/ಮಾರ್ಗಶಿರ,ಪರಾಭವ,1948,ವೃಶ್ಚಿಕ/ಧನು,06:33,17:55,"ಯಾರಿಗಾಗಿಯೂ ಕಾಯುವುದಿಲ್ಲ, ಅದನ್ನು ಸರಿಯಾ",ಸ್ಕಂದ ಷಷ್ಠಿ,ಕುಕ್ಕೆ ಸುಬ್ರಮಣ್ಯ ಷಷ್ಠಿ,ಮಾರ್ತಂಡ,ಭೈರವೋತ್ಥಾಪನ,ಕುಡುಪು ಮಾಂಚೇಶ್ವರ ಷಷ್ಠಿ ಉತ್ಸವ,ವ್ಹಸವ್ಹಳಲ್ಲು ಶೇಷವಾಹನ ಉತ್ಸವ,ಹಾವೇರಿ ತಾ. ಕರಜಗಿ,ರೈಲ್ವೆ ಸ್ಪೇಶನ್‌ ಶ್ರೀ ದೈವೆ ದೇವತೆ ರಥ.,,,,,,ಷಷ್ಠಿ,21.20,ಧನಿಷ್ಠಾ,11.53,ಹರ್ಷಣ,13.38,ಕೌಲವ,08.22,ದಕ್ಷಿಣಾಯ,ಸೌರ ಹೇಮಂತ,30,ಶುಕ್ಲ,ವಶಿಕ,ಕುಂಭ,ಮ.,03:00,04:30,,,,ಮ.,12:00,01:3,,,,ಬೆ.,09:00,10:30,,,,ಬೆ.,07:30,09:00,,,,ಬೆ.,12:19,02:06,,,,ಸ್ನೇಹ,ಒಳ್ಳೆಯದು,ತಾಳ್ಮೆ,ಅನುಕೂಲ,ಯಶಸ್ಸು,ಒಳ್ಳೆಯದು,ಶಾಂತಿ,ಸಂಪತ್ತು,ಯೋಗ,ಸೌಮೃತೆ,ಸಾಲ,ಪ್ರತಿರೋಧ
16-01-2026,data\2026\01\16-01-2026.jpg,ಪುಷ್ಯ/ಮಾಘ,ವಿಶ್ವಾವಸು,1947,ಧನು/ಮಕರ,06:45,18:13,ಶಿಸ್ತೇ ಶಿಕ್ಷಣದ ತಳಹದಿ,ಗಂಗಾವತಿ ಮಲ್ಲಿಕಾರ್ಜುನ ತಾತನ ರಥ,ಮಹಾನಿಂಗಪುರ ಶಿವನಿ ಬಸವಾನಂದ ಪು.ದಿ. ಸಪ್ತಾಹ,ಪ್ರಾರಂಭ,ಗೋಕಾಕ ಕೈವಲ್ಯಾಶ್ರಮ ಸ್ವಾಮಿ ಮಹಾ,ಜಯಂತಿ.,,,,,,,,,ತ್ರಯೋದಶಿ,22.22,ಮೂಲ,FULL DAY,ಧ್ರುವ,21.06,ಗರಜ,09.22,ಉತ್ತರಾಯಣ,ಸೌರ ಶಿಶಿರ,3,ಕೃಷ್ಣ,ಮಕರ,ಧನು,ಬೆ.,10:30,12:00,,,,ಬೆ.,07:30,09:00,,,,ಮ.,05:00,04:30,,,,ಮ.,01:30,03:00,,,,UNKNOWN,,,,,,ಗೌರವ,ಆತಂಕ,ಕೀರ್ತಿ,ಧೈರ್ಯ,ಪ್ರಯತ್ನ,ಬಲ,ಪ್ರತಿರೋಧ,ಸಂಪತ್ತು,ಯಶಸ್ಸು,ಉಡುಗೊರೆ,ಕೋಪ,ಮೆಚ್ಚುಗೆ
16-02-2026,data\2026\02\16-02-2026.jpg,,ವಿಶ್ವಾವಸು,1947,ಮಕರ/ ಕುಂಭ,06:41,18:25,"ಗತೇ ನಿನ ಕನಸು, ನೀನು ಜಗತಿನ ಕನ:",ಸೋಮವತಿ ಅಮವಾಸ್ಕೆ,ಕುರುಂದವಾಡ ಜಾತ್ರೆ,ಬುದಿಹಾಳ ತಾ. ಚಿಕ್ಕೋಡಿ ಮಹಾಶಿವರಾತ್ರಿ ಜಾತ್ರೆ,ಪುರದಾಳೂ ತಾ. ಶಿವಮೊಗ್ಗ ಉದ್ಬವ,ಬಸವೇಶ್ವರಸ್ವಾಮಿ ರಥೋತ್ಸವ.,,,,,,,,,ಚತುರ್ದಶಿ,17.35,ಶ್ರವಣ,20.48,ವರೀಯಾನ,25.56,ಚತುಷ್ಪಾದ,37.29,ಉತ್ತರಾಯಣ,ರ್ದಶಿ 17.35,4,ಕೃಷ್ಣ,ಕುಂಭ,ಮಕರ,ಬೆ.,07:30,09:00,,,,ಮ.,01:30,03:00,,,,ಬೆ.,10:30,12:00,,,,ಬೆ.,09:00,10:30,,,,ಬೆ.,09:58,11:38,,,,ಅನುಕೂಲ,ಲಾಭ,ಗೌರವ,ಶ್ರೇಷ್ಠತೆ,ಅಭಿವುದ್ದಿ,ಪ್ರೀತಿ”,ಗಮನ,ತೊಂದರೆ,ಸಂತೋಷ,ಪರಿಶಮ,ಪ್ರತಿರೋಧ,ಮೆಚ್ಚುಗೆ
16-03-2026,data\2026\03\16-03-2026.jpg,ವಿಶ್ವಾವಸು ಪರಾಭವ,ವಿಶ್ವಾವಸು ಪರಾಭವ,1947,ಕುಂಭ/ಮೀನ,06:26,18:30,“ಪ್ರತಿ ಭಾರಿ ಬಿದ್ದಾಗಲೂ ಎದ್ದುನಸಿಲ್ಲು”,ಮೈಸೂರು ದುರ್ಗಾದೇವಿ ಜಾತ್ರೆ,ನಿಡಗುಂದಿ ಮುದ್ದೇಶ್ವರ,ರೆಥ,ರಾಷ್ಟ್ರೀಯ ಲಸಿಕರಣ ಔನ,"ಕಾಂಪ್ರಬೈಲು ಜುತ್ತ""",ಸೋಮಪ್ರದೋಷ.,,,,,,,,ದ್ವಾದಶಿ,0.41,ಧನಿಷ್ಠಾ,30.32,ಶಿವ,09.37,ಗರಜ,21.38,ಉತ್ತರಾಯಣ,ಸೌರ ವಸಂತ,2,ಕೃಷ್ಣ,ಮೀನ,ಮಕರ,ಬೆ.,07:30,09:00,,,,ಮ.,01:30,5:00,,,,ಬೆ.,10:30,12:00,,,,ಬೆ.,09:00,10:30,,,,ಸ.,07:47,09:24,,,,ಪ್ರತಿಭೆ,ಮರವು,ಪ್ರತಿರೋಧ,ಒಳ್ಳೆಯದು,ಯಶಸ್ಸು,ಪ್ರಗತಿ,ಆಸೆ,ಸ್ನೇಹ,ದಾನ,ಸಂತೋಷ,ಸಾಲ,ಸ್ಪರ್ಧೆ
16-04-2026,data\2026\04\16-04-2026.jpg,ಚೈತ್ರ|ವೈಶಾಖ,ಪರಾಭವ,1948,ಮೀನ/ಮೇಷ,06:06,18:32,“ಯತ್ನವೇ ಯಶಸ್ತಿಗೆ ದಾರಿ”,ಶಿವಸನ್ನಿಧಿಯಲ್ಲಿ ಸ್ನಾನ ವಿಶೇಷ,ಬಗ್ವಾಡಿ,ಮಹಿಷಮರ್ಧಿನಿ ರಥ,ನೇರ್ಲಕಟ್ಟೆ ಉತ್ಸವೆ,ಸಂತ,ರೋಹಿದಾಸ ಪುಣ್ಯತಿಥಿ,ವಿಶ್ವ ಧ್ವನಿ ದಿನ,,,,,,,ಚತುರ್ದಶಿ,20.12,ಉಭಾ,13.59,ಐಂದ್ರ,10.37,ಬಿಷ್ಟಿ,09.26,ಉತ್ತರಾಯಣ,ರ್ದಶಿ 20.12,3,ಕೃಷ್ಣ,ಮೇಷ,ಮೀನ,ಮ.,01:30,03:00,,,,ಬೆ.,09:00,10:30,,,,ಬೆ.,06:00,07:30,,,,ಮ.,6:06,,,,,ಬೆ.,09:27,10:58,,,,ಸೌಮ್ಯತೆ,ತಾಳ್ಮೆ,ಅಲೆದಾಟ,ವಿಶ್ರಾಂತಿ,ಭಯ,ಸ್ನೇಹ,ಗೊಂದಲ,ಲಾಭ,ಯಶಸ್ಸು,ಯಶಸ,ಕೋರ್ಪ,ಅನುಕೂಲ
16-05-2026,data\2026\05\16-05-2026.jpg,ವೈಶಾಖ|ಅಧಿಕ ಜ್ಯೇಷ್ಠ,ಪರಾಭವ,1948,ಮೇಷ/ವೃಷಭ,05:54,18:38,ಹಾಸಿಗೆ ಇದ್ದಷ್ಟು ಕಾಲು ಚಾಚು,ಬಾದ್ಮಿ ಅಮಾವಾಸ್ಯೆ,ಅಂತರಾಷ್ಟ್ರೀಯ ಬೆಳಕಿನ,ದಿನ,ಶನೈಶ್ಚರ ಜಯಂತಿ ಅನ್ವಾಧಾನ,ಸಿಂದಗಿ,ಚೌಡೇಶ್ವರಿ,ಧಾರವಾಡಾ ತಾ. ಲಕ್ಕಮ್ಮನ ಹಳ್ಳಿ,ಶನೈಶ್ಚರ,ಹೊರನಾಡು ಬನಶಂಕರಿ ರಥಗಳು,,,,,ಅಮಾವಾಸ್ಯ,25.31,ಭರಣಿ,17.30,ಸೌಭಾಗ್ಯ,10.26,ಚತುಷ್ಪಾದ,15.23,ಉತ್ತರಾಯಣ,ಷ್ಪಾದ 15.23,2,ಕೃಷ್ಣ,ವೃಷಭ,ಮೇಷರಾ.,ಬೆ.,09:00,10:30,,,,ಬೆ.,06:00,07:30,,,,ಮ.,01:30,05:00,,,,ಮ.,12:00,01:30,,,,ಮ.,01:15,02:40,,,,ಲಾಭ,ಅನುಕೂಲ,ಪರಿಶ್ರಮ,ಗಮನ,ಪ್ರೀತಿ,ಪ ಕೀರ್ತಿ,ಯಶಸ್ಸು,ಶಾಂತಿ,ಆತಂಕ,ವಿಶ್ರಾಂತಿ,* ಕೀರ್ತಿ,ಯಶಸ್ಸು
16-06-2026,data\2026\06\16-06-2026.jpg,ಅ.ಜ್ಯೇಷ್ಠ/ನಿ.ಜ್ಯೇಷ್ಠ,ಪರಾಭವ ನಾಮ,1948,ವೃಷಭ/ಮಿಥುನ,05:53,18:47,"ಸ ಬೆಳೆಸಲು ವರ್ಷಗಳು ಬೇಕು, ಮುರಿಯಲು ಕ್ಷಣ;",ಚಿಂತಾಮಣಿ ತಾ| ಹಿರೇಕೆರೂರ ನಾರಾಯಣ,ಯತೀಂದ್ರರ ಆರಾಧನೆ,ಕರವೀರ ವ್ರತ,ದಶಹರಾ ವ್ರತ,ಆರಂಭ,ಗಂಗಾ ದಶಾಶ್ವಮೇಧ ಸ್ನಾನ ಆರಂಭ,ಕರಿದಿನ.,,,,,,,ಡ್ವಿತೀಯಾ,24.53,ಆರ್ದ್ರಾ,16.12,ವೃದ್ಧಿ,24.35,ಬಾಲವ,14.40,ಉತ್ತರಾಯಣ,ಸೌರ ಗ್ರೀಷ್ಮ,2,ಶುಕ್ಲ,ಮಿಥುನ,ಮಿಥುನ,ಮ.,03:00,04:30,,,,ಮ.,12:00,01:30,,,,ಬೆ.,09:00,10:30,,,,ಬೆ.,07:30,09:00,,,,ಬೆ.,07:25,08:50,,,,ಅಭಿವೃದ್ದಿ,ಯಶಸ್ಸು,ಅಬಿವದಿ,ಒಳ್ಳೆಯದು,ಕೋಪ,ಅನಾರೋಗ್ಯ,ಪ್ರತಿರೋಧ,“ದುಃಖ,ಪ್ರೀತಿ,ಕರುಣೆ,ಗೊಂದಲ,ಪರೀಕ್ಷೆ
16-07-2026,data\2026\07\16-07-2026.jpg,ನಿಜ ಜ್ಯೇಷ್ಠ/ಆಷಾಢ,ಪರಾಭವ,1948,ಮಿಥುನ/ಕರ್ಕ,06:01,18:50,ರೂ ಏಳುವವನೇ ನಿಜವಾದ ಗದ್ದ,ಗುರು ಪಶ್ಚಿಮಾಸ್ತ. ಜಗನ್ನಾಥ ರಥ ಯಾತ್ರೆ,ಪುರಿ.,ಮಾತಿಕಲ್ಲು ವೆಂಕಟರಮಣ ರಥ,ಓಕ್ಕಲೇರಿ,ಮಾರ್ಕಂಡೇಯ ಜಯಂತಿ.,,,,,,,,,ದ್ವಿತೀಯಾ,08.53,ಆಶ್ಚೇಷಾ,19.52,ಸಿದ್ಧಿ,25.22,ತೈತಿಲ,19.36,ದಕ್ಷಿಣಾಯನ,ಸೌರ ವರ್ಷಾ,1,ಶುಕ್ಲ,ಮಿಥುನ,ಕರ್ಕ,ಮ.,01:30,03:00,,,,ಬೆ.,9:00,10:30,,,,ಬೆ.,06:00,07:30,,,,ಮ.,03:00,04:30,,,,ಸ.,06:23,07:52,,,,ಕೀರ್ತಿ,ಪ್ರೀತಿ,ಅಭಬಿವದಿ,ಬುದ್ಧಿವಂತಿಕೆ,ಅಭವೃದ್ಧಿ,ಸ್ಪರ್ಧೆ,ಸರಿಪತ್ತು,ಪ್ರಯಾಣ,ಪ್ರತಿರೋಧ,ವಿಶಾಂತಿ,ಸಾಲ,ಅನುಕೂಲ
16-08-2026,data\2026\08\16-08-2026.jpg,ಆಷಾಢ|ಶ್ರಾವಣ,ಪರಾಭವ,1948,ಕರ್ಕ/ಸಿಂಹ,06:07,18:40,'ನಸುಗಳಿಗೆ ಹೆದರುವುದೇ ನಿಜವಾದ ಸೋ,ವಿನಾಯಕ ಚತುರ್ಥಿ,ಸಹೋದರ,ಉಪವಾಸ. ಖುಕ ಹಿರಣ್ಯಕೇಶಿ ಶ್ರಾವಣಿ.,ದುರ್ವಾ ಗಣಪಕೆ ವ್ರತ.,,,,,,,,,,ಚತುರ್ಥಿ,16.53,ಹಸ್ತ,27.51,ಸಾಧ್ಯ,28.08,ಜವ,25.51,ದಕ್ಷಿಣಾಯನ,ರ್ಥಿ 1653,32,ಶುಕ್ಲ,ಕರ್ಕ,ಕನ್ಯಾ,ಸ.,04:30,06:00,,,,ಮ.,05:00,04:30,,,,ಮ.,12:00,01:30,,,,ಬೆ.,1030,12:00,,,,ರಾ.,09:44,11:22,,,,ಅಸೂಯೆ,ಭಯ,ಪೋತಾಹ,ಪ್ರತರೋಧ,ಪ್ರಗತಿ,ಲಾಭ,ಸಾಧನೆ,ಭಕ್ತಿ,ದಯೆ,ಲಾಭ,ಮರೆವು,ಅನುಕೂಲ
16-09-2026,data\2026\09\16-09-2026.jpg,ಶ್ರಾವಣ/ಭಾದ್ರಪದ,ಪರಾಭವ,1948,ಸಿಂಹ/ಕನ್ಯಾ,06:08,18:20,"ಉಖೂದಾರಿ ಇರುತದೆ, ನೋಡಲು ಧೈರ್ಯ",ವಿದ್ಯಾನಿಧಿ ತೀರ್ಥರ ಆರಾಧನೆ,ಹುಬ್ಬಳ್ಳಿ ತಾ. ಭಬ್ಬಿ,1608 ಶಾಂತಿನಾಥ ತೀರ್ಥಂಕರ ಮಂದಿರದಲ್ಲಿ,ಪರುವಿನ ಉತ್ಸವ,ಕುರುಡಮಲೆ ಮಹಾಗಣಪತಿ ರಥ.,,,,,,,,,ಪಂಚಮಿ,09.00,ವಿಶಾಖಾ,17.23,ವೈಧೃತಿ,12.23,ಕೌಲವ,21.50,ದಕ್ಷಿಣಾಯನ,ಸೌರ ಶರದ,31,ಕೃಷ್ಣ,ಸಿಂಹ,ತುಲಾ,ಮ.,12:00,01:30,,,,ಬೆ.,10:30,12:00,,,,ಬೆ.,07:30,09:00,,,,ಬೆ.,06:00,07:30,,,,ಬೆ.,07:50,09:34,,,,ಯಶಸ್ಸು,ಸ್ಪರ್ಧೆ,ಶಾಂತಿ,ಕಾಟರ್ಕು ಪ್ರೀತಿ,ಪ್ರತರೋಧ,ನಿರಾಶೆ,ಸ್ನೇಹ,ಗಮನ,ಲಾಭ,ಒಳೆಯದು,ಸಾಲ,ಅಭಿವೃದ್ಧಿ
16-10-2026,data\2026\10\16-10-2026.jpg,ಭಾದ್ರಪದ/ಅಶ್ವೀನ,ಪರಾಭವ,1948,ಕನ್ಯಾ/ ತುಲಾ,06:10,18:00,ನಿನ್ನ ಮೌಲ್ಯವನ್ನು ನೀನೇ ನಿರ್ಧರಿಸು,ಸೂಡಿ ಜುಕ್ತಿಮಠ ಉಮಾಪತಿ ಶಿವಾಚಾರ್ಯ ಪುಣ್ಯತಿಥಿ,ಕೊರಕೊಡು ದುರ್ಗಾಲಯ ಮಂಗಲ ಸ್ನಾನ,ತಿರುಪತಿ,ವೆಂಕಟೇಶ್ವರ ರಥ,ವಿಶ್ವ ಆಹಾರ ದಿನ,ಶ್ರೀ ಸರಸ್ವತಿ,ಆವಾಹನ,ಮಂಗಳೂರ ಶ್ರೀ ಮಂಗಲಾದೇವಿ ಚಂಡಿ ಹೋಮ.,,,,,,ಷಷ್ಠಿ,29.55,ಜ್ಯೇಷ್ಠಾ,06.48,ಶೋಭನ,22.06,ಕೌಲವ,16.39,ದಕ್ಷಿಣಾಯ,ಸೌರ ಶರದ,30,ಶುಕ್ಲ,ಕನ್ನಾ,ವೃಶ್ಚಿಕ,ಬೆ.,10:30,12:00,,,,ಬೆ.,0730,09:00,,,,ಮ.,08:00,04:30,,,,ಮ.,01:56,8:6,,,,UNKNOWN,,,,,,ಪ್ರಯತ್ನ,ಅನುಕೂಲ,ಭಕ್ತಿ,ಆರೋಗ್ಯ,ಕೋಪ,ಸಮಸ್ಯೆ,ವಿನಯ,ಒಳ್ಳೆಯದು,ಸ್ನೇಹ,ಕುತೂಹಲ,ಪ್ರೀತಿ,ಉತ್ಸಾಹ
16-11-2026,data\2026\11\16-11-2026.jpg,ಅಶ್ವೀನ|ಕಾರ್ತಿಕ,ಪರಾಭವ,1948,ತುಲಾ/ವೃಶ್ಚಿಕ,06:18,17:50,ಮನೆಯೇ ಮೊದಲ ಪಾಠಶಾಲೆ,ಕಲ್ಪಾದಿ. ವೃಶ್ಚಿಕ ಸಂಕ್ರಮಣ,ಮಹಾಲಯ ಸಮಾಪ್ತಿ.,ತ್ರಿವೇದ್ರಂ ಆರ್ಟ್‌,ವೀರ ಸಹಸ್ರಾರ್ಜುನ,ಜಲಾರಾಮ,ಜಯಂತಿಗಳು. ಶ್ರೀ ಪರಮಹಂಸ ಚಂದ್ರಶೇಖರ ಪುಣ್ಯತಿಥಿ.,,,,,,,,ಸಪ್ತಮಿ,28.20,ಶ್ರವಣ,26.17,ಗಂಡ,07.16,ಗರಜ,15.14,ದಕ್ಷಿಣಾಯನ,ಸೌರ ಹೇಮಂತ,1,ಶುಕ್ಲ,ತುಲಾ,ಮಕರ,ಬೆ.,07:30,09:00,,,,ಮ.,01:30,8:00,,,,ಬೆ.,10:30,12:00,,,,ಬೆ.,09:00,10:30,,,,ಸ.,82:46,27,,,,ಸಂತೋಷ,ಲಾಭ,ಸ್ಟೇಹ,ಪ್ರೀತಿ,ಪ್ರೀತಿ,ಅಸೆ,ದೃಢ ನಿರ್ಧಾರ,ಕೀರ್ತಿ,ಒಳ್ಳೆಯದು,ಶಾಂತಿ,ಅಭಿವೃದ್ಧಿ,*ಶುಭ ಸಮಾಚಾರ
16-12-2026,data\2026\12\16-12-2026.jpg,ಕಾರ್ತಿಕ/ಮಾರ್ಗಶಿರ,ಪರಾಭವ,1948,ವೃಶ್ಚಿಕ/ಧನು,06:34,17:56,ಗುರಿ ಮುಟ್ಟುವವರೆಗೆ ವಿರಮಿಸಬೇಡ,ಸಂತ ರೊಹಿದಾಸ ಪುಣ್ಯ ತಿಥಿ,ದತ್ತ ನವರಾತ್ರಾರಂಭ,ವಿಜಯ,ದಿನ ಶಿವಪ್ರತಾಪ ದಿನ,ಪ್ರತಾಪಗಡ ಉತ್ಸವ,ಕೇಂಪವಾಡತಾ.,ಅಥಣಿ ಉರುಸ,ಸಾರವಾಡ ಭಾಸ್ಕರ ಸ್ವಾಮಿ ಪುಣ್ಯ ತಿಥಿ,ಉಕ್ಕಡಗಾತ್ರಿ ಕರಿಬಸವೇಶ್ವರ ಕರಿಬಸವೇಶ್ವರ ಜಾತ್ರೆ.,,,,,ಸಪ್ತಮಿ,22.46,ಶತಭಿಷಾ,14.03,ವಜ್ರ,13.46,ಗರಜ,10.08,ದಕ್ಷಿಣಾಯ,ಸೌರ ಹೇಮಂತ,1,ಶುಕ್ಲ,ವೃಶ್ಚಿಕ,ಕುಂಭ,ಮ.,12:00,01:30,,,,ಬೆ.,10:30,12:00,,,,ಬೆ.,0713,00,,,,ಬೆ.,06:00,07:30,,,,ಬೆ.,06:11,07:56,,,,ವಿಳಂಬ,ಲಾಭ,ಆಲೋಚನೆ,ಪರಿಶ್ರಮ,ದುರಾಸೆ,ದಯ,ಬುದ್ಧಿವಂತಿಕೆ,ಸಂತೋಷ,ನಿರಾಶೆ,ಸಾಧನೆ,ಸ್ನೇಹ,ಸಹಾಯ
17-01-2026,data\2026\01\17-01-2026.jpg,ಪುಷ್ಯ/ಮಾಘ,ವಿಶ್ವಾವಸು,1947,ಧನು/ಮಕರ,06:46,18:13,:೦ಕು ಸೃಷ್ಟಿಯಲ್ಲಿ ಇಲ್ಲನೋಡುವವರ ದೃಷ್ಟಿಯ,ಅಮಾವಾಸ್ಯೆ ಪ್ರಾರಂಭ ರಾತ್ರಿ 12.06,ಶ್ರೀ,ಬಾಬಾಮಹಾ. ಪು.ತಿ. ಕಾದರವಳ್ಳಿ,ಸಾವಳಗೀಮಠ.,ಸೂಡಿ ಮಹಾಂತಸ್ವಾಮಿ ಪು.ತಿ. ಸತ್ತೂರು ಶಿವರಾತ್ರಿ,ರಥ.,,,,,,,,ಚತುರ್ದಶಿ,24.04,ಮೂಲಾ,08.12,ವ್ಯಾಘಾತ,21.18,ವಿಷ್ಟಿ,11.16,ಉತ್ತರಾಯಣ,ರ್ದಶಿ 24.04,4,ಕೃಷ್ಣ,ಮಕರ,ಧನು,ಬೆ.,09:00,10:30,,,,ಬೆ.,06:00,07:30,,,,ಮ.,01:30,03:00,,,,ಮ.,12:00,01:30,,,,ಬೆ.,01:09,02:55,,,,ರೋಗ,ಸೌಮ್ಯತೆ,ಪ್ರೋತ್ಸಾಹ,ಕಾಟರ್ಕು ಗೌರವ,ಕೋಪ,ಯಶಸ್ಸು,ದಾನ,ಪ್ರೀತಿ,ಪ್ರಯತ್ನ,ಸಂಪತು,ಆನಂದ,ಬಲ
17-02-2026,data\2026\02\17-02-2026.jpg,,ವಿಶ್ವಾವಸು,1947,ಮಕರ/ ಕುಂಭ,06:41,18:26,"ತವಿಬಿದ್ದರೂ ಎದ್ದುನಿಲ್ಲು, ಸೋಲು ಗೆಲುವಿನ ಮೆಟಿ",ಶಿವರಾತ್ರಿ ಅಮವಾಸ್ಯೆ,ದ್ವಾಪಾರ ಯುಗಾದಿ ಸೂಡಿ,ವೀರಭದ್ರೇಶ್ವರ ರಥೋತ್ಸವ ಪಂಚಕ,ಕಂಕಣಾಕೃತಿ,ಸೂರ್ಯ ಗ್ರಹಣ,ಚಿತ್ತಾಪೂರ ತಾ.,ಕೋರವಾರಾಣವೀರಭದ್ರ ಅಗ್ನಿ ಮರುದಿನ ರಥ.,,,,,,,ಅಮಾವಾಸ್ಯೆ,17.31,ಧನಿಷ್ಠಾ,21.16,ಪರಿಘ,24.29,ಕೆಂಸ್ತುಘ್ಹ,29.18,ಉತ್ತರಾಯಣ,ಸೌರ ಶಿಶಿರ,5,ಶುಕ್ಲ,ಕುಂಭ,ಮಕರ,ಮ.,03:00,04:30,,,,ಮ.,12:00,01:30,,,,ಬೆ.,09:00,10:30,,,,ಬೆ.,07:30,09:00,,,,ಬೆ.,10:39,12:17,,,,ಪ್ರಗತಿ,ಅಭಿವೃದ್ಧಿ,ಅನುಕೂಲ,ಸಾಲ,ಅನಾರೋಗ್ಯ,ಸಂತೋಷ,ಲಾಭ,ಜೀವನ,ದುಃಖ,ಪ್ರೀತಿ,ಯಶಸ್ಸು,ಸ್ಪರ್ಧೆ
17-03-2026,data\2026\03\17-03-2026.jpg,ವಿಶ್ವಾವಸು ಪರಾಭವ,ವಿಶ್ವಾವಸು ಪರಾಭವ,1947,ಕುಂಭ/ಮೀನ,06:26,18:30,"ುನುಜನೇ ದೇವರು, ಮಾನವತೆಯೇ ಧಃ",ಶ್ರೀ ಹಿಂಗುಲಾಂಬಿಕಾ ದೇವಿ ಪ್ರಕಟ ದಿನ,ಶಬ್ಬೆ ಕದರ,ಮಾಸಿಕ ಶಿವರಾತ್ರಿ,ಮಧುಕೃಷ್ಣ ಪ್ರಯೋದಶಿ ವಾರುಣಿ,ಯೋಗ ಬೆ. 09.22 ವರೆಗೆ. ಉಳ್ಳಾಲ ಶ್ರೀ ಲಕ್ಷ್ಮೀನರಸಿಂಹ,ರಥ.,,,,,,,,ತ್ರಯೋದಶಿ,09.24,ಶತಭಿಷಾ,30.29,ಸಿಿ್‌,08.15,ವಿಷ್ಟಿ,20.59,ಉತ್ತರಾಯಣ,ಸೌರ ವಸಂತ,3,ಕೃಷ್ಣ,ಮೀನ,ಕುಂಭ,ಮ.,03:00,04:30,,,,ಮ.,12:06,61:30,,,,ಬೆ.,09:00,10:30,,,,ಬೆ.,07:30,09:00,,,,ಸ.,11:01,12:36,,,,* ಸಂತೋಷ,ಖರ್ಚು,ಸಂತೋಷ,ಪ್ರೋತ್ಸಾಹ,ಸಹಾಯ,ಅನಾರೋಗ್ಯ,ಶಾಂತಿ,ಅನುಕೂಲ,ಆಸೆ,ಭಯ,ತಾಳ್ಮೆ,ಸಾಲ
17-04-2026,data\2026\04\17-04-2026.jpg,ಚೈತ್ರ|ವೈಶಾಖ,ಪರಾಭವ,1948,ಮೀನ/ಮೇಷ,06:06,18:32,"ದರ್ಯ ಅಡಗಿರುವುದು ಹೃದಯದಲ್ಲಿ, ಮುಖದ",ಅಕ್ಷತ್ತದಿಗೆ ಅಮವಾಸ್ಕೆ,ಅಮೃತಸಿದ್ದಿಯೋಗ,ಅನ್ಹಾಧಾನ,ಶಿರಿಯಾಳ ಶೆಟ್ಟೆ,ನವರಾತ್ರಾರಂಭ,ಇಂಡಿ ತಾ. ಅಗರಖೇಡ,ಸಿದ್ದಾರೂಡ ಮಠದಲ್ಲಿ ಜ್ಞಾನ ಸ.ಪ್ರಾ,,,,,,,ಅಮಾವಾಸ್ಯೆ,17.22,ರೇವತಿ,12.02,ಪ್ಲೌ್‌ಟಿಿ,07.22,ಮ,06.50,ಉತ್ತರಾಯಣ,ಸೌರ ವಸಂತ,4,ಕೃಷ್ಣ,ಮೇಷ,ಮೀನ,ಬೆ.,10:30,12:00,,,,ಬೆ.,07:30,09:00,,,,ಮ.,08:00,04:30,,,,ಮ.,01:36,05:00,,,,ಬೆ.,09:50,11:18,,,,ಒಳ್ಳೆಯದು,ಶ್ರೇಷ್ಠತೆ,ಆನಂದ,ಸಂಪತ್ತು,ಬಲ,ಕೋಪ,ನಿಷೇಧ,ಪ್ರೀತಿ,ಭಯ,ಲಾಭ,ಪ್ರೋತ್ಸಾಹ,ಅಭಿವೃದ್ಧಿ
17-05-2026,data\2026\05\17-05-2026.jpg,ವೈಶಾಖ|ಅಧಿಕ ಜ್ಯೇಷ್ಠ,ಪರಾಭವ,1948,ಮೇಷ/ವೃಷಭ,05:54,18:38,"ನಿಮ್ಮನ್ನು ನೀವು ನಂಬಿ, ನಿಮ್ಮಗುರಿ ಸಾಧಿಸಿ",ಗಂಗಾ ದಶಹರಾರಂಭ,ಕರಿದಿನ,ವಿಶ್ವ ದೂರ,ಸಂಪರ್ಕ ದಿನ. ಮಂಜನಾಡಿ ಮಲರಾಯ,ಕಡೆಬಂಡಿ,ಶ್ರೀ ಗಜಾನನ ಮಹಾರಾಜ ಜಯಂತಿ.,,,,,,,,ಪ್ರತಿಪದಾ,21.41,ಕೃತ್ತಿಕಾ,14.23,೫೩೩,06.15,ಕೆಂಸ್ತುಘ್ನ,11.37,ಉತ್ತರಾಯಣ,ಸೌರ ಗ್ರೀಷ್ಮ,3,ಕೃಷ್ಣ,ವಷಭ,ವೃಷಭ,ಸ.,04:30,06:00,,,,ಮ.,8:00,04:30,,,,ಮ.,12:00,01:30,,,,ಬೆ.,1013,12:00,,,,ಮ.,12:26,01:50,,,,ಪ್ರಯತ್ನ,ಮಧುರ ಮಾತು,ತಾಳ್ಮೆ,ಪ್ರೀತಿ,ವಿಶ್ರಾಂತಿ,ಯಶಸ್ಸು,ಪ್ರತಿರೋಧ,ಅನುಕೂಲ,ಚಿಂತೆ,ಅಭಿವದಿ,* ಭಕ್ತ,ಸಂತೋಷ
17-06-2026,data\2026\06\17-06-2026.jpg,ಅ.ಜ್ಯೇಷ್ಠ/ನಿ.ಜ್ಯೇಷ್ಠ,ಪರಾಭವ ನಾಮ,1948,ವೃಷಭ/ಮಿಥುನ,05:54,18:47,"ಸು ಬೀಜ, ದುಡಮ ನೀರು, ಯಶಸ್ಸುಹ",ಶ್ರೀ ಉಮಾವತಾರ ವ್ರತ,ಶ್ರೀಗೌರಿ ವ್ರತ,ಶ್ರೀರಂಭಾ,ವ್ರತ,ಶ್ರೀನಾರಾಯಣ ಯೋಗೀಂದ್ರರ ಪುಣ್ಯದಿನ,ಶ್ರೀ,ಮಹಾರಾಣಾ ಪ್ರತಾಪ ಜಯಂತಿ.,,,,,,,ತೃತೀಯಾ,21.39,ಪುನರ್ವಸು,13.37,ಥ್ರುವ,20.51,ತ್ಮೈತಿಲ,11.12,ಉತ್ತರಾಯಣ,ಸೌರ ಗ್ರೀಷ್ಮ,3,ಶುಕ್ಲ,ಮಿಥುನ,ಮಿಥುನ,ಮ.,12:00,01:30,,,,ಮ.,10:30,12:00,,,,ಬೆ.,07:30,09:00,,,,ಬೆ.,06:00,07:30,,,,ಬೆ.,11:28,12:54,,,,ಅಲೆದಾಟ,ಚಿಂತೆ,ಅನುಕೂಲ,ಕಾಟರ್ಕು ಯಶಸ್ಸು,ಪ್ರೀತಿ,ಪ್ರಯತ್ನ,ಯಶಸ್ಸು,ಕುತೂಹಲ,ಕೀರ್ತಿ,ಗಮನ,ಸ್ಪರ್ಧೆ,ಆಲೋಚನೆ
17-07-2026,data\2026\07\17-07-2026.jpg,ನಿಜ ಜ್ಯೇಷ್ಠ/ಆಷಾಢ,ಪರಾಭವ,1948,ಮಿಥುನ/ಕರ್ಕ,06:01,18:50,ಗುರಿ ಸಷ್ಟವಾಗಿದ್ದರ ಗಲುವು ಸುಲ,ವಿನಾಯಕ ಚತುರ್ಥಿ ನವಲಗುಂದ ನಾಗಲಿಂಗ,ಸ್ವಾಮಿಗಳ ಪುಣ್ಯದಿನ,ರಘುನಾಥ ತೀರ್ಥರ ಆರಾಧನೆ,ಶ್ರೀ ಮುಪ್ಪಿನಾರ್ಯ ಮಹಾಸ್ವಾಮಿಗಳ ರಥೋತ್ಸವ,ಐರಣಿ ಹೊಳೆಮಠ,ಸೂಡಿ ಶೀವಾಚಾರ್ಯ ಪುಣ್ಯತಿಥಿ.,,,,,,,,ಬ,06.28,ಮಘಾ,18.35,ಪ್ಯತೀಪಾತ,22.46,ವಣಿಜ,17.30,ದಕ್ಷಿಣಾಯನ,ಸೌರ ವರ್ಷಾ,2,ಶುಕ್ಲ,ಕರ್ಕ,ಸಿಂಹ,ಬೆ.,10:30,12:00,,,,ಬೆ.,07:30,09:00,,,,ಮ.,0:00,04:30,,,,ಮ.,01:30,03:00,,,,ಸ.,04:18,05:49,,,,ಸರ್ಧೆ,ಅನುಕೂಲ,ಶ್ರೇಷತೆ,ಶ್ರೀತಿ,ಸಂತೋಷ,ಯಶಸ್ಸು,ಆಸಕ್ತಿ,ದಯೆ,ನಿಷೇಧ,ಅನುಕೂಲ,ಕೀರ್ತಿ,ಅಭಿವೃದ್ದಿ
17-08-2026,data\2026\08\17-08-2026.jpg,ಆಷಾಢ|ಶ್ರಾವಣ,ಪರಾಭವ,1948,ಕರ್ಕ/ಸಿಂಹ,06:07,18:29,"ಸೋಲಿನಿಂದ ಓಡಬೇಡ, ಅದನ್ನುಗೆಲ್ಲು",ನಾಗರಪಂಚಮಿ. 1ನೇ ಶ್ರಾವಣ ಸೋಮವಾರ.,ಸಿಂಹ ಸಂಕ್ರಮಣ,ಶಿವ ಮುಷ್ಠಿ ಅಕ್ಕಿ,ಮಘಾ,ಮಳೆ ಪ್ರಾರಂಭ.,,,,,,,,,ಪಂಚಮಿ,17.01,ಚಿತ್ರಾ,28.59,ಕಳ22ಾ,27.29,ಕೌಲವ,29.21,ದಕ್ಷಿಣಾಯನ,ಸೌರ ವರ್ಷಾ,8,ಶುಕ್ಲ,ಕರ್ಕ,ಕನ್ಯಾ,ಬೆ.,07:30,09:00,,,,ಮ.,01:30,03:00,,,,ಬೆ.,10:30,12:00,,,,ಬೆ.,09:00,10:30,,,,ರಾ.,10:16,11:57,,,,ಶ್ರೇಷ್ಠತೆ,ಪ್ರಾಮಾಣಿಕತೆ,ಆಲೋಚನೆ,ಅನುಕೂಲ,ಪರಿಶ್ರಮ,ಪ್ರೀತಿ,ಯಶಸ್ಸು,ಸ್ಪರ್ಧೆ,ಬಲ,ವಿಶ್ರಾಂತಿ,ಗಮನ,ಸ್ನೇಹ
17-09-2026,data\2026\09\17-09-2026.jpg,ಶ್ರಾವಣ/ಭಾದ್ರಪದ,ಪರಾಭವ,1948,ಸಿಂಹ/ಕನ್ಯಾ,06:08,18:19,"ೇೀವು ಶಾಶತವಲ, ನೀನು ಶಾಶತ ಶಕಿಯು",ಸೂರ್ಯ ಷಷ್ಠಿ,ಜ್ಯೇಷ್ಠಾಗಂರಿ ಆಹ್ವಾನ,ಕಾರ್ತಿಕಸ್ವಾಮಿ,ದರ್ಶನ,ವಿಶ್ವ ಕರ್ಮ ದಿನ,ಬಲರಾಮ ಜಯಂತಿ,ನಚ್ಚೀಯಾರಗುಡಿ ಕಲ್ಯಾಣ,ಬೆಟಗೇರಿ ಗದಗ ಕಡಕೋಳ,ಅವಧೂತ ಅಯ್ಯಪ್ಪಜ್ಜನವರ ಪುಣ್ಯ ತಿಥಿ.,,,,,ಷಷ್ಠಿ,10.4,ಅನುರಾಧಾ,19.54,ವಿಷ್ಕಂಭ,12.51,ಗರಜ,2.53,ದಕ್ಷಿಣಾಯನ,ಸೌರ ಶರದ,1,ಶುಕ್ಲ,ಸಿಂಹ,ವೃಶ್ಚಿಕ,ಮ.,01:30,03:00,,,,ಬೆ.,9:00,10:30,,,,ಬೆ.,06:00,07:30,,,,ಮ.,03:00,04:30,,,,ಬೆ.,08:24,10:10,,,,ಆತಂಕ,ಸಹಾಯ,ಗಾರವ,ದಯೆ ್ಪ,ಶಾಂತಿ,ಪ್ರೋತ್ಸಾಹ,ಸಂತೋಷ,ಅಭಿವೃದ್ಧಿ,ಆನಂದ,ನಿರಾಶೆ,ಯಶಸ್ಸು,ಚಿಂತೆ
17-10-2026,data\2026\10\17-10-2026.jpg,ಭಾದ್ರಪದ/ಅಶ್ವೀನ,ಪರಾಭವ,1948,ಕನ್ಯಾ/ ತುಲಾ,06:10,17:59,ಇವತ್ತಿನ ಶ್ರಮ ನಾಳೆ ಹೆಮ್ಮೆಆಗುತ್ತದೆ,ಕಾವೇರಿ ಸಂಕ್ರಮಣ ಸ್ನಾನ,ಕೊರಕೊಡು ದುರ್ಗಾಪರಮೇಶ್ವರಿ,ಬಟ್ಟಲು ಸೇವೆ,ಕೊಡಗು ತಲಕಾವೇರಿ ತೀರ್ಥೋದ್ಭವ,ಶ್ರೀ,ಕಾಳಿಕಾಂಬಾ ಜಯಂತಿ,ಶ್ರೀ ಸರಸ್ವತಿ ಪೂಜಾ.,,,,,,,ಸಪ್ತಮಿ,FULL DAY,ಮೂಲಾ,09.47,ಅತಿಗಂಡ,23.03,ಗರಜ,19.12,ದಕ್ಷಿಣಾಯ,ಸೌರ ಶರದ,1,ಶುಕ್ಲ,ಕನ್ನಾಸ.07:57,ಧನು,ಬೆ.,09:00,10:30,,,,ಬೆ.,06:00,07:30,,,,ಮ.,01:30,05:00,,,,ಮ.,12:06,81:30,,,,ಬೆ.,02:35,6:23,,,,ಲಾಭ,ಬಲ,ಅಭಿವೃದಿ,ಗಮನ,ಸ್ನೇಹ,ಕೀರ್ತಿ,ಪ್ರೋತ್ಸಾಹ,ಖರ್ಚು,ದಯೆ,ಕೋಪ,ಸಾಲ,ಸ೦ತೋಷ
17-11-2026,data\2026\11\17-11-2026.jpg,ಅಶ್ವೀನ|ಕಾರ್ತಿಕ,ಪರಾಭವ,1948,ತುಲಾ/ವೃಶ್ಚಿಕ,06:19,17:50,ಮಾತು ಬೆಳ್ಳಿ ಮೌನ ಬಂಗಾರ,ದುರ್ಗಾಷ್ಟಮಿ,ಗೋಪಾಷ್ಟಮಿ,ಪಂಚಕ,ನಂದೀಶ್ವರ,ಅಷ್ಟಾಹ್ನಿಕ ವ್ರತಾರಂಭ. ಮೇಲುಕೋಟೆ ರಾಜಮುಡಿ,ಉತ್ಸವ. ರಾಷ್ಟ್ರೀಯ ಅಪಸ್ಮಾರ ದಿನ,,,,,,,,ಅಷ್ಟಮಿ,30.06,ಧನಿಷ್ಟಾ,28.35,ವೃದ್ಧಿ,0.54,ಬಿಷ್ಟಿ,17.18,ದಕ್ಷಿಣಾಯನ,ಸೌರ ಹೇಮಂತ,2,ಶುಕ್ಲ,ವೃಶ್ಚಿಕ,ಮಕರ,ಮ.,03:00,04:30,,,,ಮ.,12:00,01:30,,,,ಬೆ.,09:00,10:30,,,,ಬೆ.,07:30,9:00,,,,ಸ.,05:11,06:56,,,,ಆಸೆ,ಒಳ್ಳೆಯದು,ಅಭಿವೃದ್ಧಿ,ಶಾಂತಿ,ಕೀರ್ತಿ,ಪ್ರೀತಿ,ಲಾಭ,ಅಭಿವೃದ್ಧಿ,ಪ್ರೋತ್ಸಾಹ,ಸಂತೋಷ,ಸಾಲ,ಪ್ರೀತಿ
17-12-2026,data\2026\12\17-12-2026.jpg,ಕಾರ್ತಿಕ/ಮಾರ್ಗಶಿರ,ಪರಾಭವ,1948,ವೃಶ್ಚಿಕ/ಧನು,06:34,17:56,"ಲನ್ನು ಒಪಿಕೊಳ್ಳಬೇಡ, ಅದರಿಂದ",ಭೀಮ ಜಯಂತಿ,ಪೆನ್‌ಶನ ಡೆ,ಹಾವನೂರು ಗಡಿ,ದ್ಯಾಮವ್ವನ ಕಾರ್ತಿಕ,ಧನುರ್ಮಾಸಾರಂಭ,ಚರಂತಿಮಠ,ಬಸವಾಪಟ್ಟಾಣ ಶ್ರೀ ಹಾಲಸಿದ್ದಯ್ಯ ಸ್ವಾಮಿ ಅನುಗ್ರಹ ದಿನ,ಕರವೀರ ಮಹಾರಾಣಿ ತಾರಾರಾಣೀಸೊ ಪುಣ್ಯತಿಥಿ.,,,,,,ಅಷ್ಟಮಿ,23.27,ಪೂ.ಭಾ,15.31,ಸಿದ್ಧಿ,3.2,ಏಿಷ್ಟಿ,11.13,ದಕ್ಷಿಣಾಯ,ಸೌರ ಹೇಮಂತ,2,ಶುಕ್ಲ,ಧನು,ಕುಂಭ,ಮ.,01:30,03:00,,,,ಬೆ.,09:00,16:30,,,,ಬೆ.,06:00,30,,,,ಮ.,03:00,04:30,,,,ಬೆ.,07:01,08:43,,,,ಖರ್ಚು,ಪ್ರಯತ್ನ,ಕೀರ್ತಿ,ಪ್ರಯಾಣ,ಗೊಂದಲ,ಸಂಪತ್ತು,ಉಡುಗೊರೆ,ಆಲೋಚನೆ,ಗಮನ,ಪ್ರಗತಿ,ಭಕ್ತಿ,ವಿಶ್ರಾಂತಿ
18-01-2026,data\2026\01\18-01-2026.jpg,ಪುಷ್ಯ/ಮಾಘ,ವಿಶ್ವಾವಸು,1947,ಧನು/ಮಕರ,06:46,18:14,ಅರ್ಥವಿಲದ ಪ್ರಶ್ನೆಗೆ ಮೌನವೇ ಉತರ,ಅವರಾತ್ರಿ ಅಮವಾಸ್ಯೆ,ಪುರಂದರದಾಸರ ಪುಣ್ಯ ತಿಥಿ,ಪ್ರಜಾಪಿತ ಬ್ರಹ್ಮರ ಸ್ಮರಣದಿನ. ಉಡುಪಿ,ಕೃಷ್ಣಮಠದಲ್ಲಿ ಪೂಜಾ ಪರ್ಯಾರಂಭ,ಜಮಖಂಡಿ,ತಾ. ಕಂಕಣವಾಡಿ ಗುಹೇಶ್ವರ ಜಾತ್ರೆ.,,,,,,,,ಅಮವಾಸ್ಯೆ,25.22,ಪೂ.ಷಾ,10.14,ಹರ್ಷಣ,21.11,ಚತುಷ್ಪಾದ,12.46,ಉತ್ತರಾಯಣ,ಷ್ಪಾದ 12.46,5,ಕೃಷ್ಣ,ಮಕರ,16.41,ಸ.,04:30,06:00,,,,ಮ.,03:00,04:30,,,,ಮ.,12:00,01:30,,,,ಬೆ.,10:30,12:00,,,,ಬೆ.,05:01,06:45,,,,ಭಯ,ಸಾಲ,ಅನುಕೂಲ,ದಾನ,ಖರ್ಚು,ಲಾಭ,ಪ್ರಾಮಾಣಿಕತೆ,ಭಯ,ಲಾಭ,ವಿಳಂಬ,ಆತಂಕ,ಸಂತೋಷ
18-02-2026,data\2026\02\18-02-2026.jpg,,ವಿಶ್ವಾವಸು,1947,ಮಕರ/ ಕುಂಭ,06:41,18:26,"ಒಬ್ಬರ ಬದಲಾವಣೆ, ಜಗತ್ತಿಗೆ ಸೂರ್ತಿ",ಗೋಕರ್ಣ - ಮಹಾಬಳೆಶ್ಚರ ರಥ,ಸಿದ್ದಗಂಗಾ,ಸಿದ್ದಲಿಂಗೇಶ್ವರ ರಥ,ಮುದೇನೂರ ಉಮಾಚಂದ್ರ ಶ್ರೀ,ಮೌಳೇಶ್ವರ ಕಾರ್ತಿಕೋತ್ಸವ,ಮರಡಿ ಶರಣ,ಬಸವೇಶ್ವರ ರಥ.,,,,,,,ಪ್ರತಿಪದಾ,16.58,ಶತಭಿಷಾ,21.16,ಶಿವ,2.45,ಬಾಲವ,28.32,ಉತ್ತರಾಯಣ,ಸೌರ ವಸಂತ,6,ಶುಕ್ಲ,ಕುಂಭ,ಕುಂಭ,ಮ.,12:00,01:30,,,,ಮ.,1013,12:00,,,,ಬೆ.,07:30,09:00,,,,ಬೆ.,06:00,07:30,,,,ಮ.,02:04,03:40,,,,ಸಂತೋಷ,ಯಶಸ್ಸು,ಸಾಲ,ಕಾಟರ್ಕು ಖರ್ಚು,ಸ್ನೇಹ,ಒಳ್ಳೆಯದು,ಪ್ರತಿರೋಧ,ಅಲೆದಾಟ,ಆಸಕ್ತಿ,ದುಃಖ,ಕುತೂಹಲ,ಪ್ರಯತ್ನ
18-03-2026,data\2026\03\18-03-2026.jpg,ವಿಶ್ವಾವಸು ಪರಾಭವ,ವಿಶ್ವಾವಸು ಪರಾಭವ,1947,ಕುಂಭ/ಮೀನ,06:25,18:30,“ಪ್ರಯತ್ನವೇ ಗೆಲುವಿನ ಮೂದಲ ಹೆಜ್ಜೆ,ಉ.ಭಾ. ಮಳೆ ಪ್ರಾರಂಭ,ಅಗರಕಟ್ಟಿ ಬಸವೇಶ್ವರ ರಥ,ಗದಗ ತಾ. ಕದಡಿ ಶಕ್ತಿ ಪೀಠ ಶ್ರೀ ಆರ್ಯ,ದುರ್ಗಾಂಬಿಕಾದೇವಿ ಜಾತ್ರೆ,ಪುತ್ತೂರು ಶ್ರೀ,ದುರ್ಗಾಪರಮೇಶ್ವರಿ ಧ್ವಜ.,,,,,,,,ಚತುರ್ದಶಿ,08.26,ಪೂ.ಭಾ. 29,02.11,ಶುಭ,28.01,ಚತುಷ್ಪಾದ,19.44,ಉತ್ತರಾಯಣ,ರ್ದಶಿ 08..26,4,ಕೃಷ್ಣ,ಮೀನ,ಕುಂಭ,ಮ.,12:00,01:30,,,,ಬೆ.,10:30,12:00,,,,ಬೆ.,07:30,09:00,,,,ಬೆ.,06:00,07:30,,,,ಸ.,09:37,11:10,,,,ಸಾಲ,ವಿಳಂಬ,ಭಯ,ಭಯ,ಖರ್ಚು,ಸಂತೋಷ,ಅನುಕೂಲ,ಪ್ರತಿರೋಧ,ಪ್ರೀತಿ,ಲಾಭ,ಆತಂಕ,ಶುಭ
18-04-2026,data\2026\04\18-04-2026.jpg,ಚೈತ್ರ|ವೈಶಾಖ,ಪರಾಭವ,1948,ಮೀನ/ಮೇಷ,06:05,18:32,ವೂ ಸಾಧ್ಯ ನಿನ್ನಮೇಲೆ ನಿನಗೆ ನಂಬಿಕೆ ಇದ್ದರೆ ಃ,ವಿಶ್ವ ಸಂಸ್ಕೃತಿ ದಿನ,ಚಂದ್ರದರ್ಶನ,ಮುಧೋಳ ಶ್ರೀ ಸಿದ್ದಲಿಂಗೇಶ್ವರ,ನವಲಗುಂದ ತಾ. ಗುಮ್ಮಗೋಳ ಯರಕೇರಿ,ಬಸವೇಶ್ವರ ರಥಗಳು,,,,,,,,,ಪ್ರತಿಪದಾ,14.11,ಅಶ್ವಿನಿ,09.43,ಶೀತ,02.56,ಬಾಲವ,24.31,ಉತ್ತರಾಯಣ,ಸೌರ ವಸಂತ,5,ಶುಕ್ಲ,ಮೇಷ,ಮೇಷ,ಬೆ.,09:00,10:30,,,,ಬೆ.,06:00,07:30,,,,ಮ.,01:30,05:00,,,,ಮ.,12:06,01:30,,,,ಮ.,03:12,04:36,,,,ಸಾಲ,ವಿಳಂಬ,ಖರ್ಚು,ಪ್ರೋತ್ಸಾಹ,ಸಂತೋಷ,ಯಶಸ್ಸು,ಒಳ್ಳೆಯ ಕೆಲಸ,ಅನುಕೂಲ,ಶಾಂತಿ,ಪ್ರೀತಿ,ಭಕ್ತಿ,ಕರುಣೆ
18-05-2026,data\2026\05\18-05-2026.jpg,ವೈಶಾಖ|ಅಧಿಕ ಜ್ಯೇಷ್ಠ,ಪರಾಭವ,1948,ಮೇಷ/ವೃಷಭ,05:53,18:38,ಪ್ರಯತ್ನವೇ ಯಶಸ್ಸಿಗೆ ದಾರಿ,ಅಂತರರಾಷ್ಟ್ರೀಯ ವಸ್ತುಸಂಗ್ರಹಾಲಯ ದಿನ,ವಿಶ್ವ ಏಡ್ಸ್‌ ಲಸಿಕೆ ದಿನ,ಕಾನಂಗಿ ಶ್ರೀ ಪದ್ಮಾವತಿ,ಪರಿಣೋತ್ಸವ ಸಮಾಪ್ತಿ.,,,,,,,,,,ಡ್ವಿತೀಯಾ,17.54,ರೋಹಿಣಿ,11.32,ಸುಕರ್ಮಾ,21.48,ದಾವ,07.46,ಉತ್ತರಾಯಣ,ಸೌರ ಗ್ರೀಷ್ಮ,4,ಕೃಷ್ಣ,ವೃಷಭ,ವೃಷಭ,ಬೆ.,07:30,09:00,,,,ಮ.,01:30,03:00,,,,ಬೆ.,10:30,12:00,,,,ಬೆ.,09:00,10:30,,,,ಬೆ.,08:44,10:08,,,,ಒಳ್ಳೆಯದು,ಕೋಪ,ಉತ್ಪಾಹ,ಯಶಸ್ಸು,ಪ್ರಯತ್ನ,ಕೋಪ,ಅನುಕೂಲ,ಅಭಿವೃದ್ದಿ,ಕೀರ್ತಿ,ಸಂತೋಷ,ಶಾಂತಿ,ತಾಳ್ಮೆ
18-06-2026,data\2026\06\18-06-2026.jpg,ಅ.ಜ್ಯೇಷ್ಠ/ನಿ.ಜ್ಯೇಷ್ಠ,ಪರಾಭವ ನಾಮ,1948,ವೃಷಭ/ಮಿಥುನ,05:54,18:47,ಧಾನವೇ ಎಲ್ಲಾ ಸಮಸ್ಸಗಳಗೆ ಸಂಜ,ವಿನಾಯಕ ಚತುರ್ಥಿ,ರಾಣಿ ಲಕ್ಷ್ಮೀಬಾಯಿ,ಪು.ದಿ.ರಭೂಂಸಿ,ಗುರು ಅರ್ಜುನದೇವ ಶಹೀದ ದಿನ,ಗುರು ಪುಷ್ಯಾಮೃತಯೋಗ.,,,,,,,,,ಚತುರ್ಥಿ,18.59,ಪುಷ್ಯ,11.33,ವ್ಯಾಘಾತ,17.35,ವಣಿಜ,08.14,ಉತ್ತರಾಯಣ,ರ್ಥಿ 18.59,4,ಶುಕ್ಲ,ಮಿಥುನ,ಕರ್ಕ,ಮ.,01:30,03:00,,,,ಮ.,09:00,10:30,,,,ಬೆ.,06:00,07:30,,,,ಮ.,03:00,04:30,,,,ಬೆ.,05:41,07:09,,,,ಮೆಚ್ಚುಗೆ,ಕೋಪ,ಸಾಲ,ಭಯ,ಪ್ರತಿಭೆ,ಸಮಸ್ಯೆ,ಆನಂದ,ಆಸಕ್ತಿ,ಪ್ರತಿರೋಧ,ಸಂತೋಷ,ಅಭಿವೃದ್ಧಿ,ಸಹಾಯ
18-07-2026,data\2026\07\18-07-2026.jpg,ನಿಜ ಜ್ಯೇಷ್ಠ/ಆಷಾಢ,ಪರಾಭವ,1948,ಮಿಥುನ/ಕರ್ಕ,06:02,18:40,"30ಬಿನ ಅಧ್ಯಯನ, ಸಾಳಸ ಯಶಸ",ಶ್ರೀ ಅಜಾತ ನಾಗಲಿಂಗೇಶ್ವರ ಪಲ್ಲಕ್ಕಿ ಮಹೋತ್ಸವ,ನವಲಗುಂದ,ರಾಮಚಂದ್ರ ರಾವ ಮಹಾ ಸಪ್ತಾಹ,ಕರಿಕಟ್ಟಿ,ಶ್ರೀ ನಾಗಲಿಂಗ ಆರಾಧನೆ,ಸಿಂಧನಮಡು ಶ್ರೀ,ಬ್ರಹ್ಮಾನಂದ ಸ್ವಾಮಿಗಳ ಜಯಂತಿ,,,,,,,ಪಂಚಮಿ,27.43,ಪೂರ್ವಾ,18.00,ವರೀಯಾನ,20.46,ಬವ,16.07,ದಕ್ಷಿಣಾಯನ,ಸೌರ ವರ್ಷಾ,3,ಶುಕ್ಲ,ಕರ್ಕ,ಸಿಂಹ,ಬೆ.,09:00,10:30,,,,ಬೆ.,06:00,07:30,,,,ಮ.,01:30,03:00,,,,ಮ.,12:30,01:30,,,,ಸ.,11:45,01:19,,,,ಆನಂದ,ಸಂತೋಷ,ಅಭಿವದಿ,ಖರ್ಚು,ಸ್ಪರ್ಧೆ,ಸಹಾಯ,ಲಾಭ,ಶುಭಸಮಾಚಾರ,ಯಶಸ್ಸು,ಭಯ,ನಿರಾಶೆ,ಆತಂಕ
18-08-2026,data\2026\08\18-08-2026.jpg,ಆಷಾಢ|ಶ್ರಾವಣ,ಪರಾಭವ,1948,ಕರ್ಕ/ಸಿಂಹ,06:07,18:29,ನಿನ್ನಪ್ರಯತ್ನನಿನ್ನಭವಿಷ್ಯ ಕಟ್ಟುತ್ತದೆ,ಸುಪೋದನ,ವರ್ಣ,ಶ್ರೀ ಯಾಳ ಷಷ್ಠಿ. ಕಲ್ಕಿ,ಜಯಂತಿ. ಮಂಗಳಾ ಗೌರಿ ಪೂಜೆ. ಬುಧ,ಪುರ್ವಾಸ್ತ. ವಿದ್ಯಾಪೂರ್ಣ ತೀರ್ಥರ,ಆರಾಧನೆ.ನೀಲಾಂಬಿಕಾ ಲಿಂಗೈಕ್ಯ ದಿನ,,,,,,,,ಷ್ಟಿ,17.51,ಸ್ವಾತಿ,FULL DAY,ಶಕ್ಷ,02.23,ಗರಜ,FULL DAY,ದಕ್ಷಿಣಾಯನ,ಸೌರ ವರ್ಷಾ,2,ಶುಕ್ಲ,ಸಿಂಹ,ತುಲಾ,ಮ.,03:00,04:30,,,,ಮ.,12:00,01:30,,,,ಬೆ.,09:00,10:30,,,,ಬೆ.,07:30,00,,,,ರಾ.,09:19,11:02,,,,ಸಂತೋಷ,ಸ್ನೇಹ,ಸಾಲ,ಭಕ್ತಿ,ಯಶಸ್ಸು,ಉಡುಗೊರೆ,ಭಯ,ಮೆಚ್ಚುಗೆ,ಪ್ರೀತಿ,ಪ್ರೋತ್ಸಾಹ,ಕೀರ್ತಿ,ಸ್ಪರ್ಧೆ
18-09-2026,data\2026\09\18-09-2026.jpg,ಶ್ರಾವಣ/ಭಾದ್ರಪದ,ಪರಾಭವ,1948,ಸಿಂಹ/ಕನ್ಯಾ,06:08,18:18,"'೦ಚಿತನ ಅಂತ್ಯವಲ, ಆತಬಲದ ಆರಂಭ",ದುರ್ಗಾಷ್ಟಮಿ,ಶ್ರೀ ಉಮಾಮಹೇಶ್ವ,ಅಮುಕ್ತಾರಭರಣ,ವ್ರತ,ಜೇಷ್ಠಾದೇವಿ ಪೂಜಾ,ಸಸ್ತಾಪೂರ ತಾ. ಬಸವಕಲ್ಯಾಣ,ಶರಣಶಿವಲಿಂಗೇಶ್ವರ ರಥೋತ್ಸವ ಅಗಡಿ ಶೇಷಾಚಲಸ್ವಾಮಿ,ಪು.ತಿ,ತಡಕೋಡ ಜನಾರ್ದನಸ್ವಾಮಿ ವತ.,,,,,ಸಪ್ತಮಿ,13.02,ಜ್ಯೇಷ್ಠಾ,22.45,ಪ್ರೀತಿ,13.35,ವಿಷ್ಟಿ,26.14,ದಕ್ಷಿಣಾಯನ,ಸೌರ ಶರದ,2,ಶುಕ್ಲ,ಕನ್ನಾ,ವೃಶ್ಚಿಕ,ಬೆ.,10:30,12:00,,,,ಬೆ.,07:30,09:00,,,,ಮ.,03:00,04:30,,,,ಮ.,01:30,03:00,,,,ಮ.,12:54,02:41,,,,ಸ್ನೇಹ,* ಸಂತೋಷ,ಅನುಕೂಲ,ಕಾಟರ್ಕ ' ಲಾಭ,ಖರ್ಚು,ಪ್ರೀತಿ,ಪ್ರಗತಿ,ಸಂತೋಷ,ಲಾಭ,ವಿಳಂಬ,ಆನಂದ,ಸಾಲ
18-10-2026,data\2026\10\18-10-2026.jpg,ಭಾದ್ರಪದ/ಅಶ್ವೀನ,ಪರಾಭವ,1948,ಕನ್ಯಾ/ ತುಲಾ,06:10,17:59,"್ರನವಾಗಿಯೇ ಹೋರಾಡು, ಫಲಿತಾಂಶವೇಮ",ಮಹಾಲಕ್ಷ್ಮೀ ಪೂಜೆ,ಭಾನು ಸಪ್ತಮಿ,ಶ್ರೀ ಸರಸ್ವತಿ ವಿಸರ್ಜನ,ಬಲಿದಾನ,ತಿರುಪತಿ ಮಹಾರಥೋತ್ಸವ,ಕಲ್ಲಳ್ಳಿ,ಜಮಖಂಡಿ,ಶ್ರೀವೆಂಕಟೇಶ್ವರ ರಥ,ಕಾವೇರಿ ತೀರ್ಥೋದ್ಭವ,ಕೋಲ್ಡಾಪೂರ ಶ್ರೀ,ಜ್ಯೋತಿರ್ಲಿಂಗ ಜಾಗರ.,,,ಸಪ್ತಮಿ,08.29,ಪೂ.ಷಾ,12.49,ಸುಕರ್ಮಾ,23.56,ಪಿಷ್ಟಿ,21.43,ದಕ್ಷಿಣಾಯನ,ಸೌರ ಶರದ,2,ಶುಕ್ಲ,ತುಲಾ,ಧನು,ಸ.,04:30,06:00,,,,ಮ.,5:00,64:30,,,,ಮ.,12:00,01:30,,,,ಬೆ.,16:36,12,,,,ಬೆ.,07:24,09:12,,,,ಕೀರ್ತಿ,ಅನುಕೂಲ,ತೊಂದರೆ,ಅಭಿವೃದ್ಧಿ,ಭಯ,ಆತಂಕ,ಸ್ನೇಹ,ಪ್ರೀತಿ,ಯಶಸ್ಸು,ವಿಶ್ರಾಂತಿ,_ಶಾರತಿ,ಸ೦ತೋಷ
18-11-2026,data\2026\11\18-11-2026.jpg,ಅಶ್ವೀನ|ಕಾರ್ತಿಕ,ಪರಾಭವ,1948,ತುಲಾ/ವೃಶ್ಚಿಕ,06:19,17:50,ಲಿನಿಂದ ಕಲಿಯುವವನೇ ನಿಜವಾದ ವಿಜ,ನವಮಿ ವೃದ್ಧಿ. ಪಂಚಕ. ಕೂಷ್ಮಾಂಡ,ಅಕ್ಷಯ,ನವಮಿ,ಸಾಗರಕಟ್ಟೆ ಮಠ ಶ್ರೀ ಪ್ರಜ್ಞಾಧಿರಾಜ,ತೀರ್ಥರ ಆರಾಧನೆ,,,,,,,,,ನವಮಿ,FULL DAY,ಶತಭಿಷಾ,30.11,ಧ್ರುವ,08.05,ಬಾಲವ,18.42,ದಕ್ಷಿಣಾಯನ,ಸೌರ ಹೇಮಂತ,3,ಶುಕ್ಲ,ವೃಶ್ಚಿಕ,ಕುಂಭ,ಮ.,12:00,01:30,,,,ಬೆ.,1013,12:00,,,,ಬೆ.,07:30,09:00,,,,ಬೆ.,06:00,07:30,,,,UNKNOWN,10:29,12:12,,,,ಯಶಸ್ಸು,ಸ್ನೇಹ,ಅಭಿವೃದ್ಧಿ,ಕೋಪ,ಪ್ರೋತ್ಸಾಹ,ಕೀರ್ತಿ,ದ್ವೇಷ,ಪ್ರೀತಿ,ಶಾಂತಿ,ಒಳ್ಳೆಯದು,ಅಸೆ,ಕೀರ್ತಿ
19-01-2026,data\2026\01\19-01-2026.jpg,ಪುಷ್ಯ/ಮಾಘ,ವಿಶ್ವಾವಸು,1947,ಧನು/ಮಕರ,06:46,18:14,ದು ಬದುಕುವುದಕ್ಕಿಂತ ತಿಳಿದು ಬದುಕುವುದ:,ವೇಮಣ್ಣ ಜಯಂತಿ,ಕಲಾವತಿ ದೇವಿ ಪು.ತಿ. ಬೆಳಗಾವಿ,ಹುಲಿ ಬಸವೇಶ್ವರ ಜಾತ್ರೆ,ಹಾನಗಲ್‌ ತಾ.,ಕಾಡಶೆಟ್ಟಹಳ್ಳಿ ಗಾನೆಯೋಗ ಪಂಚಾಕ್ಷರ ಗವಾಯಿ,ಜಯಂತಿ.,,,,,,,,ಪ್ರತಿಪದಾ,26.15,ಉ.ಷಾ,11.52,ವಜ್ರ,20.45,ಕಂಸ್ತಾಘ್ನ,13.31,ಉತ್ತರಾಯಣ,ಸೌರ ಶಿಶಿರ,6,ಕೃಷ್ಣ,ಮಕರ,ಮಕರ,ಬೆ.,07:30,09:00,,,,ಮ.,01:30,03:00,,,,ಬೆ.,1030,12:00,,,,ಬೆ.,09:00,10:30,,,,ಬೆ.,05:02,06:44,,,,ಶಾಂತಿ,ಅನುಕೂಲ,ಆನಂದ,ಯಶಸ್ಸು,ಶ್ರೇಷ್ಠತೆ,ಸಂಪತ್ತು,ಅಭವೃದ್ದಿ,ಸಾಲ,ಆತಂಕ,ಭಯ,ಖರ್ಚು,ವಿನಯ
19-02-2026,data\2026\02\19-02-2026.jpg,,ವಿಶ್ವಾವಸು,1947,ಮಕರ/ ಕುಂಭ,06:40,18:26,"ುನುಜನೇ ದೇವರು, ಧರ್ಮವೇ ಜೀವನದ",ಛತ್ರಪತಿ. ಶಿವಾಜಿ ಮಹಾ ಜಯಂತಿ,ರಂಜಾನ್‌,ಉಪವಾಸ ಪ್ರಾರಂಭ,ಶ್ರೀ ರಾಮಕೃಷ್ಣ ಪರಮಹಂಸ,ಜಯಂತಿ,ಹುಣಸಿಕಟ್ಟೆ ಶ್ರೀ ರುದ್ರೆಸ್ವಾಮಿ ರಥ,ಹಮ್ಮಗಿ ಸಾಮೊಹಿಕವಿವಾಹ.,,,,,,,ದ್ವಿತೀಯಾ,15.59,ಪೂ.ಭಾ,20.52,ಸಿದ್ಧ,20.4,ತೈತಿಲ,27.22,ಉತ್ತರಾಯಣ,ಸೌರ ವಸಂತ,7,ಶುಕ್ಲ,ಕುಂಭ,ಕುಂಭ,ಮ.,01:30,03:00,,,,ಬೆ.,09:00,10:30,,,,ಬೆ.,06:00,07:30,,,,ಮ.,03:00,04:30,,,,ಮ.,01:00,02:34,,,,* ಅಬಿವದಿ,ಧೈರ್ಯ”,ಆಸಕಿ,ಸಮಸ್ಯೆ,* ಉಡುಗೊರೆ,ಪ ಪ್ರೀತಿ,ಗೊಠಿದಲ,ಕೋಪ,ಲಾಭ,ಶಾಂತಿ,ಪರಿಶ್ರಮ,ಅನುಕೂಲ
19-03-2026,data\2026\03\19-03-2026.jpg,ಪುಷ್ಯ/ಮಾಘ,ವಿಶ್ವಾವಸು,1947,ಧನು/ಮಕರ,06:24,18:30,ುಗಾದಿ ನಿಮ್ಮಮನೆಯಲ್ಲಿ ಸಂತೋಷ ಮತ್ತು ಪ್ರೀತಿಯ,ಯುಗಾದಿ ಪಾಡ್ಯ,ಪರಾಭವ ಸಂವತ್ಸರ. ಶಾಲಿವಾಹನ ಶಕೆ,1948 ಪ್ರಾ. 311 ಮೂಹೂರ್ತ,ಉತ್ತಮ ದಿನ,ಅಭ್ಯಂಗಸ್ನಾನ,ಇಷ್ಟಿ. ದೇವಿ ಶ್ರೀರಾಮ ನವರಾತ್ರಾರಂಭ,ಗುಡಿ ಪರ್ವ,ಘಾತಸ್ಥಾಪಾನ,,,,,,ಅಮಾವಸ್ಯೆ,06.54,ಉ.ಭಾ,28.05,ಶುಕ್ಷ,25.17,ಕಿಂಸ್ತುಘ್ನ,17.56,ಉತ್ತರಾಯಣ,ಸೌರ ಶಿಶಿರ,5,ಶುಕ್ಲ,ಮೀನ,ಮೀನ,ಮ.,01:00,03:00,,,,ಬೆ.,09:00,10:30,,,,ಬೆ.,06:00,07:30,,,,UNKNOWN,03:00,04:36,,,,ಸ.,11:32,01:03,,,,ವಿಳಂಬ,ಸಂತೋಷ,ಸ್ನೇಹ,ಶ್ರೇಷ್ಠತೆ,ಸಮಸ್ಯೆ,ಸ್ಪರ್ಧೆ,`ಸಾಲ,್ಠಾಾ ಶುಭ,ಪ್ರತಿಭೆ,ಆತಂಕ,*-ಯಶಸ್ಸು,ಪ್ರತಿರೋಧ
19-04-2026,data\2026\04\19-04-2026.jpg,ಚೈತ್ರ|ವೈಶಾಖ,ಪರಾಭವ,1948,ಮೀನ/ಮೇಷ,06:05,18:32,ಇಗಬೇಕು ತಿಳಿದವರ ಮುಂದೆ. ತುಳಿದವರ ಮುಂ!,ಅಕ್ಷಯ ತೃತೀಯಾ,ಪರಶುರಾಮ ಜಯಂತಿ,ಶ್ರೀ ಬಸವೇಶ್ವರ ಜಯಂತಿ,ತ್ರೇತಾಯುಗಾದಿ,ಗದಗ ತಾ. ಬಿಂಕದಕಟ್ಟಿ,ಶ್ರೀರಾಮ ಕರುಣಾನಂದ ಸ್ವಾಮಿ ಪು.ತಿ.,,,,,,,,ದ್ವಿತೀಯಾ,10.50,ಮ,07.10,ಆಯುಷ್ಕಾನ,20.02,ತೈತಿಲ,21.08,ಉತ್ತರಾಯಣ,ಸೌರ ವಸಂತ,6,ಶುಕ್ಲ,ಮೇಷ,ಮೇಷ,ಸ.,04:30,06:00,,,,ಮ.,65:00,64:30,,,,ಮ.,12:00,01:30,,,,UNKNOWN,16:56,12:06,,,,ಬೆ.,02:52,04:18,,,,ಯಶಸ್ಸು,ಆತಂಕ,ಭಯ,ಸ್ನೇಹ,ಪ್ರಗತಿ,ಸಂತೋಷ,ವಿಳಂಬ,ಸಂತೋಷ,ಸಾಲ,ಸಮಸ್ಯೆ,ಶುಭ್‌,ಪ್ರತಿರೋಧ
19-05-2026,data\2026\05\19-05-2026.jpg,ವೈಶಾಖ|ಅಧಿಕ ಜ್ಯೇಷ್ಠ,ಪರಾಭವ,1948,ಮೇಷ/ವೃಷಭ,05:53,18:38,ಕಲಿಯುವುದನ್ನುನಿಲ್ಲಿಸಿದಾಗ ಬೆಳೆಯುವುದನ್ನು ನಿಲ್ಲಿಸ,ವಿನಾಯಕ ಚತುರ್ಥಿ (ಅಂಗಾರಕ ಯೋಗ),,,,,,,,,,,,,ತೃತೀಯಾ,14.19,ಮೃಗಶಿರಾ,08.42,ಕಿ,7.0,ವಣಿಜ,24.40,ಉತ್ತರಾಯಣ,ಸೌರ ಗ್ರೀಷ್ಮ,5,ಕೃಷ್ಣ,ವೃಷಭ,ಮಿಥುನ,ಮ.,03:00,04:30,,,,ಮ.,12:00,01:30,,,,ಬೆ.,09:00,10:30,,,,ಬೆ.,0713,09:00,,,,ಮ.,12:56,02:20,ರಾ.,09:14,10:40,ಆನಂದ,ಶುಭ,ಅಭಿವುದ್ದಿ,ಯಶಸ್ಸು,ಒಳ್ಳೆಯದು,ಅನುಕೂಲ,ಶುಭಸಮಾಚಾರ,ಸ್ಪರ್ಧೆ,ತಾಳ್ಮೆ,ಶ»*ಮಧುರ ಮಾತು,ಲಾಭ,ಮೆಚ್ಚುಗೆ
19-06-2026,data\2026\06\19-06-2026.jpg,ಅ.ಜ್ಯೇಷ್ಠ/ನಿ.ಜ್ಯೇಷ್ಠ,ಪರಾಭವ ನಾಮ,1948,ವೃಷಭ/ಮಿಥುನ,05:54,18:47,"'೦ತ ದೊಡ್ಡಗುರುವಿಲ್ಲ, ಅನುಭವಕ್ಕಿಂತ ದೊಡ್ಡಪಾ
ಡಿ ( ೦",ಬೃಹನ್ಮಠ ಕಾಶಿನಾಥಶಾಸ್ತ್ರಿ ಜಯಂತಿ,ರಾಣೆಬೆನ್ನೂರು,ಸಿದ್ಧಾರೂಢರ ಅಭಿಷೇಕ,ಸಿರಸಂಗಿ ಕಾಳಿಕಾದೇವಿ,ಕಲಶೋತ್ಸವ.,,,,,,,,,ಪಂಚಮಿ,17.00,ಆಶ್ವೇಷಾ,10.07,ಹರ್ಷಣ,14.53,ಕೌಲವ,28.18,ಉತ್ತರಾಯಣ,ಸೌರ ಗ್ರೀಷ್ಠ,5,ಶುಕ್ಲ,ಮಿಥುನ,ಕರ್ಕ,ಬೆ.,10:30,12:00,,,,ಬೆ.,07:30,09:00,,,,ಮ.,03:00,04:30,,,,ಮ.,01:30,03:00,,,,ಬೆ.,08:36,10:06,,,,ಮರೆವು,ನಿರಾಶೆ,ವಿಬಾಗ,ಬುದ್ದಿವಂತಿಕೆ,ಶ್ರದ್ದೆ,ಗೊಂದಲ,ಆಸಕ್ತಿ,ಸಹಾಯ,ಪ್ರೋತ್ಸಾಹ,ತಾಳ್ಮೆ,ಬಿಶ್ರಾಂತಿ,ಭಯ
19-07-2026,data\2026\07\19-07-2026.jpg,ನಿಜ ಜ್ಯೇಷ್ಠ/ಆಷಾಢ,ಪರಾಭವ,1948,ಮಿಥುನ/ಕರ್ಕ,06:02,18:40,ೋೀಲು ಬಂದರೂ ನಿನ್ನ ದಾರಿ ಬಡಬಿ,ಮಂಗಲ್‌ ಪಾಂಡೆ ಜಯಂತಿ,ಅಗಡಿ ಶ್ರೀ ನಾರಾಯಣ,ಭಗವಾನರ ಜಯಂತಿ,ಕುಮಾರ ಷಷ್ಠಿ,ಅಮರ,ನೀತಿಯ ಶರಣ ಜಯಂತಿ,ಕಲ್ಕಿ ಜಯಂತಿ,ಮುಧೋಳ,ಗವಿಮಠದ ಶ್ರೀ ಬಸವಲಿಂಗ ಶಿವಯೋಗಿಗಳ ರಥ.,,,,,ಷಷ್ಟಿ,27.30,ಉತ್ತರಾ,18.12,ಪರಿಘ,19.23,ಕೌಲವ,15.31,ದಕ್ಷಿಣಾಯನ,ಸೌರ ವರ್ಷಾ,4,ಕೃಷ್ಣ,ಕರ್ಕ,ಕನ್ಯಾ,ಸ.,04:30,06:00,,,,ಮ.,5:00,64:30,,,,ಮ.,12:00,01:30,,,,ಬೆ.,10:30,12:00,,,,ಬೆ.,10:56,12:33,,,,ತೊಂದರೆ,ಒಳ್ಳೆಯದು,ಶ್ರೇಷತೆ,ಯಶಸ್ಸು,ಶಾಂತಿ,ಉಡುಗೊರೆ,ಪ್ರತಿರೋಧ,“ಚಿಂತೆ,ಲಾಭ,ಸಂಪತು,ಖರ್ಚು,ಆಸಕ್ತಿ
19-08-2026,data\2026\08\19-08-2026.jpg,ಆಷಾಢ|ಶ್ರಾವಣ,ಪರಾಭವ,1948,ಕರ್ಕ/ಸಿಂಹ,06:08,18:38,ನಿನ್ನಮನಸ್ಸುನಿನ್ನಮಿತ್ರ,ಸೀತಲಾ ಸಪ್ತಮಿ. ಬುಧ ಪೂಜೆ. ವಿಶ್ವ ಛಾಯಾಚಿತ್ರಣ,ದಿನ. ಗೋ ಸ್ವಾಮಿ ತುಲಸಿದಾಸ ಜಯಂತಿ,ಶ್ರೀ,ಪಾರ್ಶ್ವನಾಥ ನಿರ್ವಾಣ ದಿನ. ಸಾವಳಗಿಮಠ ತಾ.,ಚಿಕ್ಕೋಡಿ ಶ್ರೀ ಚಿನ್ನಯ್ಯ ಸ್ವಾಮಿ ಆರಾಧನೆ.,,,,,,,,,ಸಪ್ತಮಿ,19.20,ಸ್ವಾತಿ,06.47,ಇಹ್ಮಾ,2.44,ಗರಜ,06.31,ದಕ್ಷಿಣಾಯನ,ಸೌರ ವರ್ಷಾ,3,ಶುಕ್ಲ,ಸಿಂಹ,ತುಲಾ,ಮ.,12:00,01:30,,,,ಬೆ.,1013,12:00,,,,ಬೆ.,07:30,09:00,,,,ಬೆ.,06:00,07:30,,,,UNKNOWN,1132,01:13,,,,ಸಂಪತ್ತು,ಒಳ್ಳೆಯದು,ಪೋತಾಹ,ಕೇರ್ತಿ,ಲಾಭ,ಗೌರವ,ಕುತೂಹಲ,ಸಂತೋಷ,ಗಮನ,ಮರೆವು,ಅನಂದ,ಕರುಣೆ
19-09-2026,data\2026\09\19-09-2026.jpg,ಶ್ರಾವಣ/ಭಾದ್ರಪದ,ಪರಾಭವ,1948,ಸಿಂಹ/ಕನ್ಯಾ,06:08,18:18,ಶಿನ್ನ ಉಸಿರು ಇರುವವರೆಗೆ ಆಸೆ ಇರುತದ,ಜ್ಯೇಷ್ಠಾ ಗೌರಿ ವಿಸರ್ಜನೆ,ದೋರಕ ಧಾರಣಂ,ದುರ್ಗಾಷ್ಟಮಿ,ದಧೀಚಿ ಜಯಂತಿ,ಶ್ರೀಜಗನ್ನಾಥದಾಸರ ಆರಾಧನೆ,ಲಕ್ಷ್ಮೀಶ್ವರ,ತಾ. ಗೊಜನೂರು ಬಾಲಲೀಲಾ ಮಹಾಂತ ಶಿವಯೋಗೀಶ್ವರ,ಮರಿದೇವರ ಮಠದ ಶ್ರೀ ವಿರುಪಾಕ್ಷೇಶ್ವರ ಪು.ತಿ.,,,,,,ಅಷ್ಟಮಿ,15.27,ನೂಲಾ,02.54,ಆಯುಷ್ಕಾನ,14.29,ಬಾಲವ,28.41,ದಕ್ಷಿಣಾಯನ,ಸೌರ ಶರದ,3,ಶುಕ್ಲ,ಕನ್ನಾ,ಧನು,ಬೆ.,09:00,10:30,,,,ಬೆ.,06:00,07:30,,,,ಮ.,01:30,03:00,,,,ಮ.,12:00,01:30,,,,ಮ.,06:31,08:19,,,,ಖರ್ಚು,ಭಯ,ಆತಂಕ,ಪ್ರೋತ್ಸಾಹ,ವಿನಯ,ಯಶಸ್ಸು,ಅನುಕೂಲ,ಶಾಂತಿ,ವಿಳಂಬ,ಒಳ್ಳೆಯ ಕೆಲಸ,ಶ್ರೇಷ್ಠತೆ,ಮೆಚ್ಚುಗೆ
19-10-2026,data\2026\10\19-10-2026.jpg,ಭಾದ್ರಪದ/ಅಶ್ವೀನ,ಪರಾಭವ,1948,ಕನ್ಯಾ/ ತುಲಾ,06:10,17:58,ಜೀವನದಲ್ಲಿ ಧೈರ್ಯವೇ ದೊಡ್ಡಆಸ್ತಿ,ದುರ್ಗಾಷ್ಟಮಿ,ಮಹಾಷ್ಟಮಿ,ಮಹಾನವಮಿ ಉಪವಾಸ,ಆಯುಧ,ಪೂಜೆ,ಏಕರಾತ್ರೋತ್ಸವಾರಂಭ,ಕೋಲ್ಡ್ದಾಪೂರ ಮಹಾಲಕ್ಷ್ಮೀ,ಜಾಗರ ಸರಸ್ವತಿ ಪೂಜೆ,ಬಳೆಪೇಟೆ ಅಂಬಾಭವಾನಿ ಪೂಜೆ,ಕಶ್ಯಪ,ಮಹರ್ಷಿ ಜಯಂತಿ,ಧಾರವಾಡ ಮೃತ್ಯುಂಜಯ ಶ್ರೀಗಳ ಪುಣ್ಯತಿಥಿ.,,ಅಷ್ಟಮಿ,10.52,ಉ.ಷಾ,15.39,ಧೃತಿ,24.35,ಬಾಲವ,23.56,ದಕ್ಷಿಣಾಯ,ಸೌರ ಶರದ,3,ಶುಕ್ಲ,ತುಲಾ,ಮಕರ,ಬೆ.,07:30,09:00,,,,ಮ.,0113,03:00,,,,ಬೆ.,10:30,12:00,,,,ಬೆ.,09:00,10:30,,,,ಬೆ.,08:29,10:16,,,,ಅನುಕೂಲ,ಶಾಂತಿ,ಸಂತೋಷ,ಸಮಸ್ಯೆ,ಭಯ,ಮೆಚ್ಚುಗೆ,ಯಶಸ್ಸು,ಉಡುಗೊರೆ,ಲಾಭ,ಒಳ್ಳೆಯದು,ಸಾಲ,ಅಭಿವೃದ್ಧಿ
19-11-2026,data\2026\11\19-11-2026.jpg,ಅಶ್ವೀನ|ಕಾರ್ತಿಕ,ಪರಾಭವ,1948,ತುಲಾ/ವೃಶ್ಚಿಕ,06:20,17:50,ಲಿನಿಂದ ಕಲಿಯುವವನೇ ನಿಜವಾದ ವಿಜ,ನಾಗರಿಕ ದಿನಾಚರಣೆ. ಶ್ರೀ ಹರಿ ಜಯಂತಿ,ಅನುರಾಧ ಮಳೆ,ಪ್ರಾರಂಭ. ವಿಶ್ವ ಶೌಚಾಲಯ ದಿನ,ಅಂತರಾಷ್ಟ್ರೀಯ,ಪುರುಷರ ದಿನ,ಮಹಿಳಾ ಉದ್ಯಮಶೀಲತೆ ದಿನ,,,,,,,,ನವಮಿ,07.07,ಪೂ.ಭಾ.,FULL DAY,ವ್ಯಾಘಾತ,07.43,ತೈತಿಲ,16.18,ದಕ್ಷಿಣಾಯನ,ಸೌರ ಹೇಮಂತ,4,ಶುಕ್ಲ,ವೃಶ್ಚಿಕ,ಕುಂಭ,ಮ.,01:30,03:00,,,,ಬೆ.,9:00,1030,,,,ಬೆ.,06:00,07:30,,,,ಮ.,05:00,04:30,,,,UNKNOWN,1041,12:20,,,,ಲಾಭ,ಸಂತೋಷ,ಯಶಸ್ಸು,ಸಾಲ,ಖರ್ಚು,ವಿಳಂಬ,ಪ್ರಗತಿ,ಸಂತೋಷ,ಯಶಸ್ಸು,ಆತಂಕ,ಶ್ರೇಷ್ಠತೆ,ಶಾಂತಿ
20-01-2026,data\2026\01\20-01-2026.jpg,ಪುಷ್ಯ/ಮಾಘ,ವಿಶ್ವಾವಸು,1947,ಧನು/ಮಕರ,06:46,18:15,ತರ ಪ್ರಯತ್ನವು ಅಸಾಧ್ಯವನ್ನು ಸಾಧ್ಯವಾಗಿ ಮಾ।,ಕಾದರಹಳ್ಳಿ ಹಾಗೂ ಮಹಾಲಿಂಗಪುರ ಜ್ಞಾನಸಪ್ತಾಹ,ಮುಕ್ತಾಯ. ಶ್ರೀ ವಾಸವಿ ಅಗ್ನಿ ಪ್ರವೇಶ ದಿನ,ಬೆಟಗೆರಿ,ಗದಗ ರಂಗಪ್ಪಜ್ಜನ ಜೋಡುಕಳಸದ ಭವ್ಯ ಮೆರವಣಿಗೆ,ವಾಸವಿ ಅಗ್ನಿ ಪ್ರವೇಶ.,,,,,,,,,ದ್ವಿತೀಯಾ,26.43,ಶ್ರವಣ,13.07,ಸಿದ್ದಿ,20.01,ಬಾಲವ,14.32,ಉತ್ತರಾಯಣ,ಸೌರ ಶಿಶಿರ,7,ಶುಕ್ಲ,ಮಕರ,25.36,ಮ.,03:00,04:30,,,,ಮ.,12:00,01:30,,,,ಬೆ.,09:00,10:30,,,,ಬೆ.,07:30,09:00,,,,ಬೆ.,02:10,03:51,,,,ಯಶಸ್ಸು,ಒಳ್ಳೆಯದು,ವಿನಯ,ಭಯ,ಉಡುಗೊರೆ,ಆಸೆ,ಜೀವನ,ಭಕ್ತಿ,ಖರ್ಚು,ಸಂಪತು,ಆಸಕ್ತಿ,ಪ್ರೀತಿ
20-02-2026,data\2026\02\20-02-2026.jpg,,ವಿಶ್ವಾವಸು,1947,ಮಕರ/ ಕುಂಭ,06:40,18:26,"ಬೀಳುವುದು ಸಹಜ, ಎದ್ದುಸಿಲ್ಲುವುದು ಕ",ತ್ರಿಪದಿ ಕವಿ ಸರ್ವಜ್ಞ ಜಯಂತಿ,ಹೊರನಾಡು,ಅನ್ನರ್ಣೇಶ್ವರಿ,ಹೆಜಮಾಡಿ,ಕುಕ್ಕೆಹಳ್ಳಿ ರಥಗಳು,ನಾಗರಾಳ ಮಾರುತೇಶ್ವರ ಕಾರ್ತಿಕ ಉತ್ಸವ,ರಾಚೋಟಿ ವೀರಭದ್ರ ರಥ.,,,,,,,ತೃತೀಯಾ,14.39,ಉ.ಭಾ,20.08,ಸಾಧ್ಯ,18.23,ವಣೆಜ,25.32,ಉತ್ತರಾಯಣ,ಸೌರ ವಸಂತ,8,ಶುಕ್ಲ,ಕುಂಭ,ಮೀನ,ಬೆ.,10:30,12:00,,,,ಬೆ.,07:30,09:00,,,,ಮ.,03:00,04:30,,,,ಮ.,01:30,03:00,,,,ಮ.,03:28,05:01,,,,ಸರ್ಧೆ,* ಕೋಪ,ಯಶಸ್ತು,ಅಭಿವೃದ್ಧಿ,ಸ್ಪತೋಷ,ಖರ್ಚು,ಸಾಲ,ಪ್ರಯತ್ನ,ದಯೆ,ಮೆಚ್ಚುಗೆ,ಆಲೋಚನೆ,ಯಶಸ್ಸು
20-03-2026,data\2026\03\20-03-2026.jpg,ವಿಶ್ವಾವಸು ಪರಾಭವ,ವಿಶ್ವಾವಸು ಪರಾಭವ,1947,ಕುಂಭ/ಮೀನ,06:24,18:30,"“ದಾರಿ ಕಷವಾಗಿದರೂ, ನಿಲ್ಲಬೇಡ”",ಸ್ವಾಮಿ ಸಮರ್ಥ ಪ್ರಕಟ ದಿನ,ಸಂತ ರುಲೇಲಾಲ,ಜಯಂತಿ,ಬಾಲಚಂದ್ರಮಾವ್ರತ,ಪಂಚಕ ಮು ಉ.ರಾ.,2.27,ಜಮಾತುಲಾ ಬಿದಾ ಚಂದ್ರದರ್ಶನ,ರಮಜಾನ್‌.,,,,,,ದ್ವಿತೀಯಾ,26.31,ರೇವತಿ,26.28,ಬ್ರಹ್ಮಾ,22.15,ಬಾಲವ,15.44,ಉತ್ತರಾಯಣ,ಸೌರ ವಸಂತ,6,ಶುಕ್ಲ,ಮೀನ,ಮೀನ,ಬೆ.,10:30,12:00,,,,ಬೆ.,07:30,09:00,,,,ಮ.,03:00,04:30,,,,ಮ.,01:30,3:0,,,,UNKNOWN,,,,,,* ಯಶಸು,ಖಚ್ಚು,ಪ್ರೀತಿ,ಲಾಭ,ಉಡುಗೊರೆ,ದಯೆ,ಪರಿಶ್ರಮ,ಗಮನ,ಅನುಕೂಲ,ಭಕ್ತಿ,ಒಳ್ಳೆಯದು,ಸಹಾಯ
20-04-2026,data\2026\04\20-04-2026.jpg,ಚೈತ್ರ|ವೈಶಾಖ,ಪರಾಭವ,1948,ಮೀನ/ಮೇಷ,06:04,18:32,ಅರ್ಥವಿಲ್ಲದ ಪ್ರಶ್ನೆಗೆ ಮೌನವೇ ಉತ್ತರ,ಶ್ರೀ ಬಸವೇಶ್ವರ ಜಯಂತಿ,ವಿನಾಯಕ ಚತುರ್ಥಿ,ಕಡಪಟ್ಟಿ ಲೆಂಗೇಶ್ವರ ಜಾತ್ರೆ,ರಾಣಿಬೆಣ್ಣೂರ,ಕುಬೇರಾನಂದ ಸ್ವಾಮಿ ಆರಾಧನೆ,ಪರಶುರಾಮ,ಜಯಂತಿ.,,,,,,,ತೃತೀಯಾ,07.28,ರೋಹಿಣಿ,26.08,ಸೌಭಾಗ್ಯ,16.11,ವಣಿಜ,17.50,ಉತ್ತರಾಯಣ,ಸೌರ ಗ್ರೀಷ್ಮ,7,ಶುಕ್ಲ,ಮೇಷ,ವೃಷಭ,ಬೆ.,07:30,09:00,,,,ಮ.,0113,03:00,,,,ಬೆ.,10:30,12:00,,,,ಬೆ.,09:00,1030,,,,ಜ.,12:44,03:52,ಮ.,11:16,12:42,ಸಮಸ್ಥೆ,ಪ್ರೋತ್ಸಾಹ,ಬಿನಯ,ನಿರಾಶೆ,ಲಾಭ,ಖರ್ಚು,ಸಂತೋಷ,ಆತಂಕ,ಯಶಸ್ಸು,ಪಯತ,ಅನುಕೂಲ,ಭಯ
20-05-2026,data\2026\05\20-05-2026.jpg,ವೈಶಾಖ|ಅಧಿಕ ಜ್ಯೇಷ್ಠ,ಪರಾಭವ,1948,ಮೇಷ/ವೃಷಭ,05:53,18:39,ಳ್ನಗೆ ಮತ್ತು ಮೌನ ಇವೆರಡೂ ಅತ್ಯಂತ ಪ್ರಭಾವಿ ಸಾಧ,ವಿನಾಯಕ ಚತುರ್ಥಿ,ಬಿಪಿನಚಂದ್ರ ಪಾಲ,ಸ್ಮಖತಿ ದಿನ,,,,,,,,,,,ಚತುರ್ಥಿ,11.07,ಆರ್ದ್ರಾ,06.12,ಶೂಲ,14.10,ಬವ,21.43,ಉತ್ತರಾಯಣ,ರ್ಥಿ 11.07,6,ಕೃಷ್ಣ,ವಷಭ,ಮಿಥುನ,ಮ.,12:00,01:30,,,,ಬೆ.,1030,12:00,,,,ಬೆ.,07:30,09:00,,,,ಬೆ.,06:00,07:30,,,,UNKNOWN,,,,,,ಸಾಲ,ಅನುಕೂಲ,ಪ್ರಯತ್ರ,ಧೈರ್ಯ,ಒಳ್ಳೆಯ ಸುದ್ದಿ,ಶ್ರೇಷ್ಠತೆ,ಭಕ್ತಿ,ಉತ್ಸಾಹ,ದುರಾಸೆ,ಪ್ರೋತ್ಸಾಹ,ಭಯ,ಅಭಿವೃದ್ಧಿ
20-06-2026,data\2026\06\20-06-2026.jpg,ಅ.ಜ್ಯೇಷ್ಠ/ನಿ.ಜ್ಯೇಷ್ಠ,ಪರಾಭವ ನಾಮ,1948,ವೃಷಭ/ಮಿಥುನ,05:54,18:48,"ನಂಬಿಕೆ ಇರಲಿ, ಕಾಲ ಎಲ್ಲವನ್ನೂ ಕಲಸುತ್ತದ",ಅರಣ್ಯ,ಷಷ್ಠಿ,ವಿಂದ್ಯಾ ವಾಸಿನಿ ಪೂಜೆ,ಚಳ್ಳಿ ಗುರ್ಕೀ,ಶ್ರೀ ಐರಿಸ್ವಾಮಿ ರಥ,ಚಿಪ್ಪಗಿರಿ ಶ್ರೀ ಮೋಹನದಾಸರ,ಆರಾಧನೆ,ಕೆಳದಿ ರಾಣಿ ಚೆನ್ನಮ್ಮ ಜಯಂತಿ.,,,,,,ಷಷ್ಠಿ,15.47,ಮಘಾ,09.26,ವಜ್ರ,12.48,ಗರಜ,27.28,ಉತ್ತರಾಯಣ,ಸೌರ ಗ್ರೀಷ್ಮ,6,ಶುಕ್ಲ,ಮಿಥುನ,ಸಿಂಹ,ಬೆ.,09:00,10:30,,,,ಬೆ.,06:00,07:30,,,,ಮ.,01:30,03:00,,,,ಮ.,12:00,01:30,,,,ಬೆ.,07:06,08:39,,,,ಅನುಕೂಲ,ಸಂಪತ್ತು,ಭಯ,ಯಶಸ್ಸು,ಅನಾರೋಗ್ಯ,ಪ ಸೌಮ್ಯತೆ,ಸಮಸ್ಸೆ,ಪ್ರೋತ್ಸಾಹ,ಪ್ರೋತ್ಸಾಹ,ಸಹಾಯ,ಮರೆವು,ಶಾಂತಿ
20-07-2026,data\2026\07\20-07-2026.jpg,ನಿಜ ಜ್ಯೇಷ್ಠ/ಆಷಾಢ,ಪರಾಭವ,1948,ಮಿಥುನ/ಕರ್ಕ,06:02,18:40,ಸ್ಸುಸಹನ ಇರುವವನ ಹತ್ತಿರವೇ ಬ,ಮೇಲ್ಕೋಟೆ ಬದರೀನಾರಾಯಣ ಜಯಂತಿ,ವಿವಸ್ವತ ಸಪ್ತಮಿ,ವರ್ಧಮಾನ ತೀರ್ಥಕರ,ಗರ್ಭಕಲ್ಯಾಣ.,,,,,,,,,,ಸಪ್ತಮಿ,28.03,ಹಸ್ತ,19.10,ಶಿವ,18.37,ಗರಜ,15.41,ದಕ್ಷಿಣಾಯನ,ಸೌರ ವರ್ಷಾ,5,ಶುಕ್ಲ,ಕರ್ಕ,ಕನ್ಯಾ,ಬೆ.,07:30,09:00,,,,ಮ.,0113,03:00,,,,ಬೆ.,10:30,12:00,,,,ಬೆ.,09:00,10:30,,,,ಮ.,12:55,02:36,,,,ಯಶಸ್ಸು,ಆತಂಕ,ಪ್ರೀತಿ,ಕುತೂಹಲ,ಅನುಕೂಲ,ನಿರಾಶೆ,ಆಸೆ,ಗಮನ,ಆಸಕ್ತಿ,*ಪತಿರೋಧ,ಸಂತೋಷ,ಪ್ರೀತಿ
20-08-2026,data\2026\08\20-08-2026.jpg,ಆಷಾಢ|ಶ್ರಾವಣ,ಪರಾಭವ,1948,ಕರ್ಕ/ಸಿಂಹ,06:08,18:38,ನವನು ಸೋಲುತ್ತಾನೆ; ಮುಂದುವರಿಯುವವನು ಗೆ!,ದುರ್ಗಾಷ್ಟಮಿ. ದುರ್ವಾಷ್ಟಮಿ,ವಿಶ್ವ ಸೊಳ್ಳೆಗಳ ದಿನ,ಬೃಹಸ್ಪತಿ ಪೂಜೆ. ವಿಶ್ವ ಸದ್ಭಾವೆನಾ ದಿನೆ. ಶ್ರೀ,ಸಿದ್ರಾಮೇಶ್ವರ ಮಹಾರಾಜ ಜಯಂತಿ ಬ.,ಬಾಗೇವಾಡಿ. ಇಲಕಲ ಮಹಾಂತಪ್ಪಜ್ಜ ಜಯಂತಿ,,,,,,,,,ಅಷ್ಟಮಿ,21.19,ವಿಶಾಖಾ,09.08,ಸಿಂಧು,28.25,ವಿಷ್ಠಿ,06.16,ದಕ್ಷಿಣಾಯನ,ಸೌರ ವರ್ಷಾ,4,ಶುಕ್ಲ,ಸಿಂಹ,ವೃಶ್ಚಿಕ,ಮ.,01:30,03:00,,,,ಬೆ.,09:00,1013,,,,ಬೆ.,06:00,07:30,,,,ಮ.,05:00,04:30,,,,UNKNOWN,,,,,,ಸಂತೋಷ,ಲಾಭ,ಫ್ರಯತ್ರ,ಅಭಿವೃದ್ಧಿ,ಅನುಕೂಲ,ಸಾಲ,ಯಶಸ್ಸು,ಸಂತೋಷ,ಜೀವನ,ಗೌರವ,ಶುಭಸಮಾಚಾರ,ಮೆಚ್ಚುಗೆ
20-09-2026,data\2026\09\20-09-2026.jpg,ಶ್ರಾವಣ/ಭಾದ್ರಪದ,ಪರಾಭವ,1948,ಸಿಂಹ/ಕನ್ಯಾ,06:08,18:17,ಹೆಚ್ಚುಅನ್ನಿಸಿದಾಗಲೇ ಬೆಳಕು ಹತಿರದಲಿ:,ಶ್ರೀ ಹರಿ ಜಯಂತಿ,ಅದುಃಖ ನವಮಿ,ಭಾಗವತ ಸಪ್ತಾಹಾರಂಭ,ನಿಡಶೋಶಿ ತಾ. ಹುಕ್ಕೇರಿ ರೊಟ್ಟಿದಾಸೋಹ,ಮಮದಾಪೂರ ತಾ.,ನಿಪ್ಪಾಣಿ ಅಂಬಿಕಾಮಾತಾ ಕೀರಣೋತ್ಸವ ಆ. ನಿಡಸೋಶಿ,ದೂರದುಂಡೇಶ್ವರ ರಥ,ಅಕ್ಕನಾಗಲಾಬಿಕಾ ಜಯಂತಿ.,,,,,,ನವಮಿ,17.52,"ಪೂಷಾ,",28.35,ಸೌಭಾಗ್ಯ,15.23,ತೈತಿಲ,FULL DAY,ದಕ್ಷಿಣಾಯನ,ಸೌರ ಶರದ,4,ಶುಕ್ಲ,ಕನ್ನಾ,ಧನು,ಸ.,04:30,06:00,,,,ಮ.,65:00,64:30,,,,ಮ.,12:00,01:30,,,,ಬೆ.,1013,12:00,,,,ಸ.,11:12,12:59,,,,ಪ್ರತಿರೋಧ,- ಭಯ,ಸ್ರಾಲ್ಪ,ಭಯ,ಖರ್ಚು,ಅನುಕೂಲ,ಲಾಭ,ಅಭಿವೃದ್ಧಿ,ಭಕ್ತಿ,ಕೊಪ,ವಿಳಂಬ,ಲಾಭ
20-10-2026,data\2026\10\20-10-2026.jpg,ಭಾದ್ರಪದ/ಅಶ್ವೀನ,ಪರಾಭವ,1948,ಕನ್ಯಾ/ ತುಲಾ,06:10,17:58,ಬಿದ್ದಾಗ ಎದವನಿಗೇ ಜೀವನದಲ್ಲಿಗೆಲುವು,ಶ್ರೀ ಹರಿ ಜಯಂತಿ,ಆಯುಧ ಪೂಜೆ; ಮಹಾ/ಖಂಡೆ ನವಮಿ,ಶಾರದೀಯ ನವರಾತ್ರಿ,ದಸರಾ,ವಿಜಯದಶಮಿ,ಗದಗ ತಾ.,ಕಳಸಾಪುರ ಗ್ರಾಮದೇವತೆಯ ಪಾಲಕಿ ಉತ್ಸವ,ಇಳಕಲ್ಲ ತಾ.,ಗೊರಬಾಳ ಆದಿಶಕ್ತಿ ಪುರಾಣ ಮುಕ್ತಾಯ,ಬಾಗಲಕೋಟೆ ತಾ.,ಬೆನ್ನೂರ ಲಕ್ಕಮ್ಮದೇವಿಯ ಅಗ್ನಿ ಉತ್ಸವ.,,,ನವಮಿ,12.51,ಶ್ರವಣ,18.02,ಶೂಲ,24.50,ತೈತಿಲ,25.37,ದಕ್ಷಿಣಾಯನ,ಸೌರ ಶರದ,4,ಶುಕ್ಲ,ತುಲಾ,ಮಕರ,ಮ.,03:00,04:30,,,,ಮ.,12:00,01:30,,,,ಬೆ.,69:00,36,,,,ಬೆ.,07:36,09:00,,,,ಬೆ.,06:36,08:21,,,,ಮೆಚ್ಚುಗೆ,ಕೀರ್ತಿ,ಯಶಸ್ಸು,ಅನಾರೋಗ್ಯ,ಒಳ್ಳೆಯದು,ಶಾಂತಿ,ಸಾಧನೆ,ವಿಶ್ರಾಂತಿ,ತೊಂದರೆ,ಪ್ರಯತ್ನ,ಪ್ರೋತ್ಸಾಹ,ಅನುಕೂಲ
20-11-2026,data\2026\11\20-11-2026.jpg,ಅಶ್ವೀನ|ಕಾರ್ತಿಕ,ಪರಾಭವ,1948,ತುಲಾ/ವೃಶ್ಚಿಕ,06:20,17:50,ಕೈ ಕೆಸರಾದರೆ ಬಾಯಿ ಮೊಸರು,ಏಕಾದಶಿ ಕ್ಷಯ. ಪ್ರಬೋಧಿನಿ ಸ್ಮಾರ್ತ ಏಕಾದಶಿ. ಪಂಚಕ.,ಭೀಷ್ಮ ಪಂಚಕ ವ್ರತಾರಂಭ. ಮೇಲುಕೋಟೆ,ಅಷ್ಟತೀರ್ಥೋತ್ಸವ. ಚಿಪ್ಪಾಗಿರಿ ಶ್ರೀ ವಿಜಯದಾಸರ ಆರಾಧನೆ.,,,,,,,,,,,ದಶಮಿ,07.16,ಪೂ.ಭಾ,06.57,ಜಮದ್ಭು,06.40,ವಣೆಜ,19.01,ದಕ್ಷಿಣಾಯನ,ಸೌರ ಹೇಮಂತ,5,ಶುಕ್ಲ,ವೃಶ್ಚಿಕ,ಮೀನ,ಬೆ.,10:30,12:00,,,,ಬೆ.,0713,09:0,,,,ಮ.,03:00,04:30,,,,ಮ.,01:30,03:00,,,,UNKNOWN,,,,,,ಯಶಸ್ಸು,ಪ್ರೀತಿ,ಸಂತೋಷ,ಅಭಿವೃದ್ಧಿ,ಸ್ನೇಹ,ಶಾಂತಿ,ಕೀರ್ತಿ,ಪ್ರೋತ್ಸಾಹ,ಲಾಭ,ಯಶಸು,ಖರ್ಚು,ಸ್ಪರ್ಧೆ
21-01-2026,data\2026\01\21-01-2026.jpg,ಪುಷ್ಯ/ಮಾಘ,ವಿಶ್ವಾವಸು,1947,ಧನು/ಮಕರ,06:46,18:15,ನಾದಿ ಮಾತ್ರ ಪ್ರತಿ ಕಷ್ಟದಲ್ಲೂ ಅವಕಾಶವನ್ನು ಕಂಡುಕೊಳ,ಶ್ರೀ ಅಂಬಿಗರ ಚೌಡಯ್ಯ ಜಯಂತಿ,ಶ್ರೀ ರಂಗದಲ್ಲಿ,ತೆಪ್ಪೋತ್ಸವ ಆರಂಭ,ಜಮೆಖಂಡಿ ಗಿರಿಮಲ್ಲಿಕಾರ್ಜುನ,ಪುಣ್ಯ ತಿಥಿ. ಗಂಗಾವತಿ ತಾ. ಗುಂಡೂರು,ಬಸವೇಶ್ಚರಥ.,,,,,,,,ತೃತೀಯಾ,26.48,ಧನಿಷ್ಠಾ,13.58,ವ್ಯತೀಪಾತ,18.58,ತೈತಿಲ,14.58,ಉತ್ತರಾಯಣ,ಸೌರ ಶಿಶಿರ,8,ಕೃಷ್ಣ,ಮಕರ,ಕುಂಭ,ಮ.,12:00,01:30,,,,ಬೆ.,10:30,12:00,,,,ಬೆ.,07:30,09:00,,,,ಬೆ.,06:00,07:30,,,,ಬೆ.,03:12,04:51,,,,ಒಳ್ಳೆಯದು,ಮೆಚ್ಚುಗೆ,ಆಸೆ,ಉಡುಗೊರೆ,ಖರ್ಚು,ಶ್ರೇಷ್ಠತೆ,ಆಸಕ್ತಿ,ಸಹಾಯ,ಪ್ರಯತ್ನ,ಬಲ,ಭಕ್ಷಿ,ಪ್ರಗತಿ
21-02-2026,data\2026\02\21-02-2026.jpg,,ವಿಶ್ವಾವಸು,1947,ಮಕರ/ ಕುಂಭ,06:39,18:27,"ನು ನೀನಾಗಿರಬೇಕು, ಬೇರೆಯವರ ಸಕಲ",ಕಿತ್ತೂರ ರಾಣಿ ಚೆನ್ನಮ್ಮ ಪುಣ್ಯದಿನ,ಜಾಗತಿಕ,ಮಾತೃಭಾಷಾ ದಿನ,ಚಿತ್ತಪೂರ ರಥೆ,ದತ್ತವಾಡ ಬಾಬಾ,ಮಹಾ ಜ್ಞಾನೆ ಸಪ್ತಾಹ ಮುಕ್ತಯ.,,,,,,,,ಚತುರ್ಥಿ,13.01,ರೇವತಿ,19.07,ಶುಭ,15.51,ಬವ,24.07,ಉತ್ತರಾಯಣ,ರ್ಥಿ 13.01,9,ಶುಕ್ಲ,ಕುಂಭ,ಮೀನ,ಬೆ.,09:00,10:30,,,,ಬೆ.,06:00,07:30,,,,ಮ.,01:30,03:00,,,,ಮ.,12:00,01:30,,,,ಸ.,04:49,06:21,,,,ಯಶಸು,ಸಾಮ್ಯತ,ಫಯತ,ಕಾಟರ್ಕ ಶಾಂತಿ,* ಕರುಣೆ,ಒಳ್ಳೆಯದು,ಅಭೆವೃದ್ದಿ,ಆನಂದ,ಅನುಕೂಲ,ಕೀರ್ತಿ,ಆಶ್ರಯ,ತೊಂದರೆ
21-03-2026,data\2026\03\21-03-2026.jpg,ವಿಶ್ವಾವಸು ಪರಾಭವ,ವಿಶ್ವಾವಸು ಪರಾಭವ,1947,ಕುಂಭ/ಮೀನ,06:23,18:30,"ಗಳನ್ನು ಕಮಿಸಬಹುದು, ಆದರೆ ಮೋಸ",ರಂಜಾನ್‌ ಈದ್‌,ಸೌಭಾಗ್ಯ ಶಯನ ವ್ರತ,ಶ್ರೀ,ಸಿದ್ಧಾರೂಢ ಸ್ವಾಮಿ ಜಯಂತಿಉತ್ಸವಾರಂಭ ಹುಬ್ಬಳ್ಳಿ,ಜತ್ರಾಟ ಉರುಸು ತಾ. ಚಿಕ್ಕೋಡಿ,ಶ್ರೀ ರಾಮ,ಡೊಲೋತ್ಸವ.,,,,,,,ತೃತೀಯಾ,23.57,ಅಶ್ವಿನಿ,24.38,ಐಂದ್ರ,19.01,ತೈಲ,15.15,ಉತ್ತರಾಯಣ,ಸೌರ ವಸಂತ,7,ಕೃಷ್ಣ,ಮೀನ,ಮೇಷ,ಬೆ.,09:00,10:30,,,,ಬೆ.,06:00,07:30,,,,ಮ.,01:30,3:00,,,,ಮ.,12:00,01:3,,,,ಜ.,12:13,01:43,ಸ.,05:58,07:27,* ಪ್ರೀತಿ,ಆತಂಕ,ಪ್ರೀತಿ,ಸಂತೋಷ,ಯಶಸ್ಸು,ಶುಭ,ಪ್ರೀತಿ,ಪ್ರತಿರೋಧ,ಸಾಲ,ಆಸೆ,ಅಭಿವೃದ್ಧಿ,ಒಳ್ಳೆಯ ಕೆಲಸ
21-04-2026,data\2026\04\21-04-2026.jpg,ಚೈತ್ರ|ವೈಶಾಖ,ಪರಾಭವ,1948,ಮೀನ/ಮೇಷ,06:04,18:33,ದೂರದ ಬೆಟ್ಟಕಣ್ಣಿಗೆ ನುಣ್ಣಗೆ,ಶ್ರೀ ಆದಿಶಂಕರಾಚಾರ್ಯ ಜಯಂತಿ,ಶ್ರೀ ನಗರೇಶ್ವರ,ದಾರುಕಾಚಾರ್ಯರ,ಹಂಪಿ ಶಂಕರ ಭಾರತಿ,ಜಯಂತಿಗಳು,ರಾಷ್ಟ್ರೀಯ ನಾಗರಿಕ ಸೇವಾ ದಿನ.,,,,,,,,ಪಂಚಮಿ,25.20,ಮೃಗಶಿರಾ,23.56,ಶೋಭನ,12.31,ಬವ,14.45,ಉತ್ತರಾಯಣ,ಸೌರ ಗ್ರೀಷ್ಮ,8,ಶುಕ್ಲ,ಮೇಷ,ವೃಷಭ,ಮ.,03:00,04:30,,,,ಮ.,12:00,01:30,,,,ಬೆ.,09:00,10:30,,,,ಬೆ.,07:36,09:00,,,,ಮ.,03:58,05:25,,,,ವಿಳಂಬ,ಲಾಭ,ಭಯ,ಪ್ರತಿರೋಧ,ಸಾಲ,ಪ ಮೆಚ್ಚುಗೆ,ಖರ್ಚು,ಲಾಭ,ಸಂತೋಷ,ಕೀರ್ತಿ,ಪ್ರೀತಿ,ಒಳ್ಳೆಯದು
21-05-2026,data\2026\05\21-05-2026.jpg,ವೈಶಾಖ|ಅಧಿಕ ಜ್ಯೇಷ್ಠ,ಪರಾಭವ,1948,ಮೇಷ/ವೃಷಭ,05:53,18:39,ಅತಿಯಾಸೆ ಗತಿಗೇಡು,ಗುರುಪುಷ್ಯಾ ಮೃತಯೋಗ ಪ್ರಾರಂಭ,ದಗ್ದಯೋಗ ಪ್ರಾರಂಭ,ರಾಜೀವ ಗಾಂಧಿ ಸ್ಮತಿ,ದಿನ,ದಹಶತವಾದಿ ವಿರೋದಿ ದಿನ,ಅಂತರಾಷ್ಟ್ರೀಯ ಚಹಾ ದಿನ,,,,,,,,ಪಂಚಮಿ,06.27,ಪುಷ್ಯ,26.50,ಗಂಡ,10.59,ಕೌಲವ,19.21,ಉತ್ತರಾಯಣ,ಸೌರ ಗ್ರೀಷ್ಮ,7,ಶುಕ್ಲ,ವೃಷಭ,ಕರ್ಕ,ಮ.,01:30,03:00,,,,ಬೆ.,09:00,10:30,,,,ಬೆ.,06:00,07:30,,,,ಮ.,03:00,04:30,,,,ಜ.,02:00,03:28,ರಾ.,08:47,10:18,ಭಕ್ತಿ,ಸಂಪತ್ತು,ಆಸಕ್ತಿ,ಶುಭಸಮಾಚಾರ,ಸಹಾಯ,ಪ್ರಯಾಣ,ಪ್ರಗತಿ,ಉಡುಗೊರೆ,ಮೆಚ್ಚುಗೆ,ಯಶಸ್ಸು,ಪರಿಶ್ರಮ,ಶ್ರೇಷ್ಠತೆ
21-06-2026,data\2026\06\21-06-2026.jpg,ಅ.ಜ್ಯೇಷ್ಠ/ನಿ.ಜ್ಯೇಷ್ಠ,ಪರಾಭವ ನಾಮ,1948,ವೃಷಭ/ಮಿಥುನ,05:54,18:48,ಸತ್ಯ ಯಾವಾಗಲೂ ಕಹಿಯಾಗಿರುತ್ತದೆ,ಜಾಗತೀಕ ಯೋಗ ದಿನ,ಭಾನು ಸಪ್ತಮಿ,ದಕ್ಷಿಣಾಯನಾರಂಭ,ಮೇಲ್ಕೋಟೆ ವೆಂಕಟಸ್ವಾಮಿ ರಥ,ಸೌರ ವರ್ಷ ಖುತು ಆರಂಭ,ಅಂಬಿಗರ ಚೆಂಡಯ್ಯ,ಉತ್ಸವ.,,,,,,,ಸಪ್ತಮಿ,15.21,ಪೂರ್ವಾ,09.32,ಸಿದ್ದಿ,11.21,ವಿಷ್ಠಿ,27.25,ದಕ್ಷಿಣಾಯನ,ಸೌರ ವರ್ಷಾ,7,ಶುಕ್ಲ,ಮಿಥುನ,ಸಿಂಹ,ಮ.,04:30,06:00,,,,ಮ.,03:00,04:30,,,,ಮ.,12:00,01:30,,,,ಬೆ.,10:30,12:00,,,,ಬೆ.,03:06,04:42,,,,ಭಯ,ಲಾಭ,ಸಾಲ,ಅನುಕೂಲ,ಪ್ರತಿರೋಧ,ಕೋಪ,ಮರೆವು,ಭಕ್ತಿ,ಮೆಚ್ಚುಗೆ,ಯೋಗ,ಸಂತೋಷ,ಆಸಕ್ತಿ
21-07-2026,data\2026\07\21-07-2026.jpg,ನಿಜ ಜ್ಯೇಷ್ಠ/ಆಷಾಢ,ಪರಾಭವ,1948,ಮಿಥುನ/ಕರ್ಕ,06:02,18:40,[ಗುರಿಯ ಮುಂದಿ ಭಯ ನಿಲ್ಲುವು,ದುರ್ಗಷ್ಟಮಿ,ಬುಧ ಪೂರ್ವೊದಯ,ಜೈನ,ಅಠ್ಕಾಯಿ ಪ್ರಾರಂಭ,ನಂದೀಶ್ವರಾ ನೀಲಾವ್ರತ,ರೋಣ ತಾ. ಅರಹುಣಸಿ ಗುದ್ದೇಶ್ವರ ಹಾಗೂ,ದೇವಮ್ಮದೇವಿ ಜಾತ್ರೆ.,,,,,,,ಅಷ್ಟಮಿ,29.17,ಚಿತ್ರಾ,20.49,ಸಿದ್ದ,18.25,ವಿಷ್ಟಿ,16.36,ದಕ್ಷಿಣಾಯನ,ಸೌರ ವರ್ಷಾ,6,ಶುಕ್ಲ,ಕರ್ಕ,ಕನ್ಯಾ,ಮ.,03:00,04:30,,,,ಮ.,1230,01:30,,,,ಬೆ.,09:00,10:30,,,,ಬೆ.,07:30,09:00,,,,ಮ.,07:58,03:41,,,,ಗೌರವ,ಖರ್ಚು,ಕೀರ್ತಿ,ಸಂತೋಷ,ಸರ್ಧೆ,ಬ ಭ್ರ,ಫ್ರಯತ್ರ,ಅನುಕೂಲ,ಸಂಪತ್ತು,ಯಶಸ್ಸು,ಅಭಿವೃದ್ಧಿ,ಕೀರ್ತಿ
21-08-2026,data\2026\08\21-08-2026.jpg,ಆಷಾಢ|ಶ್ರಾವಣ,ಪರಾಭವ,1948,ಕರ್ಕ/ಸಿಂಹ,06:08,18:37,ಶಿಸ್ತು ಇಲ್ಲದ ಪ್ರತಿಭೆ ದಿಕ್ಕಿಲ್ಲದ ಶಕ್ತಿ,ವರಮಹಾಲಕ್ಷೀ ಹಬ್ಬ,ಸಂಪತ್‌ ಶುಕ್ರವಾರ,ಜೀವಂತಿಕಾ,ಪೂಜೆ. ಶ್ರೀ ಹರಿ ಜಯಂತಿ. ಭಾರತೀಯ ಹಿರಿಯರ ದಿನ.,ಧಾರವಾಡ ತಪೋವನ ಕುಮಾರ ಸ್ವಾಮಿ ಜಯಂತಿ.,ಶಂಕರಬಂಡೆ ಜಿ. ಬಳ್ಳಾರಿ ವೀರಾಂಜನೇಯ ಜಾತ್ರೆ,,,,,,,,ನವಮಿ,23.37,ಅನುರಾಧಾ,11.53,ಪಶ್ಯ ೫೫,29.19,ಬಾಲವ,10.26,ದಕ್ಷಿಣಾಯನ,ಸೌರ ವರ್ಷಾ,5,ಶುಕ್ಲ,ಸಿಂಹ,ವೃಶ್ಚಿಕ,ಬೆ.,10:30,12:00,,,,ಬೆ.,07:30,09:00,,,,ಮ.,03:00,04:30,,,,ಮ.,01:30,03:00,,,,ಬೆ.,12:17,0:04,,,,ಒಳ್ಳೆಯದು,ಸಂತೋಷ,ಒಳ್ಳೆಯ ಕೆಲಸ,ಗಮನ,ಖರ್ಚು,ಶ್ರೇಷ್ಠತೆ,ಸಾಧನೆ,ಲಾಭ,ಸೌಮ್ಯತೆ,ದಯೆ,ಭಕ್ತಿ,ಉತ್ಸಾಹ
21-09-2026,data\2026\09\21-09-2026.jpg,ಶ್ರಾವಣ/ಭಾದ್ರಪದ,ಪರಾಭವ,1948,ಸಿಂಹ/ಕನ್ಯಾ,06:08,18:16,"೦ದು ತಾಳೆಇಟರೆ, ನಾಳೆ ಶಾಂತಿ ಸಿಗುತಃ",ತಿರುಪತಿ ವೆಂಕಟಾಚಲಪತಿ ರಥ,ಕಾರಟಗಿ ಶ್ರೀಶರಣಬಸವೇಶ್ವರ,ಜೋಡು ರಥೋತ್ಸವ (ತೇರು),ರಾಮ ಕೃಷ್ಣ ಪರಮಹಂಸ ಪು.ತಿ,ಕಾದರವಳ್ಳಿ ಅಪ್ಪಶೀವಯೋಗಿ ಭಕ್ತ ಪುಣ್ಯ ದಿನ,ಮೆಟ್ರಿಗ್ರಾಮ ತಾ.,ಕಂಪ್ಲಿಪ್ರಣವಜ್ಯೋತಿ ರಥೋತ್ಸವ.,,,,,,,ದಶಮಿ,20.01,ಉ. ಷಾ.,FULL DAY,ಶೋಭನ,16.0,ತೈತಿಲ,06.59,ದಕ್ಷಿಣಾಯನ,ಸೌರ ಶರದ,5,ಶುಕ್ಲ,ಕನ್ನಾ,ಧನು,ಬೆ.,07:30,09:00,,,,ಮ.,0113,03:00,,,,ಬೆ.,10:30,12:00,,,,ಬೆ.,09:00,10:30,,,,UNKNOWN,,,,,,ಯಶಸ್ಸು,ಆತಂಕ,ಬಯ,ಕಾಟರ್ಕು ಸ್ಲೇಹ,ಪ್ರಗತಿ,ಸಂತೋಷ,ಪ್ರತಿರೋಧ,ಸಂತೋಷ,ಸಾಲ,ಸಮಸ್ಸೆ,ಅನುಕೂಲ,ಸ್ಪರ್ಧೆ
21-10-2026,data\2026\10\21-10-2026.jpg,ಭಾದ್ರಪದ/ಅಶ್ವೀನ,ಪರಾಭವ,1948,ಕನ್ಯಾ/ ತುಲಾ,06:10,17:57,ಇತರರ ಅಭಿಪ್ರಾಯ ನಿನ್ನ ಭವಿಷ್ಯವ',ವಿಜಯ ದಶಮಿ,ಚಿತ್ರದುರ್ಗದ ವೆಂಕಟೇಶಪುರದ ವೆಂಕಟೇಶ್ವರ ರಥ,ಸೀಮೋಲ್ಲಂಘನ,ಶಮಿಪೂಜಾ,ರಾಜಪಟ್ಟಾಭಿಷೇಕ,ಶ್ರೀ ಮಧ್ವಜಯಂತಿ,ಬುದ್ಧಜಯಂತಿ,ದಿಂಡದಹಳ್ಳಿ ಶಿವಾನಂದ ಶಿವಾಚಾರ್ಯ ಸ್ವಾಮಿಗಳ,ಲಿಂಗೈಗ್ಯ ದಿನ,ಶಿರಡಿ ಸಾಯಿಬಾಬಾ ಪುಣ್ಯತಿಥಿ ಉತ್ಸವ,ಮುಧೋಳ ಮಹಾ,ಸಿದ್ದೇಶ್ದರ ಜಾತ್ರೆ,ಬೀದರ ಚಿದಂಬರ ಮಠ ದೇವಿ ಪುರಾಣ.,ದಶಮಿ,14.12,ಧನಿಷ್ಠಾ,19.48,ಗಂಡ,24.33,ವಣಿಜ,26.36,ದಕ್ಷಿಣಾಯನ,ಸೌರ ಶರದ,5,ಶುಕ್ಲ,ತುಲಾ,ಮಕರ,ಮ.,12:00,01:30,,,,ಬೆ.,1013,12:06,,,,ಬೆ.,07:36,05:0,,,,ಬೆ.,06:00,07:30,,,,ಬೆ.,08:38,10:21,,,,ಸಂತೋಷ,ಅಭಿವೃದ್ಧಿ,ಪ್ರೋತ್ಸಾಹ,ಅನಂದ,ಪ್ರೀತಿ,ಪ್ರೀತಿ,ತೊಂದರೆ,ಸ್ಪರ್ಧೆ,ಯಶಸ್ಸು,ಲಾಭ,ಅನುಕೂಲ,ಪರೀಕ್ಷೆ
21-11-2026,data\2026\11\21-11-2026.jpg,ಅಶ್ವೀನ|ಕಾರ್ತಿಕ,ಪರಾಭವ,1948,ತುಲಾ/ವೃಶ್ಚಿಕ,06:20,17:50,ಬಡವನ ಕೋಪ ದವಡೆಗೆ ಮೂಲ,ವಿಶ್ವ ದೂರದರ್ಶನ ದಿನ,ವಿಶ್ವ ಮೀನುಗಾರಿಕಾ ದಿನ,ತುಳಸಿ ವಿವಾಹ,ಪ್ರಬೋಧಿನಿ,ದೇವ ಉಠಿ ಭಾಗವತ,ಏಕಾದಶಿ. ಚಾತುರ್ಮಾಸ ಸಮಾಪ್ತಿ. ತುಲಸಿ,ವಿವಾಹಾರಂಭ. ಸಂತ ನಾಮದೇವ ಜಯಂತಿ.,,,,,,,ಬಾ,06.32,ಜ್‌,06.51,ಸಿಡ್ಧಿ,26.31,ಬವ,17.51,ದಕ್ಷಿಣಾಯನ,ಸೌರ ಹೇಮಂತ,6,ಶುಕ್ಲ,ವೃಶ್ತಿಕ,ಮೀನ,ಬೆ.,09:00,10:30,,,,ಬೆ.,06:00,07:30,,,,ಮ.,01:30,03:00,,,,ಮ.,12:00,01:30,,,,ಬೆ.,02:03,03:39,,,,ಸಂತೋಷ,ಸ್ನೇಹ,ಭಯ,ಪ್ರೋತ್ಸಾಹ,ಅಭಿವೃದ್ದಿ,ಸ್ಪರ್ಧ,ಯಶಸ್ಸು,ಕೀರ್ತಿ,ಖರ್ಚು,ಶಾಂತಿ,ಕೋಪ,ಯಶಸ್ಸು
22-01-2026,data\2026\01\22-01-2026.jpg,ಪುಷ್ಯ/ಮಾಘ,ವಿಶ್ವಾವಸು,1947,ಧನು/ಮಕರ,06:46,18:16,ಾಧಿಸೋದಕ್ಕೆ ಪ್ರತಿದಿನದ ಪರಿಶ್ರಮ ಅತ್ಯವ,ಶ್ರೀ ಗಣೇಶ ಜಯಂತಿ,ಹೊಸಹೊಳಲು ಶ್ರೀ,ಲಕ್ಷೀನಾರಾಯಣ ಸ್ವಾಮಿ ಕಲ್ಯಾಣೋತ್ಸವ,ಬೆಟಗೆರಿ ಗದಗ ಶ್ರೀ ಮಾರ್ಕಂಡೇಶ್ವರ ರಥ.,,,,,,,,,,ಚತುರ್ಥಿ,26.29,ಶತಭಿಷಾ,14.27,ವರೀಯಾ,17.38,ವಣಿಜ,14.41,ಉತ್ತರಾಯಣ,ರ್ಥಿ 26.29,9,ಶುಕ್ಲ,ಮಕರ,ಕುಂಭ,ಮ.,01:30,03:00,,,,ಬೆ.,09:00,10:30,,,,ಬೆ.,06:00,07:30,,,,ಮ.,03:00,04:30,,,,ಬೆ.,07:06,08:44,,,,ಲಾಭ,ಅನುಕೂಲ,ಪ್ರೀತಿ,ಸೌಮ್ಯತೆ,ನಷ್ಟ,ಸಹಾಯ,ಖರ್ಚು,ಆಸೆ,ಆಸಕ್ತಿ,ಉಡುಗೊರೆ,ಭಯ,ಬಲ
22-02-2026,data\2026\02\22-02-2026.jpg,,ವಿಶ್ವಾವಸು,1947,ಮಕರ/ ಕುಂಭ,06:39,18:27,ಹಸಿರಂತೆ ಹೊಮ್ಮುವ ಆರದ ಬೆಳಕಂತೆ ಮಗುವಿನ ನ:,ಮಹರ್ಷಿ ಯಾಜ್ಞವಲ್ಲ್ಯ ಜಯಂತಿ,ಬ್ಯಾಡಗಿ ಶ್ರೀ,ಚಂದ್ರಗುಪ್ತಮ್ಮ ಜಾತ್ರೆ,ಜಗದಾಳ ತಾ. ಜಮಖಂಡಿ,ಸ.ಸ. ಜಿನ್ಹೇಶ್ವರ ಮಹಾರಾಜ ಪುಣ್ಯತಿಥಿ,ಸಿಂದಗಿ,ಜಕ್ಕಪ್ಪಯ್ಯ ಪುಣ್ಯತಿಥಿ.,,,,,,,ಪಂಚಮಿ,11.10,ಅಶ್ವಿನಿ,17.55,ಶುಕ್ಷ,13.6,ಕೌಲವ,22.11,ಉತ್ತರಾಯಣ,ಸೌರ ವಸಂತ,10,ಶುಕ್ಲ,ಕುಂಭ,ಮೇಷ,ಸ.,04:30,06:00,,,,ಮ.,03:00,04:30,,,,ಮ.,12:00,01:30,,,,ಬೆ.,10:30,12:00,,,,ಬೆ.,11:04,12:35,,,,ಲಾಭ,ಸಂತೋಷ,ಸ್ಲೇಹ,ಗಮನ,ಯಶಸ,ಸರ್ಧ,ಸೌಲ,ಮರೆವು,ಪ್ರೀತಿ,ಸಮಸ್ಥೆ,ಒಳ್ಳೆಯದು,ಆಸಕ್ತಿ
22-03-2026,data\2026\03\22-03-2026.jpg,ವಿಶ್ವಾವಸು ಪರಾಭವ,ವಿಶ್ವಾವಸು ಪರಾಭವ,1947,ಕುಂಭ/ಮೀನ,06:22,18:30,"ಕೆಲಸವೇ ಸಿನ್ನಗುರುತು, ನಿನ್ನಪರಿಶ್ರಮವೇ ಸಿನ್ನ",ವಿನಾಯಕ ಚತುರ್ಥಿ,ವಿಶ್ವ ಜಲ ದಿನ,ನಾಗನೂರು,ಬೃಹನ್ಮಠ ಮಹಾದೇವಯ್ಯ ಪುಣ್ಯ ತಿಥಿ,ಸಾಗರ ಗಣಪತಿ,ರಥ,ಶಕ್ತಿ ಗಣಪತಿ ವ್ರತ,ಭೌರತೀಯ ಚೈತ್ರ ಮಾಸಾರಂಭ,ಭಾರತೀಯ ಶಕೆ 1948 ಆರಂಭ.,,,,,ಚತುರ್ಥಿ,21.17,ಭರಣಿ,22.43,ವೈಧೃತಿ,5.20,ವಣಿಜ,15.37,ಉತ್ತರಾಯಣ,ರ್ಥಿ 21.17,8,ಶುಕ್ಲ,ಮೀನ,ಮೇಷ,ಸ.,04:30,06:00,,,,ಮ.,03:00,04:30,,,,ಮ.,12:00,01:30,,,,ಬೆ.,1013,12:00,,,,ಸ.,06:17,07:46,,,,* ಸಂತೋಷ,ಪ್ರತಿಭೆ,ಲಾಭ,ಸಹಾಯ,ಅಭಿವೃದ್ಧಿ,ಪ್ರೀತಿ,ಸಾಲ,ಪರಿಶ್ರಮ,ಪ್ರೀತಿ,ಅಬಿವದಿ,ಸಂತೋಷ,ತಾಳ್ಮೆ
22-04-2026,data\2026\04\22-04-2026.jpg,ಚೈತ್ರ|ವೈಶಾಖ,ಪರಾಭವ,1948,ಮೀನ/ಮೇಷ,06:03,18:33,ಮಾರಿತನ ಬಿಟ್ಟಾಗಲೇ ಸಿರಿತನದ ಕನಸ್ಸು ನಿಜವಾ?,ವಿಶ್ವ ಭೂಮಿ ದಿನ,ಷಷ್ಠಿ,ಶ್ರೀ ರಾಮಾನುಜಾಚಾರ್ಯ ಜಯಂತಿ,ಕಂಪ್ಲಿ ಬಸವೇಶ್ವರ ರಥ,ಕೊರಕೊಡು ಆರ್ಯಕಾತ್ಯಾಯಿನಿ ಶ್ರೀ,ಮಹಾದೇವಿ ರಥ,ಬೈಂದೂರು ತಾ. ಕುಂದಾಪುರ ಶ್ರೀ ಶನೈಶ್ಚರ,ರಥ.,,,,,,ಷಷ್ಠಿ,22.50,ಆದ್ರಾ,22.13,ಅತಿಗಂಡ,0.0,ಕೌಲವ,12.02,ಉತ್ತರಾಯಣ,ಸೌರ ಗ್ರೀಷ್ಮ,9,ಶುಕ್ಲ,ಮೇಷ,ಮಿಥುನ,ಮ.,12:00,01:30,,,,ಬೆ.,10:30,12:00,,,,ಬೆ.,07:30,09:00,,,,ಬೆ.,06:00,07:30,,,,ಮ.,12:57,02:26,,,,ಆಲೋಚನೆ,ಸಾಲ,ವಿಳಂಬ,ಖರ್ಚು,ಪ್ರೋತ್ಸಾಹ,ಪ್ರಯತ್ನ,ಯಶಸ್ಸು,ಶ್ರೇಷ್ಠತೆ,ಸ್ಪರ್ಧೆ,ಅನಾರೋಗ,ಪ್ರೀತಿ,ಪ್ರಾಮಾಣಿಕತೆ
22-05-2026,data\2026\05\22-05-2026.jpg,ವೈಶಾಖ|ಅಧಿಕ ಜ್ಯೇಷ್ಠ,ಪರಾಭವ,1948,ಮೇಷ/ವೃಷಭ,05:53,18:39,ಸೋಲೇ ಗೆಲುವಿನ ಮೆಟಿಲು,ಷಷ್ಠಿ,ರಾಜ ರಾಮ್‌ ಮೋಹನ್‌ ರಾಯ್‌,ಜನ್ಮದಿನ,ಸಂತ ರೀಟಾ ಜಯಂತಿ,,,,,,,,,,ಸತ್ತ,06.25,ಆಶ್ಲೇಷಾ,26.08,ವೃಡ್ಧಿ,06.19,ಗರಜ,17.40,ಉತ್ತರಾಯಣ,ಸೌರ ಗ್ರೀಷ್ಮ,8,ಶುಕ್ಲ,ವಷಭ,ಕರ್ಕ,ಬೆ.,10:30,12:00,,,,ಬೆ.,0713,09:00,,,,ಮ.,05:00,04:30,,,,ಮ.,01:30,03:00,,,,UNKNOWN,,,,,,ಆನಂದ,ಸಾಲ,ಲಾಭ,ಸಂತೋಷ,ಉತ್ಸಾಹ,ಆತಂಕ,ತೊಂದರೆ,ಪ್ರೋತ್ಸಾಹ,ಯಶಸ್ಸು,ಸ್ಪರ್ಧೆ,ತಾಳ್ಮೆ,ನಿರಾಶೆ
22-06-2026,data\2026\06\22-06-2026.jpg,ಅ.ಜ್ಯೇಷ್ಠ/ನಿ.ಜ್ಯೇಷ್ಠ,ಪರಾಭವ ನಾಮ,1948,ವೃಷಭ/ಮಿಥುನ,05:55,18:48,ನಗು ಮುಖವೇ ಸುಂದರ ಆಭರಣ,ಶ್ರೀ ದುರ್ಗಾಷ್ಟಮಿ,ಶ್ರೀಶುಕ್ಲಾದೇವಿ ಪೂಜಾ,ಕೊಲ್ಲೂರು,ಮೂಕಾಂಬಿಕಾ ಜಯಂತಿ,ಇಂಗಳೇಶ್ವರ ಸಿದ್ದಲಿಂಗೇಶ್ವರ,ಪುಣ್ಯಾರಾಧನೆ,ಆದ್ರಾ ನಕ್ಷತ್ರದಲ್ಲಿ ರವಿ ಪ್ರವೇಶ,ಶ್ರೀರಂಗಯಲ್ಲಿ ವಸಂತೋತ್ಸವ.,,,,,,ಅಷ್ಟಮಿ,15.40,ಉತ್ತರಾ,10.22,ವ್ಯಕೀಪಾತ 10.3],10.31,ಬಾಲವ,28.06,ದಕ್ಷಿಣಾಯನ,ಸೌರ ವರ್ಷಾ,8,ಶುಕ್ಲ,ಮಿಥುನ,ಕನ್ಯಾ,ಬೆ.,07:30,09:00,,,,ಮ.,01:36,03:06,,,,ಬೆ.,10:30,12:00,,,,ಬೆ.,09:00,10:30,,,,ಬೆ.,02:55,04:34,,,,ಸಂಪತ್ತು,ಪ್ರೋತ್ಸಾಹ,ಸಂತೋಷ,ಭಯ,ಮರೆವು,ವಿಶ್ರಾಂತಿ,ವಿಭಾಗ,ದಾನ,ಸೌಮ್ಯತೆ,ಕೋಪ,ಶಾಂತಿ,ಶುಭ
22-07-2026,data\2026\07\22-07-2026.jpg,ನಿಜ ಜ್ಯೇಷ್ಠ/ಆಷಾಢ,ಪರಾಭವ,1948,ಮಿಥುನ/ಕರ್ಕ,06:03,18:40,"ಸ್ಪುತಡವಾಗಬಹುದು, ಆದರೆ ತಪ್ಪು",ವಿದ್ದಾಸಿಂಧು ತೀರ್ಥ ಆರಾಧನೆ,ಹುಯಿಲಗೋಳ,ನಾಡಕವಿ ನಾರಾಯಣರಾವ ಪುಣ್ಯತಿಥಿ,ನಂದೀಶ್ವರ,ಅಷ್ಟಾಹ್ನಿಕ ವೃತರಂಭ.,,,,,,,,,ನವಮಿ,FULL DAY,ಸ್ವಾತಿ,23.04,ಸಾಧ್ಯ,15.42,ಬಾಲವ,18.07,ದಕ್ಷಿಣಾಯನ,ಸೌರ ವರ್ಷಾ,7,ಶುಕ್ಲ,ಕರ್ಕ,ತುಲಾ,ಮ.,12:00,01:30,,,,ಬೆ.,10:30,12:00,,,,ಬೆ.,07:30,09:00,,,,ಬೆ.,06:00,07:30,,,,ಮ.,01:26,03:11,,,,ಲಾಭ,ಒಳ್ಳೆಯದು,ಸಂತೋಷ,ಖರ್ಚು,ದಯೆ,ಶಾಂತಿ,ಪ್ರತಿರೋಧ,“ಆತಂಕ,ಭಯ,ಸಹಾಯ,ಪ್ರೋತ್ಸಾಹ,ಭಯ
22-08-2026,data\2026\08\22-08-2026.jpg,ಆಷಾಢ|ಶ್ರಾವಣ,ಪರಾಭವ,1948,ಕರ್ಕ/ಸಿಂಹ,06:08,18:37,ನದಲ್ಲಿ ಅರಿತು ಬಾಳುವುದಕ್ಕಿಂತ ಮರೆತು ಬಾಳುವುರ,4ನೇ ಶನಿವಾರ,ಅಶ್ವತ್ಥ ಮಾರುತಿ ಪೂಜೆ,ಅವನಿ ಮೂಲ. ಬುಧ,ಸಿಂಹದಲ್ಲಿ,ಶ್ರೀ ರಂಗರಾವ ಮಹಾ. ಜಯಂತಿ ಹಗರಿಬೊಮ್ಮನ,ಹಳ್ಳಿ ತಾ. ನಂದಿಪುರ ದೊಡ್ಡಬಸವೇಶ್ವರ ಕುಂಬಾಭಿಷೇಕ. ಶ್ರೀ,ಪದ್ಮನಾಭ ಸ್ವಾಮಿ ಪು.ತಿ ಗುರುಮಠಬಾಡ ಕಾರವಾರ,,,,,,,ದಶಮಿ,26.01,ಜ್ಯೇಷ್ಠಾ,14.49,ವಿಷ್ಕಂಭ,FULL DAY,ತೈಕಿಲ,12.49,ದಕ್ಷಿಣಾಯನ,ಸೌರ ವರ್ಷಾ,6,ಶುಕ್ಲ,ಸಿಂಹ,ವೃಶ್ಚಿಕ,ಬೆ.,09:00,10:30,,,,ಬೆ.,06:00,07:30,,,,ಮ.,01:30,03:00,,,,ಮ.,12:00,01:30,,,,ಬೆ.,04:56,06:44,,,,ಶಾಂತಿ,ಸ್ನೇಹ,ಕೀರ್ತಿ,ಸೌಮ್ಯತೆ,ಸಂತೋಷ,ಭಯ,ಸಹಾಯ,ಲಾಭ,ಯಶಸ್ಸು,ಯೋಗ,ಖರ್ಚು,ಸ್ಪರ್ಧೆ
22-09-2026,data\2026\09\22-09-2026.jpg,ಶ್ರಾವಣ/ಭಾದ್ರಪದ,ಪರಾಭವ,1948,ಸಿಂಹ/ಕನ್ಯಾ,06:08,18:16,"ಶಷ್ಟವಾದರೂ, ನಿನ್ನ ಜೇವನ ಅಷ್ಟರಲ್ಲೇ ಮುಗಿಯ.",ಪರಿವರ್ತಿನಿ ಏಕಾದಶಿ,ಚಿತ್ರಭಾನುಕೋಟೆ ಸುರೇಶ್ವರಾಚಾರ್ಯ,ಸ್ವಾಮಿ ಪು.ತಿ,ನಿಪ್ಪಾಣಿ ಪೀರ ದಸ್ತಗೀರ ಉತ್ಸವ,ಪ್ರಸನ್ನವೆಂಕಟದಾಸರ ಆರಾಧನೆ (ಬಾಗಲಕೋಟೆ),ಬಾದಾಮಿ ತಾ.,ಡಾಣಕಶಿರೂರು ಶ್ರೀ ಅನ್ನದಾನೇಶ್ವರ ಪಲ್ಲಕ್ಕಿ ಉತ್ಸವ.,,,,,,,ಏಕಾದಶಿ,21.44,ಉ. ಷಾ,07.07,ಅತಿಗಂಡ,16.25,ವಣಿಜ,0.57,ದಕ್ಷಿಣಾಯನ,ಸೌರ ಶರದ,6,ಶುಕ್ಲ,ಕನ್ನಾ,ಮಕರ,ಮ.,03:00,04:30,,,,ಮ.,12:00,01:30,,,,ಬೆ.,09:00,10:30,,,,ಬೆ.,07:30,09:00,,,,UNKNOWN,11,,,,,ಆನಂದ,ಸೌಮ್ಯತ,ಬಡರ್ಚು,ಪ್ರೋತ್ಸಾಹ,ಭಕ್ತಿ,ಯಶಸ್ಸು,ಅನುಕೂಲ,ಅಭಿವೃದ್ಧಿ,ಶ್ರೇಷ್ಠತೆ,ಜಯ,ಆತಂಕ,ಸ್ನೇಹ
22-10-2026,data\2026\10\22-10-2026.jpg,ಭಾದ್ರಪದ/ಅಶ್ವೀನ,ಪರಾಭವ,1948,ಕನ್ಯಾ/ ತುಲಾ,06:11,17:57,ಕತ್ತಲೆ ಇದರೆ ಬೆಳಕು ಕೂಡ ಇರುತ್ತದೆ,ಪಾಶಾಂಕುಶಾ ಏಕಾದಶಿ,ಭರತ ಮಿಲನ,ಶ್ರೀ ಜ್ಞಾನೇಶ್ವರಸ್ವಾಮಿ,ಆರಾಧನೆ ಕಾಖಂಡಿಕಿ,ಹೊಸಮುಗಳಗೆರೆ ಶ್ರೀ ಬೀರಲಿಂಗೇಶ್ವರ ದೊಡ್ಡಎಡೆ,ಕಾರ್ಯಕ್ರಮ,ಚಾಮುಂಡಿ ಬೆಟ್ಟದಲ್ಲಿ ಚಾಮರಾಜ ಮುಡೀ ಉತ್ಸವ,ತುಳಜಾಪುರ ಭವಾನೀದೇವಿ ನಿದ್ರಾಕಾಲ ಆರಂಭ,ಶೃಗೇರಿ ಶಾರದಿಯ ರಥ,ಬೇಡಕಿಹಾಳ ತಾ. ಚಿಕ್ಕೋಡಿ ಶ್ರೀ ಸಿದ್ದೇಶ್ವರ ಜಾತ್ರೆ.,,,,ಏಕಾದಶಿ,14.49,ಶತಭಿಷಾ,20.49,ವೃದ್ಧಿ,23.40,ಬವ,26.49,ದಕ್ಷಿಣಾಯ,ಸೌರ ಶರದ,6,ಶುಕ್ಲ,ತುಲಾ,ಕುಂಭ,ಮ.,01:30,03:00,,,,ಬೆ.,9:00,10:30,,,,ಬೆ.,06:00,07:30,,,,ಮ.,03:06,5:31,,,,ಮ.,01:18,02:58,,,,ಗೌರವ,ಭಕ್ತಿ,ಪರಿಶ್ರಮ,ಕೀರ್ತಿ,ಸಾಲ,ಸ್ಪರ್ಧೆ,ಕರುಣೆ,ಕುತೂಹಲ,ಪ್ರೋತ್ಸಾಹ,ಮರೆವು,ಯಶಸ್ಸು,ಗೌರವ
22-11-2026,data\2026\11\22-11-2026.jpg,ಅಶ್ವೀನ|ಕಾರ್ತಿಕ,ಪರಾಭವ,1948,ತುಲಾ/ವೃಶ್ಚಿಕ,06:21,17:50,ತುಂಬಿದ ಕೊಡ ತುಳುಕುವುದಿಲ್ಲ,ಪ್ರದೋಷ. ಭಾಷಾ ಸೌಹಾರ್ದ ದಿನ. ವೈಕುಂಠ ಚತುರ್ದಶಿ,ಉಪವಾಸ,ಮಧ್ಯ ರಾತ್ರಿ ವಿಷ್ಣು ಪೂಜೆ. ಪ್ರಾತಃಕಾಲ ಶಿವ,ಪೂಜೆ. ಭಾ. ಅಗ್ರಹಾಯಣ ಮಾಸಾರಂಬ. ಸೂರ್ಯ,ಸಾಯನ ಧನುನಲ್ಲಿ ಶುಕ್ರ ತುಲಾದಲ್ಲಿ,,,,,,,,,ತ್ರಯೋದಶಿ,26.38,ಅಶ್ವಿ,02.26,ಪ್ಯಕೀಪಾತ,26.38,ಕೌಲವ,15.32,ದಕ್ಷಿಣಾಯನ,ಸೌರ ಹೇಮಂತ,7,ಶುಕ್ಲ,ವೃಶ್ತಿಕ,ಮೇಷ,ಸ.,04:30,06:00,,,,ಮ.,03:00,30,,,,ಮ.,12:00,01:30,,,,ಬೆ.,1030,12:00,,,,ಜ.,03:36,05:08,ರಾ.,09:33,11:02,ಯಶಸ್ಸು,ಶಾಂತಿ,ಶ್ರೇಷ್ಠತೆ,ಯಶಸ್ಸು,ಮೆಚ್ಚುಗೆ,ಆತಂಕ,ಪ್ರೋತ್ಸಾಹ,ಪ್ರೀತಿ,_ ಕೋಪ,ಕೀರ್ತಿ,ಸ್ಪರ್ಧೆ,ಸಂತೋಷ
23-01-2026,data\2026\01\23-01-2026.jpg,ಪುಷ್ಯ/ಮಾಘ,ವಿಶ್ವಾವಸು,1947,ಧನು/ಮಕರ,06:46,18:16,ಕಷದಲ್ಲೂನಗುವುದೇ ಜೀವನ,ನೇತಾಜಿ ಜಯಂತಿ,ಹಿಂಗುಲಾಂಬಿಕಾ ಜಯಂತಿ,ಇಲಕಲ,ಧಾರವಾಡ ಮುರುಘಾರೂಢಮಠದಲ್ಲಿ,ಅಥಣಿ ಶಿವಯೋಗೇಶ್ವರ ಜಾತ್ರೆ,ತುಕಾರಾಮ ಮಹಾ,ಜಯಂತಿ.,,,,,,,ಪಂಚಮಿ,25.47,ಪೂ.ಭಾ,14.33,ಪರಿಘ,15.59,ಬವ,14.11,ಉತ್ತರಾಯಣ,ಸೌರ ಶಿಶಿರ,10,ಕೃಷ್ಣ,ಮಕರ,ಕುಂಭ,ಬೆ.,10:30,12:00,,,,ಬೆ.,07:30,09:00,,,,ಮ.,0:00,04:30,,,,ಮ.,01:30,03:00,,,,ಬೆ.,06:31,11:06,,,,ಬಲ,ಮೆಚ್ಚುಗೆ,ಸಹಾಯ,ತೊಂದರೆ,ಪ್ರೋತ್ಸಾಹ,ಸಂಪತ್ತು,ದಯೆ,ಯಶಸ್ಸು,ವಿಶ್ರಾಂತಿ,ವಿನಯ,*ಪ್ರಾಮಾಣಿಕತ,ಪ್ರೀತಿ
23-02-2026,data\2026\02\23-02-2026.jpg,,ವಿಶ್ವಾವಸು,1947,ಮಕರ/ ಕುಂಭ,06:38,18:27,ತ್ತಿನಲ್ಲಿ ಯಾವುದು ಶಾಶ್ಚತವಲ್ಲ. ಅರಿತು ನಡೆ ಇದೆ :,ಸಂತ ಗಾಡಗೆಬಾಬಾ ಜಯಂತಿ,ಜನವಾಡ,ತಾ.ಚಿಕ್ಕೋಡಿ ಶ್ರೀ ಮಹಾದೇವಿ ಜಾತ್ರೆ,ಸೊಗಲ,ಸುಕ್ಷೇತ್ರದಲ್ಲಿ ಶಿವಪಾರ್ವತಿ ವಿವಾಹೋತ್ಸವ,ಹಾಲಗುಂದ ಭಗವತಿ ಉತ್ಸವ.,,,,,,,,ಷಷ್ಠಿ,0.10,ಭರಣಿ,16.34,ಜ್ರಹ್ಮಾ,10.19,ಿ,16.34,ಉತ್ತರಾಯಣ,ಸೌರ ವಸಂತ,11,ಶುಕ್ಲ,ಕುಂಭ,ಮೇಷ,ಬೆ.,07:30,09:00,,,,ಮ.,01:30,03:00,,,,ಬೆ.,10:30,12:00,,,,ಬೆ.,09:00,10:30,,,,ಸ.,12:01,01:32,,,,ಲಾಭ,ಅಲೆದಾಟ,ಅನಾರೋಗ್ಯ,ಗೊಂದಲ,ಸಾಲ,ಸ್ನೇಹ,ಸಂತೋಷ,ಯಶಸ್ಸು,ಲಾಭ,ಕೀರ್ತಿ,ಆಸೆ,ದಯೆ
23-03-2026,data\2026\03\23-03-2026.jpg,ವಿಶ್ವಾವಸು ಪರಾಭವ,ವಿಶ್ವಾವಸು ಪರಾಭವ,1947,ಕುಂಭ/ಮೀನ,06:22,18:30,"ಲ ಹೀಗೆ ಇರೋದಿಲ್ಲಇವತ್ತು ನಿಂದು, ನಾಳೆ ನಂ",ಶ್ರೀ ಪಂಚಮಿ ಲಕ್ಷ್ಮೀ ಪಂಚಮಿ,ಹಯವು್ರತ,ವಿಷ್ಣು,ಡೊಲೋತ್ಸವ,"ಕೋಲ್ಡಾಪೂರ ಜೋತಿಬಾ ಡೊಂಗರ"" ಷಷ್ಠಿ",ಜಾತ್ರೆ,ಕ್ರಾಂತಿವೀರ ಭಗತಸಿಂಗ್‌,ರಾಜ್‌ಗುರು,ಸುಖದೇವ,ಸ್ಮತಿ ದಿನ.,,,,ಪಂಚಮಿ,18.39,ಕೃತಿಕಾ,20.50,ಎಷ್ಟಂಥ,12.22,ಮ,07.57,ಉತ್ತರಾಯಣ,ಸೌರ ವಸಂತ,9,ಕೃಷ್ಣ,ಮೀನ,ವೃಷಭ,ಬೆ.,07:30,09:00,,,,ಮ.,01:30,03:00,,,,ಬೆ.,10:30,12:00,,,,ಬೆ.,09:00,10:30,,,,ಬೆ.,06:50,08:21,,,,* ಅನುಕೂಲ,ಭಕ್ತಿ,ಪ್ರತಿರೋಧ,ಪ್ರೀತಿ,ಸಂತೋಷ,ಸಾಲ,ಅಭಿವೃದ್ದಿ,ಸ್ನೇಹ”,ಲಾಭ,ಪಯತ್ರ,ಒಳ್ಳೆಯದು,ಪ್ರೀತಿ
23-04-2026,data\2026\04\23-04-2026.jpg,ಚೈತ್ರ|ವೈಶಾಖ,ಪರಾಭವ,1948,ಮೀನ/ಮೇಷ,06:02,18:33,"ನೀನು ನೀನಾಗಿರಬೇಕು, ಬೇರೆಯವರ ನಕಲು ಅ.",ಭಗೀರಥ ಜಯಂತಿ,ವಿಶ್ವ ಪುಸ್ತಕ ಮತ್ತು ಗ್ರಂಥ ದಿನ.,ಕೊಪ್ಪಳ ತಾ. ಓಜಿನಹಳ್ಳಿ ಸಿದ್ದೇಶ್ವರ ರಥ,ಗಂಗೋತ್ಪತ್ತಿ,ಗಂಗಾ ಪೂಜೆ,ಶ್ರೀ ವ್ಯಾಸರಾಯರ ಜಯಂತಿ,,,,,,,,ಸಪ್ತಮಿ,20.50,ಪುನರ್ವಸು,20.57,“ಬ್‌,06.08,ಗರಜ,09.46,ಉತ್ತರಾಯಣ,ಸೌರ ಗ್ರೀಷ್ಮ,10,ಶುಕ್ಲ,ಮೇಷ,ಮಿಥುನ,ಮ.,01:30,03:00,,,,ಬೆ.,09:00,10:30,,,,ಬೆ.,06:00,07:30,,,,ಬೆ.,05:06,64:56,,,,ಮ.,06:41,08:11,,,,ಯಶಸ್ಸು,ಲಾಭ,ಶಾಂತಿ,ಧೈರ್ಯ,ಸಾಲ,ವಿಳಂಬ,ಒಳ್ಳೆಯ ಕೆಲಸ,ಪ್ರೋತ್ಸಾಹ,ಅನುಕೂಲ,ಕೋಪ,ಮರೆವು,ಸ್ಪರ್ಧೆ
23-05-2026,data\2026\05\23-05-2026.jpg,ವೈಶಾಖ|ಅಧಿಕ ಜ್ಯೇಷ್ಠ,ಪರಾಭವ,1948,ಮೇಷ/ವೃಷಭ,05:53,18:40,9 ಪರಿಶ್ರಮವಿದ್ದರೆ ಅದ್ರಷ್ಟ ತಾನಾಗಿಯೇ ಬರು:,4ನೇ ಶನಿವಾರ,ದುರ್ಗಾಷ್ಟಮಿ,ಬುಧ,ಪಶ್ಚಿಮೋದಯ,,,,,,,,,,ಅಷ್ಟಮಿ,26.28,ಮಘಾ,26.0,ಈೆ,06.14,ಏಿಷ್ಟಿ,16.41,ಉತ್ತರಾಯಣ,ಸೌರ ಗ್ರೀಷ್ಮ,9,ಶುಕ್ಲ,ವಷಭ,ಸಿಂಹ,ಬೆ.,09:00,10:30,,,,ಬೆ.,06:00,87:36,,,,ಮ.,01:30,05:00,,,,ಮ.,12:00,01:30,,,,ಜ.,12:34,02:08,ರಾ.,11:45,07:35,ಒಳ್ಳೆಯ ಕೆಲಸ,ಮೆಚ್ಚುಗೆ,ಉಡುಗೊರೆ,ಅನುಕೂಲ,ಯಶಸ್ಸು,ಆಸಕ್ತಿ,ಪ್ರಯತ್ನ,ಗೌರವ,ಸಾಲ,ಒಳ್ಳೆಯದು,ಭಕ್ತಿ,ಕೀರ್ತಿ
23-06-2026,data\2026\06\23-06-2026.jpg,ಅ.ಜ್ಯೇಷ್ಠ/ನಿ.ಜ್ಯೇಷ್ಠ,ಪರಾಭವ ನಾಮ,1948,ವೃಷಭ/ಮಿಥುನ,05:55,18:48,ಮೌನಕ್ಕೆಮೀರಿದ ಉತ್ತರ ಮತ್ತೊಂದಿಲ್ಲ,ಮಹೇಶ ನವಮಿ,ಶ್ರೀ ಹರಿ ಜಯಂತಿ,ಭಗೀರಥಿ,ಜನ್ಮದಿನ,ರೋಣ ತಾ.ಹೊನ್ನಿಗನೂರ ಹುಲಿಗೆಮ್ಮದೇವಿ,ಜಾತ್ರೆ,ವರದರಾಜರ ಜಯಂತಿ,ಮಹಾಲಕ್ಷ್ಮೀಪೂರ,ಬೆಂಗಳೂರ ಶ್ರೀನಿವಾಸ ರಥ.,,,,,ನವಮಿ,16.40,ಹಸ್ತ,11.54,ವರೀಯಾನ,16.1,ತೈತಿಲ,29.23,ದಕ್ಷಿಣಾಯನ,ಸೌರ ವರ್ಷಾ,9,ಶುಕ್ಲ,ಮಿಥುನ,ಕನ್ಯಾ,ಮ.,03:00,04:30,,,,ಮ.,12:00,01:30,,,,ಬೆ.,09:00,10:30,,,,ಬೆ.,07:30,09:00,,,,ಬೆ.,05:31,07:13,,,,ಕರುಣೆ,ಸಹಾಯ,ಆನಂದ,ಪ್ರಯತ್ನ,ಪ್ರೀತಿ,ಪ ಬುದ್ಧವಂತಿಕೆ,ಉಡುಗೊರೆ,ಕುತೂಹಲ,ಅನುಕೂಲ,ಗೌರವ,ಯಶಸ್ಸು,ಅಭಿವೃದ್ಧಿ
23-07-2026,data\2026\07\23-07-2026.jpg,ನಿಜ ಜ್ಯೇಷ್ಠ/ಆಷಾಢ,ಪರಾಭವ,1948,ಮಿಥುನ/ಕರ್ಕ,06:03,18:40,ಲ ನಸಂಬಕ ಇಟ್ಟರ ದಾರಿ ತಾನೇ ಸಿ;,ಶ್ರೀ ಹರಿ ಜಯಂತಿ,ಭಾರತಿಯ ಶ್ರಾವಣ,ಮಾಸಾರಂಭ,ಬುಧಮಾರ್ಗಿ,ಲೋಕಮಾನ್ಯ ಟಿಳಕ,ಜಯಂತಿ,ಕಂಚಿಪರತತ್ವ ನಿರ್ಣಯ ಗರುಡೋತ್ಸವ,ಮೈಸೂರು ಒಂಟಿಕೊಪ್ಪಲ್‌ ಚಂದ್ರಮೌಳೀಶ್ವರ.,,,,,,ನವಮಿ,07.04,ವಿಶಾಖಾ,25.43,ಶುಭ,15.26,ತೈತಿಲ,20.06,ದಕ್ಷಿಣಾಯನ,ಸೌರ ವರ್ಷಾ,8,ಶುಕ್ಲ,ಕರ್ಕ,ತುಲಾ,ಮ.,01:30,03:00,,,,ಬೆ.,9:00,10:30,,,,ಬೆ.,06:00,07:30,,,,ಮ.,03:00,04:30,,,,ಮ.,03:56,05:42,,,,ಭಯ,ಯಶಸ್ಸು,ಪ್ರತಿರೋಧದ,ಸಂತೋಷ,ಶುಭ,ಮೆಚ್ಚುಗೆ,ಶ್ರೇಷತೆ,ಸ್ತ,ಆನಂದ,ನಿರಾಶೆ,ಅನುಕೂಲ,ಪ್ರಯತ್ನ
23-08-2026,data\2026\08\23-08-2026.jpg,ಆಷಾಢ|ಶ್ರಾವಣ,ಪರಾಭವ,1948,ಕರ್ಕ/ಸಿಂಹ,06:08,18:36,ಹೋರಾಟವಿಲ್ಲದೆ ಗೌರವ ಸಿಗದು,ಪುತ್ರದಾ,ಪವಿತ್ರಾ ಸ್ಮಾರ್ತ ಏಕಾದಶಿ.,ಆದಿತ್ಯ ಪೂಜೆ. ಶರದ ಖುತು ಪ್ರಾರಂಭ,ಸೂರ್ಯ ಸಾಯನ ಕನ್ಯಾದಲ್ಲಿ.,,,,,,,,,,ಏಕಾದಶಿ,28.19,ಮೂಲಾ,17.45,ಏಷ್ಕಂಭ,06.14,ವಣಿಜ,15.11,ದಕ್ಷಿಣಾಯನ,ಸೌರ ಶರದ,7,ಶುಕ್ಲ,ಸಿಂಹ,ಧನು,ಮ.,04:30,06:00,,,,ಮ.,0:00,04:30,,,,ಮ.,12:00,01:30,,,,ಬೆ.,1030,12:00,,,,ಬೆ.,10:33,12:21,,,,ಮಧುರ ಮಾತು,ಯಶಸ್ಸು,ಭಕ್ತಿ,ವಿಶ್ರಾಂತಿ,ಪ್ರಯತ್ನ,ಪ್ರೀತಿ,ಪ್ರೋತ್ಸಾಹ,ಉಡುಗೊರೆ,ಅಭಿವೃದ್ಧಿ,ಸಂಪತು,ಗೊಂದಲ,ಅನುಕೂಲ
23-09-2026,data\2026\09\23-09-2026.jpg,ಶ್ರಾವಣ/ಭಾದ್ರಪದ,ಪರಾಭವ,1948,ಸಿಂಹ/ಕನ್ಯಾ,06:08,18:15,ಹೆಚ್ಚುಅನ್ನಿಸಿದಾಗಲೇ ಬೆಳಕು ಹತಿರದಲಿ:,ಬದಾಮಿ ಶ್ರೀ ಪ್ರಸನ್ನ ವೆಂಕಟದಾಸರ ಪು.ತಿ.,ಸುರಪುರ,ಆನಂದ ದಾಸರಾಯರ ಪು.ತಿ... ವಾಮನ ಜಯಂತಿ,ದಧಿದಾನ,ಕ್ಷೀರವ್ರತ,ಪೌರ ಕಾರ್ಮಿಕರ ದಿನಾಚರಣೆ,ಹೂವಿನಹಡಗಲಿ,ಮಲ್ಲಿಕಾರ್ಜುನ ರಥ.,,,,,,ದ್ವಾದಶಿ,22.51,ಶ್ರವಣ,09.01,ಸುಕರ್ಮಾ,16.27,ಬವ,10.22,ದಕ್ಷಿಣಾಯನ,ಸೌರ ಶರದ,7,ಶುಕ್ಲ,ಕನ್ನಾ,ಮಕರ,ಮ.,12:00,01:30,,,,ಬೆ.,10:30,12:00,,,,ಬೆ.,07:30,09:00,,,,ಬೆ.,06:00,07:30,,,,ಸ.,11:34,01:15,,,,ಶಾಂತಿ,ದಾನ,ಫೋತಾಮ,ಕಾಟರ್ಕ ಮರೆಪ್ಪ,ನಿರಾಶೆ,ಅನುಕೂಲ,ಆತಂಕ,ಲಾಭ,ಸಂತೋಷ,ಲಾಭ,ಭಯ,ಓಳ್ಳೆಯ ಕೆಲಸ
23-10-2026,data\2026\10\23-10-2026.jpg,ಭಾದ್ರಪದ/ಅಶ್ವೀನ,ಪರಾಭವ,1948,ಕನ್ಯಾ/ ತುಲಾ,06:11,17:56,"ಸೋತಿರುವೆ ಆದರೆ, ನಿನ ಕಥೆ ಇನೂ ಮು!",ಹೇಮಂತ ಖುತು ಪ್ರಾರಂಭ,ಕೃವಲ್ಯಾಶ್ರಮಸ್ವಾಮಿ ಚರಣಃ ಆರಾಧನ,ಮುನವಳ್ಳಿ,ಕ್ಷೀರವ್ರತ ಮುಕ್ತಾಯ,ದ್ವಿದಳವ್ರತ ಆರಂಭ,ಶ್ರೀ,ರಾವುತರಾಯನ ಪ್ರಯಾಣ ದೇವರ ಹಿಪ್ಪರಗಿ,ಕಿತ್ತೂರು ರಾಣಿ ಚೆನ್ನಮ್ಮ,ಜಯಂತಿ,ಕರ್ನಾಟಕ ಮಹಿಳಾ ದಿನ,ಕ್ಷೀರದಾನ,ಆದಮಾಪೂರ ಜಿ.,ಕೋಲ್ಲಾಪೂರ ಬಾಳೂಮಾಮಾ ಜನ್ಮೋತ್ಸವ.,ದ್ವಾದಶಿ,14.36,ಪೂ.ಭಾ,21.03,ಧ್ರುವ,22.0,ಕೌಲವ,26.13,ದಕ್ಷಿಣಾಯ,ಸೌರ ಹೇಮಂತ,7,ಶುಕ್ಲ,ತುಲಾ,ಕುಂಭ,ಬೆ.,10:30,12:00,,,,ಬೆ.,0730,09:00,,,,ಮ.,08:00,04:30,,,,ಮ.,01:56,8:6,,,,ಮ.,12:58,02:35,,,,ವಿನಯ,ಮೆಚ್ಚುಗೆ,ಆಯಾನ,ಕೋಪ,ವಿಶ್ರಾಂತಿ,ಪ್ರಯಾಣ,ಸಂತೋಷ,ಕರುಣೆ,ಕೀರ್ತಿ,ಲಾಭ,ಶ್ರೇಷ್ಠತೆ,ಸಾಲ
23-11-2026,data\2026\11\23-11-2026.jpg,ಅಶ್ವೀನ|ಕಾರ್ತಿಕ,ಪರಾಭವ,1948,ತುಲಾ/ವೃಶ್ಚಿಕ,06:21,17:50,ಮಾತು ಬೆಳ್ಳಿ ಮೌನ ಬಂಗಾರ,ವೈಕುಂಠ ಚತುರ್ದಶಿ,ಭರಣಿ ದೀಪ,ಪುಟ್ಟಪೂರ್ತಿ,ಸಾಯಿಬಾಬಾ ವರ್ಧಂತಿ. ಶ್ರೀ ಜಯಧ್ವಜ ತೀರ್ಥರ ಅರಾ.,ಯಡಿಯೂರು ಶಕ್ತಿಗಣಪತಿ ಪುಷ್ಪಾಲಂಕಾರೋತ್ಸವ.,,,,,,,,,ಚತುರ್ದಶಿ,23.43,ಭರಣಿ,26.02,ನರೀಯಾನ,19.59,ಿ,26.02,ದಕ್ಷಿಣಾಯನ,ರ್ದಶಿ 23.43,8,ಶುಕ್ಲ,ವೃಶ್ಚಿಕ,ಮೇಷ,ಬೆ.,07:30,09:00,,,,ಮ.,01:30,8:00,,,,ಬೆ.,10:30,12:00,,,,ಬೆ.,09:00,10:30,,,,ರಾ.,09:40,11:08,,,,ಖರ್ಚು,ಯಶಸ್ಸು,ಸ್ಲೇಹ,ಕೀರ್ತಿ,ಶಾಂತಿ,ಪ್ರೀತಿ,ಅನುಕೂಲ,ಒಳ್ಳೆಯದು,ಪ್ರೀತಿ,ಅಬಿವದಿ,ಆತಂಕ,ಪ್ರಗತಿ
24-01-2026,data\2026\01\24-01-2026.jpg,ಪುಷ್ಯ/ಮಾಘ,ವಿಶ್ವಾವಸು,1947,ಧನು/ಮಕರ,06:46,18:17,ಯಶಸ್ಸು ಸಣ್ಣಗೆಲುವುಗಳ ಸರಣಿ,4ನೇ ಶನಿವಾರ,ಮೈಸೂರು ಚೌಡೇಶ್ವರಿ,ಉತ್ಸವಾರಂಭ,ಕಲಘಟಗಿ ತಾ. ಸೂರಶೆಟ್ಟಕೊಪ್ಪ,ಶ್ರೀ ಮೈಲಾರಲಿಂಗೇಶ್ವರ ದೇವರ ಜಾಗರಣೆ,ಮರುದಿನ ರಹ.,,,,,,,,ಷಷ್ಠಿ,24.40,ಉ.ಭಾ,14.16,ಶಿವ,14.0,ಕೌಲವ,13.16,ಉತ್ತರಾಯಣ,ಸೌರ ಶಿಶಿರ,11,ಕೃಷ್ಣ,ಮಕರ,ಮೀನ,ಬೆ.,09:00,10:30,,,,ಬೆ.,06:00,07:30,,,,ಮ.,01:30,03:00,,,,ಮ.,12:00,01:30,,,,ಬೆ.,09:31,08:06,,,,ಸರ್ಧೆ,ಶಾಂತಿ,ಸಂತೋಷ,ಸಂತೋಷ,ಯಶಸ್ಸು,ಅಭಿವೃದ್ದಿ,ಪ್ರೀತಿ,ವಿನಯ,ಪ್ರೀತಿ,ಆಯಾಸ,ಭಕ್ತಿ,ಕೋಪ
24-02-2026,data\2026\02\24-02-2026.jpg,,ವಿಶ್ವಾವಸು,1947,ಮಕರ/ ಕುಂಭ,06:38,18:27,ಯತ್ನಾಗಿ ಇರ್ತಿವೋ ಅಲ್ಲೇ ತುಂಬಾ ನೋವು ಸಿಗೆ,ಜಾಗತಿಕ ಮುದ್ರಣ ದಿನ,ದುರ್ಗಷ್ಟಮಿ,ಕಣಗಲಾ,ತಾ.ಹುಕ್ಕೇರಿ ಶ್ರೀ ಮಹಾಲಕ್ಷ್ಮೀ ಹೇಡಗಿ ಜಾತ್ರೆ,ಸೋಗಲ ಸೋಮೇಶ್ವರ ರಥೋತ್ಸವ,ಅಷ್ಟುನ್ಹಿಕ,ಪರ್ವಾರಂಭ.,,,,,,,ಹೆ,07.03,ಕೃತ್ತಿಕಾ,15.07,ಕಥಜಜ,07.24,ವಿಷ್ಟಿ,17.58,ಉತ್ತರಾಯಣ,ಸೌರ ವಸಂತ,12,ಶುಕ್ಲ,ಕುಂಭ,ವೃಷಭ,ಮ.,03:00,04:30,,,,ಮ.,12:00,01:30,,,,ಬೆ.,09:00,10:30,,,,ಬೆ.,07:30,09:00,,,,ಸ.,12:51,02:22,,,,ಕರುಣೆ,ಆನಂದ,ಭಕಿ,ಕಾಟರ್ಕ ಕೀರ್ತಿ,ಶ್ರೇಷತೆ,ಗೌರವ,ಚಿಂತೆ,ಯಶಸ್ಸು,ವಿಶ್ರಾಂತಿ,ಭಯ,ಆಸಕ್ತಿ,ಪ್ರಗತಿ
24-03-2026,data\2026\03\24-03-2026.jpg,ವಿಶ್ವಾವಸು ಪರಾಭವ,ವಿಶ್ವಾವಸು ಪರಾಭವ,1947,ಕುಂಭ/ಮೀನ,06:21,18:30,ತ್ನಗುಟ್ಟಾಗಿರಲಿ ಗೆದ್ದಮೇಲೆ ಸಂಭ್ರಮ ಜಗತ್ತಿಗೆ ಮುಟ್ಟು,ಜಾಗತಿಕ ಕ್ಷಯರೋಗ ದಿನ,ಕಾತ್ರಿಕ ಸ್ವಾಮಿಗೆ,ದವರ್ಣಾಪಣ,ಪುತ್ತೂರು ಮಹಾಲಿಂಗೇಶ್ವೆರ ರಥ,ಜನಪುರಿ ತಾ. ಪಾಟಣ ಜಿ. ಸಾತಾರಾ ಶ್ರೀನಾಈಕಬಾ ಜಾತ್ರೆ,ಶ್ರೀಮಾತಾಜಿ ಪುಣ್ಯತಿಥಿ.,,,,,,,,ಷಷ್ಠಿ,16.08,ರೋಹಿಣಿ,19.05,ಒಪ ಗ,09.07,ಗರಜ,26.58,ಉತ್ತರಾಯಣ,ಸೌರ ವಸಂತ,10,ಶುಕ್ಲ,ಮೀನ,ವೃಷಭ,ಮ.,03:00,04:30,,,,ಮ.,12:00,01:30,,,,ಬೆ.,09:00,1013,,,,ಬೆ.,07:30,09:00,,,,ಸ.,06:37,08:05,,,,* ಅಲೆದಾಟ,ಸ್ನೇಹ,ಸಂತೋಷ,ಅಭಿವೃದ್ಧಿ,ಶಾಂತಿ,ಒಳ್ಳೆಯದು,ದೃಢ ನಿರ್ಧಾರ,ಪ್ರೀತಿ,ಆಸೆ,ಪತಿರೋದ,ಸಾಲ,ಲಾಭ
24-04-2026,data\2026\04\24-04-2026.jpg,ಚೈತ್ರ|ವೈಶಾಖ,ಪರಾಭವ,1948,ಮೀನ/ಮೇಷ,06:02,18:33,ಸಂತೋಷವೇ ನಿಜವಾದ ಸಂಪತ್ತು,ಹಿರೆಕೇರೂರು ತಾ. ಯೋಗಿಕೊಪ್ಪ ಶ್ರೀ,ಬಸವೇಶ್ವರ ರಥ. ದುರ್ಗಾಷ್ಟಮಿ,ಪ.ಪೂ,,,,,,,,,,,ಅಷ್ಟಮಿ,19.22,ಪುಷ್ಯ,20.15,ಶೂಲ,25.24,ಏಿಷ್ಟಿ,08.02,ಉತ್ತರಾಯಣ,ಸೌರ ಗ್ರೀಷ್ಮ,11,ಶುಕ್ಲ,ಮೇಷ,ಕರ್ಕ,ಬೆ.,10:30,12:00,,,,ಬೆ.,07:30,09:00,,,,ಮ.,08:00,04:30,,,,ಮ.,01:36,05:00,,,,ಮ.,02:01,03:35,,,,ಪ್ರೀತಿ,ಆತಂಕ,ಯಶಸ್ಸು,ದಯೆ,ಒಳ್ಳೆಯದು,ಸ್ನೇಹ,ಪ್ರೀತಿ,ಒಳ್ಳೆಯ ಸುದ್ದಿ,ಆಸಕ್ತಿ,ಪೋತಾಹ,ಸಂತೋಷ,ಲಾಭ
24-05-2026,data\2026\05\24-05-2026.jpg,ವೈಶಾಖ|ಅಧಿಕ ಜ್ಯೇಷ್ಠ,ಪರಾಭವ,1948,ಮೇಷ/ವೃಷಭ,05:52,18:40,"ಗಳನ್ನು ಬೆನ್ನಟ್ಟಿ, ನಿಮ್ಮಕಲೆಯನ್ನು ಕೊಲೆ ಮಾಡ",ಬೆಟ್ಟಂಪಾಡಿ ಜಾತ್ರೆ,ಕಾಮನ್‌ವೆಲ್ತ್‌ ದಿನ,ನವಮಿ,,,,,,,,,,,ನವಮಿ,28.31,ಪೂರ್ವಾ,26.51,ಹರ್ಷಣ,27.45,ಬಾಲವ,16.25,ಉತ್ತರಾಯಣ,ಸೌರ ಗ್ರೀಷ್ಮ,10,ಕೃಷ್ಣ,ವಷಭ,ಸಿಂಹ,ಸ.,04:30,06:00,,,,ಮ.,8:00,04:30,,,,ಮ.,12:00,01:30,,,,ಬೆ.,1013,12:00,,,,ರಾ.,08:16,09:54,,,,ಒಳ್ಳೆಯದು,ಪ್ರಯಾಣ,ಪ್ರಯತ್ರ,ಲಾಭ,ತೊಂದರೆ,ಉಡುಗೊರೆ,ಆತಂಕ,ಆಸಕ್ತಿ,ಸ್ಪರ್ಧೆ,ಅನುಕೂಲ,ಅನುಕೂಲ,ತಾಳ್ಮೆ
24-06-2026,data\2026\06\24-06-2026.jpg,ಅ.ಜ್ಯೇಷ್ಠ/ನಿ.ಜ್ಯೇಷ್ಠ,ಪರಾಭವ ನಾಮ,1948,ವೃಷಭ/ಮಿಥುನ,05:55,18:48,ಕರಳತೆಯೇ ನಿಜವಾದ ಸೌಂದಯಃ,ಮಳವಲ್ಲಿ ಗಂಗಾ ಉತ್ಸವ ಮುಕ್ತಾಯ,ಪ್ರಜಾಪಿತ,ಜಗದಂಬಾ ಸರಸ್ವತಿ ಸ್ಮರಣ ದಿನ,ಸುರಪುರ ಹಾಗೂ,ಕಾಮನನಡಗಿಯಲ್ಲಿ ಯೋಗೇಶ್ವರ ಯಾಜ್ಞವಲ್ಕ್ಯ,ಜಯಂತಿ.,,,,,,,,ದಶಮಿ,18.13,ಚಿತ್ರಾ,13.59,ಪರಿಘ,10.23,ವಣಿಜ,FULL DAY,ದಕ್ಷಿಣಾಯನ,ಸೌರ ವರ್ಷಾ,10,ಶುಕ್ಲ,ಮಿಥುನ,ತುಲಾ,ಮ.,12:00,01:30,,,,ಬೆ.,1030,12:00,,,,ಬೆ.,07:30,09:00,,,,ಬೆ.,06:00,07:30,,,,ಬೆ.,07:01,08:46,,,,ಶಾಂತಿ,ಅಭಿವೃದ್ಧಿ,ಸಂತೋಷ,ಲಾಭ,ಸಾಲ,ಪ್ರೀತಿ,ಸ್ನೇಹ,ಖರ್ಚು,ಯಶಸ್ಸು,ಭಕ್ಷಿ,ಯಶಸ್ಸು,ಪ್ರತಿರೋಧ
24-07-2026,data\2026\07\24-07-2026.jpg,ನಿಜ ಜ್ಯೇಷ್ಠ/ಆಷಾಢ,ಪರಾಭವ,1948,ಮಿಥುನ/ಕರ್ಕ,06:03,18:48,ಮ ಮಾಡಿದ ಶ್ರಮವೇ ನಾಳಯಂಯ,ವಿಠ್ಠಲ ನವಾರಾತ್ರರಂಭ,ಚಂದಾವರ ಹನುವಂತ,ಸವಾರಿ ಸಮಾಪ್ತಿ,ಹುಕ್ಕೇರಿ ತಾ.ಕಣಗಲಿ ನರಸಿಂಹ,ಮೂರ್ತಿ ಉದ್ಯಾಪನ,ಉಡುಪಿ ಶ್ರೀ ಕೃಷ್ಣ,ಮಹಾಭಿಷೇಕ,ಆಷಾಢ ಶುಕ್ರವಾರ ಲಕ್ಷ್ಮೀ ಪೂಜೆ.,,,,,,ದಶಮಿ,09.13,ಅನುರಾಧಾ,28.37,ಶುಕ್ಹ,20.12,ವಣಿಜ,22.23,ದಕ್ಷಿಣಾಯನ,ಸೌರ ವರ್ಷಾ,9,ಶುಕ್ಲ,ಕರ್ಕ,ವೃಶ್ಚಿಕ,ಬೆ.,10:30,12:00,,,,ಬೆ.,07:30,09:00,,,,ಮ.,0:00,04:30,,,,ಮ.,01:30,03:00,,,,ಮ.,04:57,06:44,,,,ಯಶಸ್ಸು,ಖರ್ಚು,ಮೆಚ್ಚುಗೆ,ಅನುಕೂಲ,ಶಾಂತಿ,ಸಹಾಯ,ಗಮನ,ಒಳ್ಳೆಯದು,ಲಾಭ,ಪೋತಾಹ,ಚಿಂತೆ,ಬುದ್ದಿವಂತಿಕೆ
24-08-2026,data\2026\08\24-08-2026.jpg,ಆಷಾಢ|ಶ್ರಾವಣ,ಪರಾಭವ,1948,ಕರ್ಕ/ಸಿಂಹ,06:08,18:25,ಇಂದು ಮಾಡಿದ ಕೆಲಸ ನಾಳೆ ಮಾತಾಡುತ್ತದೆ,2ನೇ ಶ್ರಾವಣ ಸೋಮವಾರ,ಪುತ್ರದಾ ಭಾಗವತ,ಏಕಾದಶಿ. ಬುದ್ದ ದಾಮೋದರ ದ್ವಾದಶಿ,ಶಿವಾಮುಷ್ಠಿ ಎಳ್ಳು. ಮೃತ್ಯುಯೋಗ ಪ್ರಾರಂಭ,,,,,,,,,,ದ್ವಾದಶಿ,FULL DAY,ಪೂ.ಷಾ,20.28,ಪ್ರೀತಿ,07.04,ಬವ,17.23,ದಕ್ಷಿಣಾಯನ,ಸೌರ ಶರದ,8,ಶುಕ್ಲ,ಸಿಂಹ,ಧನು,ಬೆ.,07:30,09:00,,,,ಮ.,01:30,03:00,,,,ಬೆ.,10:30,12:00,,,,ಬೆ.,09:00,10:30,,,,ಮ.,03:07,04:51,,,,ಖರ್ಚು,ಪ್ರಯತ್ನ,ಮಧುರ ಮಾತು,ತಾಳ್ಮೆ,ಪ್ರೀತಿ,ಗೌರವ,ವಿಶ್ರಾಂತಿ,ಕೀರ್ತಿ,ಸಂತೋಷ,ಭಯ,ಒಳ್ಳೆಯ ಕೆಲಸ,ಸಂತೋಷ
24-09-2026,data\2026\09\24-09-2026.jpg,ಶ್ರಾವಣ/ಭಾದ್ರಪದ,ಪರಾಭವ,1948,ಸಿಂಹ/ಕನ್ಯಾ,06:08,18:14,"ಪರಿಪೂರ್ಣವಾಗಬೇಕಿಲ್ಲ, ಅರ್ಥಪೂರ್ಣವಾಗಿದ್ದ",ಹೃದಯ ವಿಕಾರ ಜಾಗೃತಿ ದಿನ,ಶ್ರೀ ಶೈಲವಾಗೀಶ,ಪಂಡಿತರಾಧ್ಯಸ್ವಾಮಿ ಪುಣ್ಯ ತಿಥಿ,ಗೋವಿಂದಪ್ರಭೂ ಜಯಂತಿ,ಫತ್ತೆಯಾಜದಹಮ,ತರಳಬಾಳು ಹಿರಿಯ ಜಗದ್ಗುರುಗಳಾದ,ಶಿವಕುಮಾರ ಶಿವಾಚಾರ್ಯ ಮಹಾಸ್ವಾಮಿಗಳ ಪುಣ್ಯತಿಥಿ.,,,,,,,ತ್ರಯೋದಶಿ,23.19,ಧನಿಷ್ಠಾ,10.35,ಧೃತಿ,15.55,ಕೌಲವ,11.10,ದಕ್ಷಿಣಾಯನ,ಸೌರ ಶರದ,8,ಶುಕ್ಲ,ಕನ್ನಾ,ಕುಂಭ,ಮ.,01:30,03:00,,,,ಬೆ.,9:00,10:30,,,,ಬೆ.,06:00,07:30,,,,ಬೆ.,03:00,04:30,,,,UNKNOWN,,,,,,ಪ್ರೋತ್ಸಾಹ,ಪ್ರೀತಿ,ಯಶಸ,ಅಭಿವೃದಿ,ಸಮಸ್ಯೆ,ಕೋಪ,ಬಲ,ಸಂಪತ್ತು,ಸಂತೋಷ,ಸ್ನೇಹ,ಒಳ್ಳೆಯದು,ಸಂತೋಷ
24-10-2026,data\2026\10\24-10-2026.jpg,ಭಾದ್ರಪದ/ಅಶ್ವೀನ,ಪರಾಭವ,1948,ಕನ್ಯಾ/ ತುಲಾ,06:11,17:56,ಸಾಧನೆಗಾಗಿ ತಾಳೆ.ಅತಿ ಮುಖ್ಯ,4ನೇ ಶನಿವಾರ,ವಿಶ್ವಸಂಸ್ಥೆ ದಿನ,ವಿಶ್ವ ಮಾಹಿತಿ ಪ್ರಸಾರ ದಿನ,ಚಾಮುಂಡೀಬೆಟ್ಟದ ಚಾಮುಂಡೇಶ್ವರಿ ರಥ,ಹಿರೇಗುತ್ತಿ ಹರಿನಾಮ,ಸಪ್ತಾಹ,ಕೊಪ್ಪಳ ತಾ. ಭಾಗ್ಯನಗರ ಶಂಕರಾಚಾರ್ಯರ ಮಠದಲ್ಲಿ,ಶ್ರೀ ಶಿವರಾಮಾಧೂತರ ಪುಣ್ಯಾರಾಧನೆ.,,,,,,ತ್ರಯೋದಶಿ,13.37,ಉ.ಭಾ,20.32,ವ್ಯಾಘಾತ,20.01,ಗರಜ,24.52,ದಕ್ಷಿಣಾಯ,ಸೌರ ಹೇಮಂತ,8,ಶುಕ್ಲ,ತುಲಾ,ಮೀನ,ಬೆ.,09:00,10:30,,,,ಬೆ.,06:00,07:30,,,,ಮ.,01:30,05:00,,,,ಮ.,12:86,51:31,,,,ಮ.,03:50,05:24,,,,ಪ್ರೋತ್ಸಾಹ,ಪ್ರೀತಿ,ಆತಂಕ,ಪ್ರಯತ್ನ,“ಶ್ರದ್ದೆ,ಪ ಬುದ್ಧಿವಂತಿಕೆ,ಉತ್ಸಾಹ,ಸ್ಪರ್ಧೆ,ಫ್ರೀತಿ,ಮರೆವು,ಶಾಂತಿ,ಯಶಸ್ಸು
24-11-2026,data\2026\11\24-11-2026.jpg,ಅಶ್ವೀನ|ಕಾರ್ತಿಕ,ಪರಾಭವ,1948,ತುಲಾ/ವೃಶ್ಚಿಕ,06:22,17:50,ದೂರದ ಬೆಟ್ಟ ಕಣ್ಣಿಗೆ ನುಣ್ಣಗೆ,ಗೌರಿ ಹುಣ್ಣಿಮೆ,ವ್ರತ,ತ್ರಿಪುರಾರಿ ಹುಣ್ಣಿಮೆ ಸಮಾಪ್ತಿ,ರಾ. ಭೀಷ್ಮ ಪಂಚಕ ವ್ರತ/ಕಾರ್ಶಿಕ ಸ್ನಾನ/ತುಲಸಿ,ವಿವಾಹ ಸಮಾಪ್ತಿ. ಕಾರ್ತಿಕ ಸ್ವಾಮಿ ದರ್ಶನ,ಗುರುನಾನಕ ಜಯಂತಿ,ಭೂಮಿ ಪೂಜೆ,,,,,,,ಹುಣ್ಣಿಮ,20.24,ಕೃತ್ತಿಕಾ,23.25,ಪರಿಘ,16.06,ವಿಷ್ಟಿ,10.06,ದಕ್ಷಿಣಾಯನ,ಸೌರ ಹೇಮಂತ,9,ಶುಕ್ಲ,ವೃಶ್ಚಿಕ,ಮೇಷ,ಮ.,03:00,04:30,,,,ಮ.,12:00,01:30,,,,ಬೆ.,09:00,10:30,,,,ಬೆ.,07:30,09:00,,,,ರಾ.,09:16,10:42,,,,ನಿರಾಶೆ,ಶ್ರೇಷ್ಠತೆ,ಲಾಭ,ಖರ್ಚು,ಸಂತೋಷ,ಆತಂಕ,ಯಶಸ್ಸು,ಅನುಕೂಲ,ಭಯ,ತೊಂದರೆ,ಸಮಸ್ಯೆ,ಪ್ರೋತ್ಸಾಹ
25-01-2026,data\2026\01\25-01-2026.jpg,ಪುಷ್ಯ/ಮಾಘ,ವಿಶ್ವಾವಸು,1947,ಧನು/ಮಕರ,06:46,18:17,ಾಸ ಅರಿಯದವನು ಇತಿಹಾಸವನು ಸೃಷಿ,ರಥ ಸಪ್ತಮಿ,ಸೂರ್ಯ ನಮಸ್ಕಾರ ದಿನ,ಸಂಕೇಶ್ವರ,ಶಂಕರಲಿಂಗೇಶ್ವರ ರಥ ಪೂಜೆ,ಹೊನ್ನಾವರ ತಾ.,ಇಡಗುಂಜಿ ಗಣಪತಿ,ಹಾನಗಲ್ಲ ತಾ. ಬೆಳಗಾಲ,ಪೇಟೆ ವೀರಭದ,ರಥಗಳು.,,,,,ಸಪ್ತಮಿ,23.11,ರೇವತಿ,13.36,ಸಿದ್ದ,11.46,ಗರಜ,11.59,ಉತ್ತರಾಯಣ,ಸೌರ ಶಿಶಿರ,12,ಶುಕ್ಲ,ಮಕರ,13.36,ಸ.,04:30,06:00,,,,ಮ.,65:08,04:36,,,,ಮ.,12:00,01:30,,,,ಮ.,10:30,12:00,,,,ಬೆ.,11:15,12:49,,,,ದಯೆ,ಪ್ರೋತ್ಸಾಹ,ಆಸಕ್ತಿ,ಭಯ,ಉಡುಗೊರೆ,ಸಂತೋಷ,ಸಹಾಯ,ಖರ್ಚು,ಭಕ್ತಿ,ಅಭಿವುದಿ,ಪ್ರಯತ್ನ,ಪ್ರೀತಿ
25-02-2026,data\2026\02\25-02-2026.jpg,,ವಿಶ್ವಾವಸು,1947,ಮಕರ/ ಕುಂಭ,06:37,18:27,"ಕೆಗಳೇ ಸತ್ತು ಹೋದ ಮೇಲೆ, ಅಮೃತ ಸಿಕ್ಕರೇನು ಃ",ಶ್ರೀ ಹರಿ ಜಯಂತಿ,ಅಡವಿಸಿದ್ದೇಶ್ವರ ಜಾತ್ರೆ ಅಂಕಲಗಿ,ತಾ. ಗೋಕಾಕ,ಮುರನಾಳ ತಾ. ಬಾಗಲಕೋಟೆ ಶ್ರೀ,ಮುಳಿಯಪ್ಪ,ಬರಿಯಾರು,ಕೊಗ್ಗೆ ಮಾಡದ,ದುರ್ಗಾಂಬಾ ರಥಗಳು.,,,,,,ನವಮಿ,26.41,ರೋಹಿಣಿ,13.39,ವಿಷ್ಕಂಭ,25.25,ಬಾಲವ,15.47,ಉತ್ತರಾಯಣ,ಸೌರ ವಸಂತ,13,ಶುಕ್ಲ,ಕುಂಭ,ವೃಷಭ,ಮ.,12:00,01:30,,,,ಬೆ.,1013,12:00,,,,ಬೆ.,07:30,09:00,,,,ಬೆ.,06:00,07:30,,,,ಬೆ.,10:38,12:08,,,,ಪಗತಿ,ಕರ್ತಿ,ಕುತೂಹಲ,ವಿಳಂಬ,ಲಾಭ,ದಯ,ಭಯ,ಉಡುಗೊರೆ,ಚಿಂತೆ,ಅಲೆದಾಟ,ಸಾಲ,ಯಶಸ್ಸು
25-03-2026,data\2026\03\25-03-2026.jpg,ವಿಶ್ವಾವಸು ಪರಾಭವ,ವಿಶ್ವಾವಸು ಪರಾಭವ,1947,ಕುಂಭ/ಮೀನ,06:20,18:30,ವೀಯತೆಯು ಶತ್ರುವನ್ನುಮಾಡದೆ ಪ್ರೀತಿಯನ್ನುಮಾಃ,ಶ್ರೀ ಭವಾನಿಜಯಂತಿ,ಹೊನ್ನಹಳ್ಳಿ ತಾ. ಹುಕ್ಕೇರಿ,ಜಂಗಲಿಪೀಥ ಬಾಬಾ ಉರುಸು,ವಾಸಂತಿ ದುರ್ಗಾ,ಪೂಜಾರಂಭ,ಕಿಕ್ಕೇರಿ ಮಹಾಲಕ್ಷ್ಮೀ ಉತ್ಸಾವಾರಂಭ.,ಆನೇಕಲ್ಲು ತೀಮ್ಮರಾಯ ರಥ.,,,,,,,ಸಪ್ತಮ,13.51,ಮೃಗಶಿರಾ,17.34,ಸೌಭಾಗ್ಯ,27.0,ವಿಷ್ಟಿ,24.45,ಉತ್ತರಾಯಣ,ಸೌರ ವಸಂತ,11,ಕೃಷ್ಣ,ಮೀನ,ಮಿಥನ,ಮ.,12:00,01:30,,,,ಬೆ.,10:30,12:00,,,,ಬೆ.,07:30,09:00,,,,ಬೆ.,06:00,07:30,,,,ಬೆ.,09:19,10:49,,,,* ಸಂತೋಷ,ಲಾಭ,ಸ್ನೇಹ,ಪ್ರೀತಿ,ಪ್ರೀತಿ,ಆಸೆ,ಪ್ರತಿಭೆ,ಕರ್ತಿ,ಒಳ್ಳೆಯದು,ಶಾಂತಿ,ಅಭಿವೃದ್ದಿ,ಒಳ್ಳೆಯಸುದ್ದಿ
25-04-2026,data\2026\04\25-04-2026.jpg,ಚೈತ್ರ|ವೈಶಾಖ,ಪರಾಭವ,1948,ಮೀನ/ಮೇಷ,06:01,18:33,ದುಕಿರುವುದು ಒಂದು ದಿನ ಸಾಯುವುದಕ್ಕಲ್ಲ ಏನಾದರೂ ಸಾಧಿ:,2ನೇ ಶನಿವಾರ,ವಷಿಷ್ಠ ಖಷಿ ಜಯಂತಿ,ಸೀತಾನವಮಿ,ಜಾನಕಿ ಜನ್ಮ. ರೋಣ ಬಸವೇಶ್ವರ,ವೀರಭದ್ರ ರಥ,ಗದಗ ತಾ. ಹರ್ಲಾಪುರ ಶ್ರೀ ರಾಮ,ಕರುಣಾನಂದ ಜಾತ್ರೆ,ವಿಶ್ವ ಮಲೇರಿಯಾ ದಿನ,,,,,,ನವಮಿ,18.29,ಆಶ್ಚೇಷಾ,20.05,ಗಂಡ,23.43,ಬಾಲವ,06.51,ಉತ್ತರಾಯಣ,ಸೌರ ಗ್ರೀಷ್ಮ,12,ಶುಕ್ಲ,ಮೇಷ,ಕರ್ಕ,ಬೆ.,09:00,10:30,,,,ಬೆ.,06:00,07:00,,,,ಮ.,01:30,05:00,,,,ಮ.,12:06,01:30,,,,ಸ.,06:29,08:04,,,,ಯಶಸ್ಸು,ಲಾಭ,ಅಭಿವೃದ್ದಿ,ಶಾಂತಿ,ಸಂತೋಷ,ಸಾಲ,ಗಮನ,ಸಂತೋಷ,ಯಶಸ್ಸು,ಪ್ರೀತಿ,ಸೌಮ್ಯತ,ಸ್ನೇಹ
25-05-2026,data\2026\05\25-05-2026.jpg,ವೈಶಾಖ|ಅಧಿಕ ಜ್ಯೇಷ್ಠ,ಪರಾಭವ,1948,ಮೇಷ/ವೃಷಭ,05:52,18:40,ಜಗತ್ತಿನಲ್ಲಿಯಾರೂ ಪರಿಪೂರ್ಣರಲ್ಲ,ಗಂಗಾ ದಶರಹಾ ಸಮಾಪ್ತಿ. ರೋಹಿಣಿ ಮಳೆ,ಪ್ರಾರಂಭ.,,,,,,,,,,,,ದಶಮಿ,29.11,ಉತ್ತರಾ,28.0,ಶಜ್ರ,02.15,ತೈಕಿಲ,16.47,ಉತ್ತರಾಯಣ,ಸೌರ ಗ್ರೀಷ್ಮ,11,ಕೃಷ್ಣ,ವಷಭ,ಸಿಂಹ,ಬೆ.,07:30,09:00,,,,ಮ.,01:30,03:00,,,,ಬೆ.,10:30,12:00,,,,ಬೆ.,09:00,10:30,,,,ರಾ.,08:33,10:14,,,,ಯಶಸ್ಸು,ಮೆಚ್ಚುಗೆ,ಸಾಲ,ಒಳ್ಳೆಯದು,ಲಾಭ,ಸಂತೋಷ,ಲಾಭ,ಉಡುಗೊರೆ,ಅನುಕೂಲ,ಸಂತೋಷ,ಸಂತೋಷ,ಗೌರವ
25-06-2026,data\2026\06\25-06-2026.jpg,ಅ.ಜ್ಯೇಷ್ಠ/ನಿ.ಜ್ಯೇಷ್ಠ,ಪರಾಭವ ನಾಮ,1948,ವೃಷಭ/ಮಿಥುನ,05:55,18:40,ಸಹಾಯ ಮಾಡುವುದೇ ನಿಜವಾದ,ನಿರ್ಜಲಾ ಏಕಾದಶಿ,ಭದ್ರಕಾಲಿ ಏಕಾದಶಿ,ಶ್ರೀ,ಮಾಧವಾನಂದ ಪ್ರಭು ಪು.ತಿ. ಇಂಚಗೇರಿ ತಾ. ಇಂಡಿ,ಶ್ರೀರಂಗಪಟ್ಟಣ ನೃಸಿಂಹ ರಥ,ಗಾಯತ್ರಿ ಜಯಂತಿ,ಕತ್ತಲ ರಾತ.,,,,,,,ಏಕಾದಶಿ,20.10,ಸ್ವಾತಿ,10.29,ಶಿವ,10.54,ವಣಿಜ,07.09,ದಕ್ಷಿಣಾಯನ,ಸೌರ ವರ್ಷಾ,11,ಶುಕ್ಲ,ಮಿಥುನ,ತುಲಾ,ಮ.,01:30,03:00,,,,ಬೆ.,09:00,10:30,,,,ಬೆ.,06:00,07:30,,,,ಮ.,03:00,04:30,,,,ಬೆ.,06:46,08:32,,,,ಪ್ರೀತಿ,ದುರಾಸೆ,ಸರ್ಧೆ,ಅನುಕೂಲ,ಅಭಿವೃದ್ದಿ,ಬ ಸಾಲ್‌,ಖರ್ಚು,ಭರವಸೆ,ಪ್ರೋತ್ಸಾಹ,ಆಲೋಚನೆ,ಪ್ರಯತ್ನ,ಪ್ರೀತಿ
25-07-2026,data\2026\07\25-07-2026.jpg,ನಿಜ ಜ್ಯೇಷ್ಠ/ಆಷಾಢ,ಪರಾಭವ,1948,ಮಿಥುನ/ಕರ್ಕ,06:03,18:48,ಸಹನ * ಶ್ರಮ ಯಶಸ್ತು,4ನೇ ಶನಿವಾರ,ದೇವಶಯನಿ,ವೈಷ್ಣವಾಲಯ,ಡೋಲೋತ್ಸವ,ಪಂಢರಪೂರ ಯಾತ್ರೆ,ಹೊಸಹೊಳಲು,ಲಕ್ಷ್ಮೀ ನಾರಾಯಣ ಉಯ್ಯೂಲೋತ್ಸವ,ಮಾಲೇಕಲ್ಲು,ತೀರುಪತಿ ವೆಂಕಟರಮಣ ರಥ.,,,,,ಏಕಾದಶಿ,11.35,ಜ್ಯೇಷ್ಠಾ,FULL DAY,ಬ್ರಹ್ಮಾ,21.6,ಬವ,24.47,ದಕ್ಷಿಣಾಯನ,ಸೌರ ವರ್ಷಾ,10,ಶುಕ್ಲ,ಕರ್ಕ,ವೃಶ್ಚಿಕ,ಬೆ.,09:00,10:30,,,,ಬೆ.,06:00,07:30,,,,ಮ.,01:30,03:00,,,,ಮ.,12:00,01:30,,,,ಮ.,09:41,11:29,,,,ಒಳ್ಳೆಯ ಕೆಲಸ,ಸೌಮ್ಯತೆ,ಶೇಷತೆ,ಕುತ್ಸಾಹ,ಯಶಸ್ಸು,ಅನಾರೋಗ್ಗ,ತೊಂದರೆ,ಅಭಿವೃದ್ದಿ,ಆಸಕ್ತಿ,ಸ್ಪೇಹ,ಆತಂಕ,ಸಂತೋಷ
25-08-2026,data\2026\08\25-08-2026.jpg,ಆಷಾಢ|ಶ್ರಾವಣ,ಪರಾಭವ,1948,ಕರ್ಕ/ಸಿಂಹ,06:08,18:25,ಬೆವರು ಸುರಿಸಿದವನಿಗೆ ಫಲ ತಪ್ಪದು,ತ್ರಯೋದಶಿ ವೃದ್ಧಿ,ಭೌಮ ಪ್ರದೋಷ. ಮಂಗಳಾ ಗೌರಿ,ಪೂಜೆ. ಘಬಾಡ ಪ್ರಾರಂಭ,ಭ. ಜಿವ್ಹೇಶ್ವರ ಜಯಂತಿ.,ನರಹರಿ ಸೋನಾರ ಜಯಂತಿ. ನಚ್ಚಿಯಾರ ಗುಡಿ ಪುಷ್ಪ,ಪಲ್ಲಕ್ಕಿ ಉತ್ಸವ. ಶಿವಯೋಗಿ ಪು.ತಿ. ನಿಪ್ಪಾಣಿ,,,,,,,,ದ್ವಾದಶಿ,06.21,ಉ.ಷಾ,22.51,ಆಯುಪ್ಮಾನ,07.41,ಕೌಲವ,19.14,ದಕ್ಷಿಣಾಯನ,ಸೌರ ಶರದ,9,ಶುಕ್ಲ,ಸಿಂಕ್‌,ಮಕರ,ಮ.,03:00,04:30,,,,ಮ.,12:00,01:30,,,,ಬೆ.,09:00,10:30,,,,ಬೆ.,07:30,00,,,,ಮ.,03:49,05:34,,,,ಲಾಭ,ಒಳ್ಳೆಯ ಕೆಲಸ,ಸ್ಪರ್ಧೆ,ಕುತೂಹಲ,ಗಮನ,ಸಹಾಯ,ಸ್ನೇಹ,ಉತ್ಸಾಹ,ಯಶಸ್ಸು,ಒಳ್ಳೆಯದು,ಯಶಸ್ಸು,ಸಂತೋಷ
25-09-2026,data\2026\09\25-09-2026.jpg,ಶ್ರಾವಣ/ಭಾದ್ರಪದ,ಪರಾಭವ,1948,ಸಿಂಹ/ಕನ್ಯಾ,06:08,18:13,ಗೆ ವಿಶ್ರಾಂತಿ ಕೊಡುವುದು ಕೂಡ ಧ್ರೈಯ,ಅನಂತಚತುರ್ದಶಿ ವ್ರತ,ಮೃತ್ತಿಕಾ ಗಣಪತಿ ವಿಸರ್ಜನೆ,ಅನಂತನ,ಹುಣ್ಣಿಮೆ,ಚಿದಂಬರನಗರ ಪರಮೇಶ್ವರ ದಿಕ್ಷೀತ ಪುಣ್ಯ ತಿಥಿ,ಚಿಮ್ಮಡ ಪ್ರಭೂದೇವ ಜಾತ್ರೆ,ಯಲಬುರ್ಗಾ ತಾ. ಕಲ್ಲೂರು,ಹಿರೇಮಠದ ಲಿಂ,ಶ್ರೀ ಗುರು ವಿರುಪಾಕ್ಷೇಶ್ವರ ಸ್ವಾಮಿಗಳ ಪು.ದಿ.,,,,,ಚುತುರ್ದಶಿ,23.07,ಶತಭಿಷಾ,11.23,ಶೂಲ,14.51,ಗರಜ,11.18,ದಕ್ಷಿಣಾಯನ,ಸೌರ ಶರದ,9,ಶುಕ್ಲ,ಕನ್ನಾ,ಕುಂಭ,ಬೆ.,10:30,12:00,,,,ಬೆ.,07:30,09:00,,,,ಮ.,03:00,04:30,,,,ಮ.,01:30,03:00,,,,ಬೆ.,03:56,05:35,,,,ಕರುಣೆ,ಅಭಿವೃದ್ದಿ,ದಯ”,ಕಾಟರ್ಕು ಆಯಾಸ,ಭಯ,ಬುದ್ದಿವಂತಿಕೆ,ಕೋಪ,ಆನಂದ,ಭಕ್ತಿ,ಯಶಸ್ಸು,ಸಂಪತ್ತು,ಬಲ
25-10-2026,data\2026\10\25-10-2026.jpg,ಭಾದ್ರಪದ/ಅಶ್ವೀನ,ಪರಾಭವ,1948,ಕನ್ಯಾ/ ತುಲಾ,06:11,17:55,"ೇವನ ನಿನ್ನನ್ನು ಪರೀಕ್ಷಿಸುತ್ತದೆ, ನೀನು ನಿನ್ನನ್ನು ಸಾಬೀತ.",ಕೋಜಾಗರಿ,ವ್ರತ ಹುಣ್ಣಿಮೆ,ವಾಲ್ಮೀಕಿ ಜಯಂತಿ,ಅನ್ವಾಧಾನ,ಕುಲಧರ್ಮ,ಅನ್ನಾಭಿಷೇಕ,ಶ್ರೀ ರಾಮತೀರ್ಥರ,ಆರಾಧನೆ,ಕೋಜಾಗೌರಿ ವ್ರತ,ತುಳಜಾಪೂರ ಭವಾನೀದೇವಿ,ಉತ್ಸವ,ಆಕಾಶ ದೀಪದಾನ.,,ಚತುರ್ದಶಿ,11.57,ರೇವತಿ,19.22,ಹರ್ಷಣ,17.22,ವಿಷ್ಟಿ,2.53,ದಕ್ಷಿಣಾಯ,ರ್ದಶಿ 11.57,9,ಶುಕ್ಲ,ತುಲಾ,ಮೀನ,ಸ.,04:30,06:00,,,,ಮ.,5:00,64:30,,,,ಮ.,12:00,01:30,,,,ಬೆ.,16:36,12,,,,ಸ.,05:05,06:36,,,,ಸಂತೋಷ,ಸ್ನೇಹ,ಒಳ್ಳೆಯದು,ಪ್ರೋತ್ಸಾಹ,ಅತಂಕ,ಸಕ್ತಿ,ಪ್ರಯತ್ನ,ಗಮನ,ಖರ್ಚು,ತಾಳ್ಮೆ,ಭಕ್ತಿ,ಲಾಭ
25-11-2026,data\2026\11\25-11-2026.jpg,ಅಶ್ವೀನ|ಕಾರ್ತಿಕ,ಪರಾಭವ,1948,ತುಲಾ/ವೃಶ್ಚಿಕ,06:22,17:50,ತಾಳಿದವನು ಬಾಳಿಯಾನು,ಸ್ಪಷ್ಟ ರಾಹು ಮಕರದಲ್ಲಿ,ಕೇತು ಕರ್ಕದಲ್ಲಿ,ಇಷ್ಟಿ.,ಕೊಡೇಕಲ್ಲ ತಾ. ಸುರಪುರ ಬಸವೇಶ್ವರ,ಚಿಕ್ಕ ಉಪ್ಪೇರಿ,ತಾ. ಲಿಂಗಸೂಗುರು ಶ್ರೀ ಸದಾನಂದ ಗುರು ಶ್ರೀ,ಸದಾನಂದ ಜಾತ್ರೆಗಳು.,,,,,,,ಪ್ರತಿಪದಾ,16.51,ರೋಹಿಣಿ,20.36,ಶಿವ,12.00,ತ,06.38,ದಕ್ಷಿಣಾಯನ,ಸೌರ ಹೇಮಂತ,10,ಕೃಷ್ಣ,ವೃಶ್ಚಿಕ,ವೃಷಭ,ಮ.,12:00,01:30,,,,ಮ.,1013,12:00,,,,ಬೆ.,07:30,09:00,,,,ಬೆ.,06:00,07:30,,,,ಸ.,05:46,07:11,,,,ಯಶಸ್ಸು,ಭಯ,ಅಬಿವುದಿ,ಅನುಕೂಲ,ಆತಂಕ,ಪ್ರೋತ್ಸಾಹ,ಶಾಂತಿ,ತೊಂದರೆ,ನಿರಾಶೆ,ಖರ್ಚು,ವಿಳಂಬ,ಸಾಲ
26-01-2026,data\2026\01\26-01-2026.jpg,ಪುಷ್ಯ/ಮಾಘ,ವಿಶ್ವಾವಸು,1947,: ಇ ಇದನು/ಮಕರ,06:46,18:18,ಲ್ಲರಿಗೂ ಗಣರಾಜ್ಕ್ಯೋತ್ಸವಧ ಶುಭಾಶಯಗಳ,ಗಣರಾಜ್ಯೋತ್ಸವ ದಿನ,ಸಂಗೋಳ್ಳಿ ರಾಯಣ್ಣ,ಪು.ದಿನ,ಅದೈಶ್ಯ' ಶಿವಯೋಗಿ ಹಾಗೂ ಶ್ರೀ ರಾಮ,ಮಂಡಿರ ಬಾಳಪ್ಪಜ್ಜನ ಪ್ರ.ಶ ಗೃದರ್ಲಹಳ್ಳಿ,ಹೊನ್ನಾವರ ತಾ. ಹೊಸಕುಳಿ -ಈಶರ ಜಾತೆ.,,,,,,,,ಅಷ್ಟಮಿ 2110,21.19,ಅಶ್ವಿನಿ ವ,12.33,ಸಾಧ್ಯ,09.11,''ಪಿಷ್ಟಿ,10.17,ಉತ್ತರಾಯಣ,ಸೌರ ಶಿಶಿರ,13,ಶುಕ್ಲ,ಮಕರ,ಮೇಷ,ಬೆ.,07:30,09:00,,,,ಮ.,01:30,03:00,,,,ಮ.,10:30,12:00,,,,ಬೆ.,09:00,10:30,,,,ಬೆ.,05:39,07:11,,,,ಅಭಿವೃದ್ದಿ,ಸಂಪತ್ತು,ಭಕ್ತಿ,ಯಶಸ್ಸು,ಸಹಾಯ,ಬಲ,ಮೆಚ್ಚುಗೆ,ವಿನಯ,ಆಸಕ್ತಿ,ಫ್ರೀತಿ,ಸ್ಪರ್ಧೆ,"*», ಸಾಲ"
26-02-2026,data\2026\02\26-02-2026.jpg,,ವಿಶ್ವಾವಸು,1947,ಮಕರ/ ಕುಂಭ,06:37,18:28,ಯತ್ನಾಗಿ ಇರ್ತಿವೋ ಅಲ್ಲೇ ತುಂಬಾ ನೋವು ಸಿಗೆ,ಸ್ವಾ.ಸಾವರಕರ ಪುಣ್ಯದಿನ,ತೊಗರ್ಸಿ ತಾ. ಶಿಕಾರಿಪುರ,ಶ್ರೀ ಮಲ್ಲಿಕಾರ್ಜುನಸ್ವಾಮಿ ದೊಡ್ಡ ರಥ,ಸೋಗಲಸೊಳೆಮೇಶ್ವರ ರಥೋತ್ಸವ,ಸಿರ್ಲಿ ತಾ.,ಚಿಕ್ಕೋಡಿ ದತ್ತ ಉತ್ಸವ,,,,,,,,ದಶಮಿ,24.34,ಮೃಗಶಿರಾ,12.12,ಶ್ರೀತಿ,02.33,ತೈತಿಲ,13.37,ಉತ್ತರಾಯಣ,ಸೌರ ವಸಂತ,14,ಕೃಷ್ಣ,ಕುಂಭ,ಮಿಥುನ,ಮ.,01:30,03:00,,,,ಬೆ.,09:00,10:30,,,,ಬೆ.,06:00,07:30,,,,ಮ.,03:00,04:30,,,,ಬೆ.,03:55,05:25,,,,ಯಶಸು,ಒಳ್ಳೆಯದು,ಸೌಮತೆ,ಪ್ರಯತ್ರ,ಪ್ರೀತಿ,ಬುದ್ದಿವಂತಿಕ,* ಸಂತೋಷ,ಸ್ನೇಹ,ಸರ್ಧೆ,ೃಾಂತಿ,ಅಭಿವೃದ್ಧಿ,ಗೊಂದಲೆ
26-03-2026,data\2026\03\26-03-2026.jpg,ವಿಶ್ವಾವಸು ಪರಾಭವ,ವಿಶ್ವಾವಸು ಪರಾಭವ,1947,ಕುಂಭ/ಮೀನ,06:20,18:30,ೀ ಪ್ರತಿಯೊಬ್ಬವ್ಯಕ್ತಿಯ ಜೀವನದ ಹಿಂದೆ ಬೆಟ್ಟದಷ್ಟು ಕಷ್ಟಗಳು ಇ!,ಶ್ರೀ ರಾಮ ನವಮಿ,ದುರ್ಗಾಷ್ಟಮಿ,ಭವಾನಿದೇವಿ,ಪ್ರಕಟದಿನ,ಡಂಬಳ ಬಸವೇಶ್ವರ ಜಾತ್ರೆ,ಶಿರಸಿ ತಾ.,ಅಂಡಗಿ ಶ್ರೀ ಗುರುಮಠದಲ್ಲಿ ಪು.ತಿ,ಸೋಹಳಾ ಬಂಜಾರಾ,ಉತ್ಸವ ಪೋಹರಾಗಡ ಆರಂಭ.,,,,,ಅಷ್ಟಮಿ,11.49,ಆರ್ದ್ರಾ,16.19,ಶೋಭನ,25.32,ಬಾಲವ,02.55,ಉತ್ತರಾಯಣ,ಸೌರ ವಸಂತ,1,ಶುಕ್ಲ,ಮೀನ,ಮಿಥನ,ಮ.,01:30,03:00,,,,ಬೆ.,09:00,1013,,,,ಬೆ.,06:00,07:30,,,,ಮ.,05:00,,,,,ಸ.,04:06,05:35,,,,ಸಾಲ,ಆಸೆ,ಒಳ್ಳೆಯದು,ಸ್ನೇಹ,ಶಾಂತಿ,ಕೀರ್ತಿ,ಪ್ರತಿಭೆ,ಲಾಭ,ಅಭಿವೃದ್ದಿ,ಪ್ರೋತ್ಸಾಹ,ಸಂತೋಷ,ಪ್ರೀತಿ
26-04-2026,data\2026\04\26-04-2026.jpg,ಚೈತ್ರ|ವೈಶಾಖ,ಪರಾಭವ,1948,ಮೀನ/ಮೇಷ,06:01,18:23,ಸೋಲು ಗೆಲುವಿನ ಮೊದಲ ಹೆಜ್ಜೆ,ಶ್ರೀ ಗುರುನಾಥ ರೂಢ ಸ್ವಾಮಿ ಪು.ತಿ,ಶ್ರೀ ವಾಸವಿ,ಜಯಂತಿ ಕಲ್ಯಾಣೋತ್ಸವ,ಹುಬ್ಬಳ್ಳಿ,ಶ್ರೀವಾಸವಿ,ನಿಮಿಷಾಂಬಾ,ವಾಸನಾಂಬ ಜಯಂತಿಗಳು. ಶ್ರೀ,ಮಹಾಲಕ್ಷ್ಮೀ ಜಾತ್ರೆ ಉಗಾರ ಖುರ್ದ ತಾ. ಅಥಣಿ.,,,,,,ದಶಮಿ,18.07,ಮಘಾ,20.27,ವೃಡ್ವಿ,2.28,ತೈತಿಲ,06.14,ಉತ್ತರಾಯಣ,ಸೌರ ಗ್ರೀಷ್ಮ,13,ಶುಕ್ಲ,ಮೇ,ಸಿಂಹ,ಸ.,04:30,06:00,,,,ಮ.,65:00,64:30,,,,ಮ.,12:00,01:30,,,,UNKNOWN,16:56,12:06,,,,ಸ.,06:01,07:38,,,,ಸಮಸ್ಯೆ,ಪ್ರೋತ್ಸಾಹ,ನಿರಾಶೆ,ಅಭಿವೃದ್ದಿ,ಲಾಭ,ಖರ್ಚು,ಸಂತೋಷ,ಆತಂಕ,ಅನುಕೂಲ,ಸಂತೋಷ,ಯೋಗ,ಕೋಪ
26-05-2026,data\2026\05\26-05-2026.jpg,ವೈಶಾಖ|ಅಧಿಕ ಜ್ಯೇಷ್ಠ,ಪರಾಭವ,1948,ಮೇಷ/ವೃಷಭ,05:52,18:40,"ಲು ಅಂತ್ಯವಲ್ಲ, ಅದು ಹೊಸ ಪ್ರಯತ್ನದ ಆರ",ವರದರಾಜಸ್ವಾಮಿ ಜಯಂತಿ,,,,,,,,,,,,,ಏಕಾದಶಿ ಫೂರ್ಣ,FULL DAY,ಹಸ್ತ,FULL DAY,ದ್ಧ,07.16,ವಣಿಜ,17.43,ಉತ್ತರಾಯಣ,ಸೌರ ಗ್ರೀಷ್ಮ,12,ಶುಕ್ಲ,ವೃಷಭ,ಕನ್ಯಾ,ಮ.,03:00,04:30,,,,ಮ.,12:00,01:30,,,,ಬೆ.,09:00,10:30,,,,ಬೆ.,0713,09:00,,,,UNKNOWN,11:29,01:13,,,,ಸಹಾಯ,ಭಕ್ತಿ,ಅಭಿವುದ್ದಿ,ಕೋಪ್ಪ,ಆನಂದ,ನಿಷೇಧ,ಯಶಸ್ಸು,ಪ್ರೀತಿ,ಆಸಕ್ತಿ,ಪ್ರಯತ್ನ,ಗೊಂದಲ,ಶ್ರೇಷ್ಠತೆ
26-06-2026,data\2026\06\26-06-2026.jpg,ಅ.ಜ್ಯೇಷ್ಠ/ನಿ.ಜ್ಯೇಷ್ಠ,ಪರಾಭವ ನಾಮ,1948,ವೃಷಭ/ಮಿಥುನ,05:55,18:40,"ಾೀತಾಗ ಕುಗ್ಗಬೇಡ, ಗೆದ್ದಾಗ ಬೀಗಬೇ",ಮೊಹರಂ ಕೊನೆಯ ದಿನ,ಸತ್ಯಗಾಲ ವರದರಾಜ,ರಥೋತ್ಸವ,ಅಂತರಾಷ್ಟ್ರೀಯ ಅಮಲಿ ಪದಾರ್ಥ,ಸೇವನ ವಿರೋಧಿ ದಿನ,ದೊಹರಮ ಕೊನೆಯ ದಿನ,ಮೈಸೂರು ತಿಲಕ್‌ ನಗರ ಶ್ರೀ ಅಮ್ಮನವರ ವರ್ದಂತಿ.,,,,,,,ದ್ವಾದಶಿ,22.23,ವಿಶಾಖಾ,19.16,ಸಿದ್ದ,11.36,ಬವ,09.15,ದಕ್ಷಿಣಾಯನ,ಸೌರ ವರ್ಷಾ,12,ಶುಕ್ಲ,ಮಿಥುನ,ತುಲಾ,ಬೆ.,10:30,12:00,,,,ಬೆ.,07:30,09:00,,,,ಮ.,03:00,04:30,,,,ಮ.,01:30,03:00,,,,ಬೆ.,09:26,11:14,,,,ನಿರಾಶೆ,ಜೀವನ,ಸೌಮೃ್ಯತೆ,ಭಯ,ನಿಷೇಧ,ಖರ್ಚು,ಬಲ,ಕಷ್ಟ,ಲಾಭ,ಲಾಭ,ಯಶಸ್ಸು,ಸಾಲ
26-07-2026,data\2026\07\26-07-2026.jpg,ನಿಜ ಜ್ಯೇಷ್ಠ/ಆಷಾಢ,ಪರಾಭವ,1948,ಮಿಥುನ/ಕರ್ಕ,06:04,18:48,"ಸ್ಪುತಡವಾಗಬಹುದು, ಆದರೆ ತಪ್ಪು",ವಿಷ್ಣುಶಯನೋತ್ಸವ,ಶನಿವಕ್ರಿ,ಪರಮೇಶ್ವರಿ ದೇವಿ,ಜನ್ಮದಿನ,ವಾಮನ ಪೂಜೆ,ಗೋ ಪದ್ಮವ್ರತಾರಂಭ,ಸೌಂದತ್ತಿ ಸೋಗಲ ಸೋಮೆಶ್ವರ ರಥೋತ್ಸವ,ಚಿಕ್ಕ,ನಾಯಕಯಕನಹಳ್ಳಿ ಹಳೆಯೂರು ಶ್ರೀ ಆಂಜನೇಯ ರಥ,,,,,ದ್ವಾದಶಿ,13.58,ಜ್ಯೇಷ್ಠಾ,07.35,ಐಂದ್ರ,22.05,ಕೌಲವ,27.08,ದಕ್ಷಿಣಾಯನ,ಸೌರ ವರ್ಷಾ,11,ಶುಕ್ಲ,ಕರ್ಕ,ವೃಶ್ಚಿಕ,ಮ.,04:30,06:00,,,,ಮ.,05:00,04:30,,,,ಮ.,12:00,01:30,,,,ಬೆ.,10:30,12:00,,,,UNKNOWN,,,,,,ತಾಳ್ಮೆ,ಪ್ರೀತಿ,ಶಾಂತಿ,ಉಡುಗೊರೆ,ಲಾಭ,ಒಳ್ಳೆಯದು,ಕರುಣೆ,ಸಹಾಯ,ಯಶಸ್ಸು,ಚಿಂತೆ,ಅಭಿವೃದ್ಧಿ,ಪ್ರೋತ್ಸಾಹ
26-08-2026,data\2026\08\26-08-2026.jpg,ಆಷಾಢ|ಶ್ರಾವಣ,ಪರಾಭವ,1948,ಕರ್ಕ/ಸಿಂಹ,06:08,18:34,ಅನುಭವವೇ ದೊಡ್ಡಗುರು,ಈದ್‌ ಮಿಲಾದ್‌,ಓಣಂ,ಮಹಿಳಾ ಸಮಾನತೆ ದಿನ,ಮದರ್‌ ತೆರೇಸಾ ಅವರ ಜನ್ಮದಿನ,ವಿಶ್ಠ ಶ್ವಾನ ದಿನ,ಬುಧ ಪೂಜೆ,ಖುಕ ಶ್ರಾವಣಿ: ಅಂಗಾರಕೆ ಜಯಂತಿ,,,,,,,ತ್ರಯೋದಶಿ,08.0,ಶ್ರವಣ,24.48,ಸೌಭಾಗ್ಯ,07.59,ಗರಜ,20.38,ದಕ್ಷಿಣಾಯನ,ಸೌರ ಶರದ,10,ಕೃಷ್ಣ,ಸಿಂಕ್‌,ಮಕರ,ಮ.,12:00,01:30,,,,ಬೆ.,1013,12:00,,,,ಬೆ.,07:30,09:00,,,,ಬೆ.,06:00,07:30,,,,ಮ.,01:33,03:17,,,,ಸಂತೋಷ,ಯಶಸ್ಸು,ಸಮಸ್ಥೆ,ಅನುಕೂಲ,ಸಾಲ,ಭಯ,ಪ್ರತಿರೋಧ,ತೊಂದರೆ,ಪ್ರೋತ್ಸಾಹ,ಲಾಭ,ಪ್ರತಿಭೆ,ಲಾಭ
26-09-2026,data\2026\09\26-09-2026.jpg,ಶ್ರಾವಣ/ಭಾದ್ರಪದ,ಪರಾಭವ,1948,ಸಿಂಹ/ಕನ್ಯಾ,06:08,18:13,"ಕತ್ತಲು ಅನ್ನಿಸಿದರೂ, ಬೆಳಕು ಬರೋದು $",ಪ್ರೌಷ್ಠಪದಿ ಹುಣ್ಣಿಮೆ,4ನೇ ಶನಿವಾರ,ಶ್ರೀ,ಉಮಾಮಹೇಶ್ವರ ವ್ರತ,ಶ್ರೀಯಾದವಾರ್ಯರ,ಆರಾಧನೆ,ಮಹಾಲಿಂಗೇಶ್ವರ ರಥ.,,,,,,,ಹುಣ್ಣಿಮೆ,22.19,ಪೂ.ಭಾ,11.32,ಗಂಡ,13.18,ವಿಷ್ಟಿ,10.47,ದಕ್ಷಿಣಾಯನ,ಸೌರ ಶರದ,10,ಶುಕ್ಲ,ಕನ್ನಾ,ಮೀನ,ಬೆ.,09:00,10:30,,,,ಬೆ.,06:00,07:30,,,,ಮ.,01:30,03:00,,,,ಮ.,12:00,01:30,,,,ಬೆ.,03:28,05:05,,,,ಯಶಸ್ಸು,ಕೋಪ,ಬಯ,ಕಾಟರ್ಕು ಸ್ಪರ್ಧ,ಖರ್ಚು,ಸಂತೋಷ,ಬಲ,ಸ್ನೇಹ,ಶಾಂತಿ,ಕೀರ್ತಿ,ಪ್ರೋತ್ಸಾಹ,ಸೌಮ್ಯತೆ
26-10-2026,data\2026\10\26-10-2026.jpg,ಭಾದ್ರಪದ/ಅಶ್ವೀನ,ಪರಾಭವ,1948,ಕನ್ಯಾ/ ತುಲಾ,06:11,17:55,ಚಿಕ್ಕಹೆಜ್ಜೆಗಳು ಕೂಡ ದೊಡ ಬದಲಾವಣೆ ತರ,ಶೀಗಿ ಹುಣ್ಣಿಮೆ,ಹಾಲಸಿದ್ದನಾಥ ಉತ್ಸವ ಕುರ್ಲಿ ಮತ್ತು,ಅಪ್ಪಾಚಿವಾಡಿ ತಾ. ಚಿಕ್ಕೋಡಿ,ಹುಣಿಸಿವಾರಿ ಸಪ್ತಾಹ,ಪ್ರಾರಂಭ,ದೀಪದಾನ,ನವಾನ್ನ ಭಕ್ಷಣ,ಹೂವಿನ ಹಡಗಲಿ,ತಾ. ಸೋಗಿಬೆಟ್ಟದ ಮಲ್ಲೇಶ್ನರ ರಥ.,,,,,ಹುಣ್ಣಿಮೆ,09.42,ಅಶ್ವಿನಿ,17.41,ವಜ್ರ,14.17,ಬಾಲವ,20.24,ದಕ್ಷಿಣಾಯ,ಸೌರ ಹೇಮಂತ,10,ಶುಕ್ಲ,ತುಲಾ,ಮೇಷ,ಬೆ.,07:30,09:00,,,,ಮ.,0113,03:00,,,,ಬೆ.,16:30,12:60,,,,ಬೆ.,09:00,10:30,,,,ಬೆ.,10:59,12:28,,,,ಅಭಿವೃದ್ದಿ,ಖರ್ಚು,ಒಳ್ಳೆಯ ಕೆಲಸ,ಕಾಟರ್ಕು ಸರ್ಧೆ,ವಿಳಂಬ,ಪ್ರೀತಿ,ಭಯ,ಪ್ರತಿರೋಧ,ಒಳ್ಳೆಯದು,ಸಂತೋಷ,ದುಃಖ,ಪ್ರಯತ್ನ
26-11-2026,data\2026\11\26-11-2026.jpg,ಅಶ್ವೀನ|ಕಾರ್ತಿಕ,ಪರಾಭವ,1948,ತುಲಾ/ವೃಶ್ಚಿಕ,06:23,17:50,ಮೂರ್ತಿ ಚಿಕ್ಕದಾದರೂ ಕೀರ್ತಿ ದೊಡ್ಡದು,ಭಾರತ ಸಂವಿಧಾನ ದಿನ. ಹುಣಸಗಿ ತಾ.,ನಾರಾಯಣಪುರ ವೆಂಕಟೇಶ ಮಹಾ. ಆರಾಧನೆ.,ಹುತ್ತರಿ ಹಬ್ಬ.,,,,,,,,,,,ದ್ವಿತೀಯಾ,13.16,ಮೃಗಶಿರಾ,17.47,ಜಿಸಿ,07.50,ವಣೆಜ,23.31,ದಕ್ಷಿಣಾಯನ,ಸೌರ ಹೇಮಂತ,11,ಕೃಷ್ಣ,ವೃಶ್ಚಿಕ,ವೃಷಭಬೆ.,ಮ.,01:30,03:00,,,,ಬೆ.,9:00,1030,,,,ಬೆ.,06:00,07:30,,,,ಬೆ.,03:00,04:30,,,,ಬೆ.,10:01,11:26,,,,ಪ್ರತಿರೋಧ,ಸಂತೋಷ,ಆನಂದ,ಸ್ನೇಹ,ಸಮಸ್ಯೆ,ಭಯ,ಯಶಸ್ಸು,ಸಾಲ,ಆತಂಕ,ವಿಳಂಬ,ದೃಢ ನಿರ್ಧಾರ,ಶುಭ
27-01-2026,data\2026\01\27-01-2026.jpg,ಪುಷ್ಯ/ಮಾಘ,ವಿಶ್ವಾವಸು,1947,ಧನು/ಮಕರ,06:46,18:18,ನಂಬಿಕೆ ಕಳೆದುಕೊಂಡ ಮೇಲೆ ಕ್ಷಮೆ ಕೇಳೋದರಲ್ಲಿ ಅರ್ಥವ,ಶ್ರೀ ಹರಿ ಜಯಂತಿ,ಮಧ್ವನವಮಿ,ರಾಣೆಬೆನ್ನೂರು,ಮಾರ್ತಂಡೇಯ ಪಹರ್ಷಿ ಜಯಂತಿ,ಮುಡುಕುತೊರೆ ಶ್ರೀ ಮಲ್ಲಿಕಾರ್ಜುನ ರಥ,ನೇಗಿನಹಾಳ ತಾ. ಬೈಲಹೊಂಗಲ ದಿಂಡಿ ಉತ್ಕವ.,,,,,,,,ನವಮಿ,19.06,ಭರಣಿ,11.09,ಶುಕ್ಲ,2.13,ಿ,11.09,ಉತ್ತರಾಯಣ,ಸೌರ ಶಿಶಿರ,14,ಕೃಷ್ಣ,ಮಕರ,16.45,ಮ.,03:00,04:30,,,,ಮ.,12:00,01:30,,,,ಬೆ.,09:00,10:30,,,,ಬೆ.,07:30,09:00,,,,ಬೆ.,06:37,08:08,,,,ಸಂತೋಷ,ಲಾಭ,ಯಶಸ್ಸು,ಯಶಸ್ಸು,ವಿಳಂಬ,ಒಳ್ಳೆಯ ಕೆಲಸ,ಭಕ್ತಿ,ಶ್ರೇಷ್ಠತೆ,ಆತಂಕ,ಶಾಂತಿ,ದಯೆ,ಪ್ರೋತ್ಸಾಹ
27-02-2026,data\2026\02\27-02-2026.jpg,,ವಿಶ್ವಾವಸು,1947,ಮಕರ/ ಕುಂಭ,06:36,18:28,ಶಿಸ್ನೇ ಜೀವನದ ಮುಖ್ಲತಳಹದಿ,ಆಮಲಕಿ ಏಕಾದಶಿ,ಮೇಲ್ಕೋಟೆ ವೈರಮುಡಿ,ಉತ್ಸವ,ಜತ್ರಾಟ ತಾ.ಚಿಕ್ಕೋಡಿ ನಾಮಸಪ್ತಾಹ,ಹುಬ್ಬಳಿ ಶ್ರೀ ವಿಠ್ಠಲ ಜಾತ್ರೆ,ಹಿರೇಸಿಂದೊಗಿ,ಚನ್ನಬಸವೇಶ್ವರ ರಥ.,,,,,,,ಏಕಾದಶಿ,22.33,ಅರ್ದ್ರಾ,10.49,ಆಯುಷ್ಠಾನ,19.44,ವಣೆಜ,11.33,ಉತ್ತರಾಯಣ,ಸೌರ ವಸಂತ,15,ಕೃಷ್ಣ,ಕುಂಭ,ಮಿಥುನ,ಬೆ.,10:30,12:00,,,,ಬೆ.,07:30,09:00,,,,ಮ.,03:00,04:30,,,,ಮ.,01:30,03:00,,,,ಬೆ.,01:23,02:53,,,,ಮೆಚ್ಚುಗೆ,ವಿಶ್ರಾಂತಿ,ಸ್ನೇಹ,ಕಾಟರ್ಕ ಕೀರ್ತಿ,ತೊಂದರೆ,ಕೋಪ,ಲಾಭ,ಗಮನ,ಫ್ರೀತಿ,ಪತಿರೋದ,ಸಹಾಯ,ಯಶಸ್ಸು
27-03-2026,data\2026\03\27-03-2026.jpg,ವಿಶ್ವಾವಸು ಪರಾಭವ,ವಿಶ್ವಾವಸು ಪರಾಭವ,1947,ಕುಂಭ/ಮೀನ,06:19,18:31,"""ಕಾಲವನ್ನು ವ್ಯರ್ಥ ಮಾಡಬೇಡಿ.”",ಚಂದ್ರಮಾನ ಶ್ರೀ ರಾಮ ನವಮಿ,ಶ್ರೀ ಸಿದ್ಧಾರೂಢ ಸ್ವಾಮಿ,ಜಯಂತಿ ಹುಬ್ಬಳ್ಳಿ,ಬೀದರ ಮತ್ತು ಚಿಕ್ಕಮಯನವಳ್ಳಿ ತಾ.,ಸೌದತ್ತಿ,ಶ್ರೀರಾಮಾರೂಢ ಸ್ವಾಮಿ ಜಯಂತಿ,ಬಾಗಲಕೋಟೆ.,,,,,,,ನವಮಿ,10.07,ಪುನರ್ವಸು,15.24,ಅತಿಗಂಡ,22.16,ತೈತಿಲ,21.24,ಉತ್ತರಾಯಣ,ಸೌರ ವಸಂತ,13,ಶುಕ್ಲ,ಮೀನ,ಮಿಥನ,ಬೆ.,10:30,12:00,,,,ಬೆ.,07:30,09:00,,,,ಮ.,03:00,04:30,,,,ಮ.,01:30,3:0,,,,ಸ.,01:05,02:38,,,,* ಯಶಸ್ತು,ಸ್ನೇಹ,ಅಭಿವೃದಿ,ಸಂತೋಷ,ಪ್ರೋತ್ಸಾಹ,ಅಭಿವೃದ್ದಿ,ಲಾಭ,ಪ್ರೀತಿ,ಶಾಂತಿ,ಒಳ್ಳೆಯದು,ಅಸೆ,ಕೀರ್ತಿ
27-04-2026,data\2026\04\27-04-2026.jpg,ಚೈತ್ರ|ವೈಶಾಖ,ಪರಾಭವ,1948,ಮೀನ/ಮೇಷ,06:00,18:34,ತ್ತಿನಲ್ಲಿ ಯಾವುದು ಶಾಶ್ವತವಲ್ಲ ಅರಿತು ನಡೆ ಇದೆ,ಮೋಹಿನಿ ಏಕಾದಶಿ,ಭರಣಿ ಮಳೆ ಪ್ರಾರಂಭ,ವರದರಾಜ ಜಯಂತಿ,ಮೀನಾಕ್ಷಿ ಕಲಾಣ,ಮೊಳಕಾಲ್ಮೂರು ನುಂಕಮಲೆ ಸಿದ್ದೇಶ್ವರ ರಥ,,,,,,,,,ಏಕಾದಶಿ,18.16,ಪೂರ್ವಾ,21.19,ಧ್ರುವ,21.36,ವಣಿಜ,06.08,ಉತ್ತರಾಯಣ,ಸೌರ ಗ್ರೀಷ್ಮ,14,ಶುಕ್ಲ,ಮೇ,ಸಿಂಹ,ಬೆ.,07:30,09:00,,,,ಮ.,0113,03:00,,,,ಬೆ.,10:30,12:00,,,,ಬೆ.,09:00,1030,,,,ಮ.,02:41,04:20,,,,ಚಿಂತೆ,ಆತಂಕ,ಭಯ,ಸಾಲ,ಭಯ,ಕೀರ್ತಿ,ಪ್ರೋತ್ಸಾಹ,ಪ್ರತಿರೋಧ,ಕೀರ್ತಿ,ಆನಂದ,ವಿಶ್ರಾಂತಿ,ಗೌರವ
27-05-2026,data\2026\05\27-05-2026.jpg,ವೈಶಾಖ|ಅಧಿಕ ಜ್ಯೇಷ್ಠ,ಪರಾಭವ,1948,ಮೇಷ/ವೃಷಭ,05:52,18:41,ನಿನ್ನಗುರಿಯೇ ಸಿನ್ನಗುರು,ಬಕ್ರೀದ್‌,ಕಮಲಾ ಏಕಾದಶಿ,ಜವಾಹರಲಾಲ್‌,ನೆಹರು ಪುಣ್ಯತಿಥಿ,ಪತ್ತನಾಜ ಜಾತ್ರೆ ಕಡೆದಿನ,ಶ್ರೀ ರಂಗಪಟ್ಟಣದ ನೃಸಿಂಹ ರಥ,,,,,,,,ಏಕಾದಶಿ,06.22,ಹಸ್ತ,05.57,ಕಕೀಪಾತ,27.25,ಜವ,19.07,ಉತ್ತರಾಯಣ,ಸೌರ ಗ್ರೀಷ್ಮ,13,ಕೃಷ್ಣ,ವಷಭ,ಕನ್ಯಾ,ಮ.,12:00,01:30,,,,ಬೆ.,10:30,12:00,,,,ಬೆ.,07:30,09:00,,,,ಬೆ.,06:00,07:30,,,,UNKNOWN,,,,,,ಸಂತೋಷ,ಲಾಭ,ಭಯ,ಅನುಕೂಲ,ಪ್ರತಿರೋಧ,ಯಶಸ್ಸು,ಒಳ್ಳೆಯದು,ಅಭಿವೃದ್ಧಿ,ದಾನ,ಮರೆವ,ದಯೆ,ಸೌಮ್ಯತೆ
27-06-2026,data\2026\06\27-06-2026.jpg,ಅ.ಜ್ಯೇಷ್ಠ/ನಿ.ಜ್ಯೇಷ್ಠ,ಪರಾಭವ ನಾಮ,1948,ವೃಷಭ/ಮಿಥುನ,05:56,18:40,"ತೆ ಬೆಳಗಬೇಕಾದರೆ, ಮೂದಲು ಸೂರ್ಯನಂತೆ ಸು",4ನೇ ಶನಿವಾರ,ವಟ ಸಾವಿತ್ರಿ ವ್ರತಾರಂಭ,ಶನಿ,ಪ್ರದೋಷ,ಶಿವ ರಾಜ್ಯಾಭಿಷೇಕ ದಿನ,ಶ್ರೀ ಬಸವಗೌಡ,ಬಾಬಾ ಮಹಾ/ ಶ್ರೀ ಸ. ಅದೃಶ್ಯದೇವ ಬಾಬಾ ಮಹಾ.,ಪು. ದಿ ದತ್ತವಾಡ ತಾ. ಶಿರೋಳ.,,,,,,ತ್ರಯೋದಶಿ,24.44,ಅನುರಾಧಾ,22.11,ಸಾಧ್ಯ,12.32,ಕೌಲವ,11.33,ದಕ್ಷಿಣಾಯನ,ಸೌರ ವರ್ಷಾ,13,ಶುಕ್ಲ,ಮಿಥುನ,ವೃಶ್ಚಿಕ,ಬೆ.,09:00,10:30,,,,ಬೆ.,06:00,07:30,,,,ಮ.,01:30,03:00,,,,ಮ.,12:00,01:30,,,,ಬೆ.,10:31,12:19,,,,ಪ್ರೋತ್ಸಾಹ,ಔಂತ,ಅನುಕೂಲ,ಪರಿಶ್ರಮ,ಸಂತೋಷ,ಯಶಸ್ಸು,ಗೊಂದಲ,ಲಾಭ,ಸಂತೋಷ,ಅನುಕೂಲ,ಭಯ,ಸ್ನೇಹ
27-07-2026,data\2026\07\27-07-2026.jpg,ನಿಜ ಜ್ಯೇಷ್ಠ/ಆಷಾಢ,ಪರಾಭವ,1948,ಮಿಥುನ/ಕರ್ಕ,06:04,18:48,ಶಯ ಕಡ ನಡದ ಪ್ರತಿಹಜ್ಜಿಯೀಯ,ತಾಳಿಕೋಟೆ ಖಾಸಗತೇಶ್ವರ ರಥ,ಸಾಸ್ವಿಹಳ್ಳಿ ಶ್ರೀ,ಸದ್ಗುರು ಬಸವಾನಂದ ಸ್ವಾಮಿಗಳ ಪುಣ್ಯತಿಥಿ,ಜಯಾಪಾರ್ವತಿವ್ರತ,ರೋಣ ತಾ. ಚಿಕ್ಕಮಣ್ಣೂರ ಶ್ರೀ,ಗುದ್ದೇಶ್ವರ ಹಾಗೂ ದೇವಮ್ಮ ಜಾತ್ರೆ.,,,,,,,,ತ್ರಯೋದಶಿ,16.15,ಮೂಲಾ,10.29,ವೈಧೃತಿ,22.55,ಗರಜ,29.19,ದಕ್ಷಿಣಾಯನ,ಸೌರ ವರ್ಷಾ,1,ಶುಕ್ಲ,ಕರ್ಕ,ಧನು,ಬೆ.,07:30,09:00,,,,ಮ.,0113,03:00,,,,ಬೆ.,10:30,12:00,,,,ಬೆ.,09:00,10:30,,,,ಬೆ.,03:18,05:05,,,,ಮೆಚ್ಚಯಗೆ,ಕೀರ್ತಿ,ಆಸೆ,ಶಾಂತಿ,ಸಾಲ,ಗಮನ,ಪರಿಶ್ರಮ,ಸಂತೋಷ,ಉತ್ಸಾಹ,ಒಳ್ಳೆಯದು,ಶ್ರೇಷ್ಠತೆ,ಯಶಸ್ಸು
27-08-2026,data\2026\08\27-08-2026.jpg,ಆಷಾಢ|ಶ್ರಾವಣ,ಪರಾಭವ,1948,ಕರ್ಕ/ಸಿಂಹ,06:08,18:33,"ಕೆಲಸವಿಲ್ಲದೆ ಫಲವಿಲ್ಲ, ಕಷ್ಟವಿಲ್ಲದೆ ಸುಖವಿಲ್ಲ",ಹುಣ್ಣಿಮೆ ಪ್ರಾರಂಭ,ಖುಕ,ಶುಕ್ಲ,ಯಜು,ಅರ್ಥವ,ಶ್ರಾವಣಿ,ಬೃಹಸ್ಪತಿ ಪೂಜೆ,ಹಯಗ್ರಿವ ಜಯಂತಿ,ಕುಲಧರ್ಮ ಅನ್ವಾಧಾನ,,,,,ಚತುರ್ದಶಿ,0.09,ಧನಿಷ್ಟಾ,26.16,ಶೋಭನ,07.56,ವಿಷ್ಟಿ,21.33,ದಕ್ಷಿಣಾಯನ,ರ್ದಶಿ 0.0,11,ಕೃಷ್ಣ,ಸಿಂಕ್‌,ಮಕರ,ಮ.,01:30,03:00,,,,ಬೆ.,09:00,1013,,,,ಬೆ.,06:00,07:30,,,,ಮ.,05:00,04:30,,,,ಮ.,03:13,04:55,,,,ಧೈರ್ಯ,ಪ್ರೀತಿ,ಆನಂದ,ಅಭಿವೃದ್ಧಿ,ಶಾಂತಿ,ಯಶಸ್ಸು,ಭಯ,ಗಮನ,ಆಸಕ್ತಿ,ಖರ್ಚು,ಆತಂಕ,ಪ್ರೋತ್ಸಾಹ
27-09-2026,data\2026\09\27-09-2026.jpg,ಶ್ರಾವಣ/ಭಾದ್ರಪದ,ಪರಾಭವ,1948,ಸಿಂಹ/ಕನ್ಯಾ,06:08,18:12,ೋವು ನಿನ್ನ ಮೌಲ್ಲವನ್ನು ಕಡಿಮೆ ಮಾಡು,ಮಹಾಲಯ (ಪಿತೃಪಕ್ಷ) ಆರಂಭ,ಪ್ರತಿಪದ ಶ್ರಾದ್ಧ,ಜಾಗತಿಕ,ಪರ್ಯಟನ ದಿನ,ವಿಶ್ವ ಪ್ರವಾಸೋದ್ಯಮ ದಿನಾಚರಣೆ,ವಿಶ್ವ,ಕಿವುಡರ ದಿನ,ಗುಬ್ಬೇವಾಡ ತಾ. ಇಂಡಿ ಏಳುತಲೆ ಸಿದ್ಧಟಗಿ,ಮಹಾ ಜಾತ್ರೆ.,,,,,ಪ್ರತಿಪದಾ,20.59,ಉ. ಭಾ,11.08,ವೃಡ್ಧಿ,11.17,ಬಾಲವ,0.45,ದಕ್ಷಿಣಾಯನ,ಸೌರ ಶರದ,11,ಕೃಷ್ಣ,ಕನ್ನಾ,ಮೀನ,ಮ.,04:30,06:00,,,,ಮ.,05:00,04:30,,,,ಮ.,12:00,01:30,,,,ಬೆ.,1030,12:00,,,,ಬೆ.,06:24,07:59,,,,ಕೋಪ,ಶಾಂತಿ,ಯಶಸ,ಕಾಟರ್ಕ ಖರ್ಚು,ಯಶಸ್ಸು,ಗೌರವ,ಅನುಕೂಲ,ಪ್ರೋತ್ಸಾಹ,ಸಂಪತ್ತು,ಸಂತೋಷ,ಸ್ಪರ್ಧೆ,ತಾಳ್ಮೆ
27-10-2026,data\2026\10\27-10-2026.jpg,ಭಾದ್ರಪದ/ಅಶ್ವೀನ,ಪರಾಭವ,1948,ಕನ್ಯಾ/ ತುಲಾ,06:12,17:55,ನಿನ್ನ ಜೀವನಕ್ಕೆ ನೀನೇ ನಾಯಕ,ದ್ವಿತೀಯಾ ಕ್ಷಯ,ಅನಂತಪುರ ನವಾನ್ನಂ,ಮೈಸೂರು,ಚಾಮುಂಡಿ ಬೆಟ್ಟದಲ್ಲಿ ಚಾಮುಂಡೇಶ್ವರಿ ರಥ,ತಲಕಾಡು ಶ್ರಿ.,ಅಭಿನವ ಕೃಷ್ಣಾನಂದ ಸ್ವಾಮಿ ಆರಾಧನೆ,ಶ್ರೀರಾವುತರಾಯನ,ಸ್ವಸ್ಥಾನಕ್ಕೆ ಪ್ರಯಾಣ,ದೇವರ ಹಿಪ್ಪರಗಿ.,,,,,11],07.02,ಭರಣಿ,15.39,ಸಿದ್ದಿ,10.53,ತೈತಿಲ,17.36,ದಕ್ಷಿಣಾಯ,ಸೌರ ಹೇಮಂತ,11,ಕೃಷ್ಣ,ತುಲಾ,ಮೇಷ,ಸ.,03:00,04:30,,,,ಮ.,12:00,01:30,,,,ಬೆ.,09:60,16:30,,,,ಬೆ.,07:36,6:0,,,,ಬೆ.,11:15,12:43,,,,ಆನಂದ,ಸಂತೋಷ,ಪರೀಕ್ಷೆ,” ಸಂತೋಷ,ಕುತೂಹಲ,ಲಾಭ,ಮರೆವ,ಸಮಸ್ಯೆ,ಯಶಸ್ಸು,ದೈರ್ಯ,ಲಾಭ,ಅಭಿವೃದ್ಧಿ
27-11-2026,data\2026\11\27-11-2026.jpg,ಅಶ್ವೀನ|ಕಾರ್ತಿಕ,ಪರಾಭವ,1948,ತುಲಾ/ವೃಶ್ಚಿಕ,06:23,17:50,ಗಾಳಿಯಲ್ಲಿಗೋಪುರ ಕಟ್ಟಿದಂತೆ,ಸಂಕಷ್ಟ ಚತುರ್ಥಿ,ಕನಕದಾಸ ಜಯಂತಿ,ಚತುರ್ಥಿ,ಕ್ಷಯ,ಕಳಸ ಮತ್ತು ಹೊರನಾಡು ಅನ್ನಪೂರ್ಣೇಶ್ವರಿ,ಲಕ್ಷ ದೀಪಗಳು,,,,,,,,ತೃತೀಯಾ,0.49,ಆರ್ದ್ರಾ,15.09,ಶಭ,02.52,ಬವ,20.12,ದಕ್ಷಿಣಾಯನ,ಸೌರ ಹೇಮಂತ,12,ಕೃಷ್ಣ,ವೃಶ್ಚಿಕ,ಮಿಥುನ,ಬೆ.,10:30,12:00,,,,ಬೆ.,0713,09:30,,,,ಮ.,03:00,04:30,,,,ಮ.,01:30,03:30,,,,ಬೆ.,06:14,07:40,,,,ಸ್ನೇಹ,ಪ್ರೋತ್ಸಾಹ,ಖರ್ಚು,ಕೋಪ,ಶಾಂತಿ,ಯಶಸ್ಸು,ಸ್ಪರ್ಧೆ,ಅನುಕೂಲ,ಕೀರ್ತಿ,ಸಂತೋಷ,* ಭಯ,ಯಶಸ್ಸು
28-01-2026,data\2026\01\28-01-2026.jpg,ಪುಷ್ಯ/ಮಾಘ,ವಿಶ್ವಾವಸು,1947,ಧನು/ಮಕರ,06:46,18:19,ಹೊಟ್ಟೆ ಹಾಗೆ ಖಾಲಿ ಜೇಬು ಜೀವನದಲ್ಲಿ ಬಹಳಷ್ಟು ಪಾಠ ಕ!,ಲಾಲಾ ಲಜಪತರಾಯ ಜಯಂತಿ,ಸಂಕೇಶ್ವರ ಶಂಕರ,ಲಿಂಗೇಶ್ವರ ರಥ,ಸಂತುಬಾಯಿ ಜಾತ್ರೆ ಕಾಗವಾಡ .,ಗದಗ ಜಿ. ಹುಲಕೋಟೆಇ ಕೈಲಾಸ ಪರ್ವತ ರಾಜೇಶ್ವರಿ,ಬ್ಯಾಡಗಿ ಚೌಡಿ ಓಣಿ ವೀರಭದ್ರೇಶ್ವರ ರಥಗಳು.,,,,,,,,ದಶಮಿ,16.37,ಕೃತ್ತಿಕಾ,0.27,ಜ್ರಹ್ಮಾ,23.54,ವಣೆಜ,27.17,ಉತ್ತರಾಯಣ,ಸೌರ ಶಿಶಿರ,15,ಶುಕ್ಲ,ಮಕರ,ವಷಭ,ಮ.,12:00,01:30,,,,ಮ.,10:30,12:00,,,,ಬೆ.,07:30,09:00,,,,ಬೆ.,06:00,07:30,,,,ಬೆ.,07:13,08:42,,,,ಸಂಪತ್ತು,ಭಯ,ಅಲೆದಾಟ,ಮೆಚ್ಚುಗೆ,ನಷ್ಟ,ದಯೆ,ಲಾಭ,ಪ್ರಯತ್ನ,ಕೋಪ,ಆಸೆ,ಪ್ರಗತಿ,ಪ್ರೀತಿ
28-02-2026,data\2026\02\28-02-2026.jpg,,ವಿಶ್ವಾವಸು,1947,ಮಕರ/ ಕುಂಭ,06:36,18:28,ಉರಿಯುವ ದೀಪದಂತೆ ಆಸಕ್ತಿಅದಕ್ಕೆಹಾಕುವ ಎ,4ನೇ ಶನಿವಾರ,ಗೋವಿಂದ ದ್ವಾದಶಿ,ರಾಷ್ಟ್ರೀಯ,ವಿಜ್ಞಾನ ದಿನ,ಹಿರೇಉಳ್ಳಗೇರಿ ತಾ. ಸೌದತ್ತಿಟೆ ಜ್ಞಾನ,ಸಪ್ತಾಹ ಪ್ರಾರಂಭ,ಸತ್ಯಗಾಲ ವಿಶ್ವೇಶ್ವರ ರಥ,ಮಲ್ಲೇಮಠ ದ್ವಜಾರೋಹಣ:,,,,,,ದ್ವಾದಶಿ,20.44,ಪುನರ್ವಸು,09.35,ಸಾಭಾಗ್ಯ,17.02,ಬವ,0.37,ಉತ್ತರಾಯಣ,ಸೌರ ವಸಂತ,16,ಶುಕ್ಲ,ಕುಂಭ,ಕರ್ಕ,ಬೆ.,09:00,10:30,,,,ಬೆ.,06:00,07:30,,,,ಮ.,01:30,03:00,,,,ಮ.,12:00,01:30,,,,ಬೆ.,07:18,08:49,,,,* ಅಲೆದಾಟ,ಚಿಂತೆ,ಮೆಚುಗೆ,ಶಾಂತಿ,ಅನುಕೂಲ,ಲಾಭ,ಖರ್ಚು,ಯಶಸ್ಸು,ತಾಳ್ಮೆ,ದಯೆ,ವಿನಯ,ವಿಶ್ರಾಂತಿ
28-03-2026,data\2026\03\28-03-2026.jpg,ವಿಶ್ವಾವಸು ಪರಾಭವ,ವಿಶ್ವಾವಸು ಪರಾಭವ,1947,ಕುಂಭ/ಮೀನ,06:18,18:32,ಕೆಯ ಹಾದಿಯಲ್ಲಿ ಸೋಲು ಸಹ ಒಂದು ಪ,4ನೇ ಶನಿವಾರ,ಚಂದ್ರಮಾನ ಶ್ರೀ ರಾಮ ನವಮಿ,ಶ್ರೀ,ಸಿದ್ದಾರೂಢ ಸ್ವಾಮಿ ಜಯಂತಿ ಹುಬ್ಬಳ್ಳಿ,ಬೀದರ ಮತ್ತು,ಚಿಕ್ಕಮೆಯನವಳ್ಳಿ ತಾ. ಸೌದತ್ತಿ,ಶ್ರೀರಾಮಾರೂಢ ಸ್ವಾಮಿ,ಜಯಂತಿ ಬಾಗಲಕೋಟೆ.,,,,,,ದಶಮಿ,08.46,ಪುಷ್ಯ,14.50,ಸುಕರ್ಮಾ,20.06,ವಣೆಜ,26.14,ಉತ್ತರಾಯಣ,ಸೌರ ವಸಂತ,14,ಕೃಷ್ಣ,ಮೀನ,ಕರ್ಕ,ಬೆ.,09:00,10:30,,,,ಬೆ.,06:00,07:30,,,,ಮ.,01:30,3:00,,,,ಮ.,12:00,01:30,,,,ಬೆ.,08:35,10:09,,,,* ಒಳೆಯದು,ಪ್ರೇತಿ,ಸ್ನೇಹ,ಯಶಸ್ಸು,ಪ್ರೀತಿ,ಸಂತೋಷ,ಗೌರವ,ಪ್ರೋತ್ಸಾಹ,ಲಾಭ,ಅಭಿವದಿ,ಶಾಂತಿ,ಕೀರ್ತಿ
28-04-2026,data\2026\04\28-04-2026.jpg,ಚೈತ್ರ|ವೈಶಾಖ,ಪರಾಭವ,1948,ಮೀನ/ಮೇಷ,06:00,18:34,"ಯಾರನ್ನೂ ನಂಬಬೇಡಿ, ಸ್ವತಃ ಶಕ್ತಿಯಾಗಿ ಬದು!",ಪರಶುರಾಮ,ರುಕ್ಮಿಣಿ ದ್ವಾದಶಿ,ಕದಾಂಪುರ ತಾ.,ಬಾಗಲಕೋಟೆ,ದುರ್ಗಾದೇವಿ,ರೋಣ ತಾ.,ಮೇಲ್ಮಠ ಹನುಮಂತದೇವರ ಜಾತ್ರೆಗಳು,ಕಂಚೀ,ವರದರಾಜ ಜಯಂತಿ.,,,,,ದ್ವಾದಶಿ,18.52,ಉತ್ತರಾ,22.36,ವ್ಯಾಘಾತ,21.04,ಬವ,06.31,ಉತ್ತರಾಯಣ,ಸೌರ ಗ್ರೀಷ್ಮ,15,ಶುಕ್ಲ,ಮೇ,ಕನ್ಯಾ,ಮ.,03:00,04:30,,,,ಮ.,12:00,01:30,,,,ಬೆ.,09:00,10:30,,,,ಬೆ.,07:36,09:00,,,,ಮ.,03:01,04:42,,,,ಸಾಲ,ವಿಳಂಬ,ಖರ್ಚು,ಪ್ರೋತ್ಸಾಹ,ಪ್ರೀತಿ,ಯಶಸ್ಸು,ಪ್ರೀತಿ,ಶ್ರೇಷ್ಠತೆ,ಶಾಂತಿ,ಕೀರ್ತಿ,ಸಮಸ್ಯೆ,ಒಳ್ಳೆಯದು
28-05-2026,data\2026\05\28-05-2026.jpg,ವೈಶಾಖ|ಅಧಿಕ ಜ್ಯೇಷ್ಠ,ಪರಾಭವ,1948,ಮೇಷ/ವೃಷಭ,05:52,18:41,ಭಯವನ್ನುಗೆದ್ದವನಿಗೆ ಸೋಲು ಇಲ್ಲ,ವೀರ ಸಾವರ್ಕರ್‌ ಜಯಂತಿ,ವಿಶ್ವ ಖತುಚಕ್ರ,ನೈರ್ಮಲ್ಯ ದಿನ,,,,,,,,,,,ದ್ವಾದಶಿ,07.57,ಚಿತ್ರಾ,08.0,ವರೀಯಾನ,27.55,ಕೌಲವ,20.52,ಉತ್ತರಾಯಣ,ಸೌರ ಗ್ರೀಷ್ಮ,14,ಕೃಷ್ಣ,ವಷಭ,ತುಲಾ,ಮ.,01:30,03:00,,,,ಬೆ.,09:00,1013,,,,ಬೆ.,06:00,07:30,,,,ಮ.,03:00,04:30,,,,ಬೆ.,01:09,02:54,,,,ಪ್ರೀತಿ,ಯಶಸ್ಸು,ಕರುಣೆ,ಶ್ರೇಷ್ಠತೆ,ಪ್ರೋತ್ಸಾಹ,ಅಸೂಯೆ,ಖರ್ಚು,ಅನುಕೂಲ,ಒಳ್ಳೆಯ ಕೆಲಸ,ಸ್ಪರ್ಧೆ,ಅಭಿವೃದ್ಧಿ,ಒಳ್ಳೆಯ ಸುದ್ದಿ
28-06-2026,data\2026\06\28-06-2026.jpg,ಅ.ಜ್ಯೇಷ್ಠ/ನಿ.ಜ್ಯೇಷ್ಠ,ಪರಾಭವ ನಾಮ,1948,ವೃಷಭ/ಮಿಥುನ,05:56,18:40,"ಖ ನಿರಂತರ ಪಾಠ, ಗೆಲುವು ಅಂತಿಮ",ಕಂಚಿ ಲಕ್ಷ್ಮೀಪೂರದಲ್ಲಿ ಶ್ರೀ ಗುರುಡೋತ್ಸವ,ಶ್ರೀಪಾದರಾಜರ ಆರಾಧನೆ ಹೊನ್ನುಗ್ಗಿ,ನರಗುಂ ತಾ||,ಭೈರನಟ್ಟಿ ಶ್ರೀ ಮಾರುತೇಶ್ವರ ರಥ.,,,,,,,,,,ಚತುರ್ದಶಿ,27.07,ಜ್ಯೇಷ್ಠಾ,25.09,ಶುಭ,13.36,ಗರಜ,13.56,ದಕ್ಷಿಣಾಯನ,ರ್ದಶಿ 7.೫7,14,ಶುಕ್ಲ,ಮಿಥುನ,ವೃಶ್ಚಿಕ,ಮ.,04:30,06:00,,,,ಮ.,03:00,04:30,,,,ಮ.,12:00,01:30,,,,ಬೆ.,10:30,12:00,,,,ಮ.,03:15,05:03,,,,ಪ್ರಗತಿ,ಸಂತೋಷ,ಪ್ರಯತ್ನ,ಸಂತೋಷ,ಸಾಲ,ಸಮಸ್ಯೆ,ಪ್ರತಿರೋಧ,ಯಶಸ್ಸು,ಸ್ಪರ್ಧೆ,ಗೌರವ,ಅಭಿವೃದ್ಧಿ,ಅನುಕೂಲ
28-07-2026,data\2026\07\28-07-2026.jpg,ನಿಜ ಜ್ಯೇಷ್ಠ/ಆಷಾಢ,ಪರಾಭವ,1948,ಮಿಥುನ/ಕರ್ಕ,06:04,18:47,ಗುರಿಯಿಲ್ಲದ ಶ್ರಮ ದಾರಿ ತವಪಿಸುತ್ತ,ಶ್ರೀ ಚಿಕ್ಕರಾಮಾರೂಢಸ್ವಾಮಿ ಪುಣ್ಯತಿಥಿ,ಉತ್ಸವ,ಪ್ರಾರಂಭಬಾಗಲಕೋಟೆ,ಚಿಕ್ಕನಾಯಕನಹಳ್ಳಿ ಹಳೆಯಾರ,ಆಂಜನೇಯ ರಥ,ಚಾಮರಾಜನಗರ ರಾಜೇಶ್ವರಿ ರಥ,,,,,,,,ಚತುರ್ದಶಿ,18.19,ಪೂ.ಷಾ,13.11,ವಿಷ್ಕಂಭ,23.33,_ ವಿಷ್ಟಿ,FULL DAY,ದಕ್ಷಿಣಾಯನ,ರ್ದಶಿ 18.19,13,ಕೃಷ್ಣ,ಕರ್ಕ,ಧನು,ಮ.,03:00,04:30,,,,ಮ.,12:00,01:30,,,,ಬೆ.,09:00,10:30,,,,ಬೆ.,07:30,09:00,,,,ಬೆ.,07:50,09:37,,,,ಸಂತೋಷ,ಪ್ರಯತ್ನ,ಸರ್ಡೆ,ಶಸ್ತ್ರ,ಕೀರ್ತಿ,ಯಶಸ್ಸು,ಆಯಾಸ,ಆಸೆ,ಕಷ್ಟ,ಕೋಪ,ಖರ್ಚು,ದಯೆ
28-08-2026,data\2026\08\28-08-2026.jpg,ಆಷಾಢ|ಶ್ರಾವಣ,ಪರಾಭವ,1948,ಕರ್ಕ/ಸಿಂಹ,06:08,18:33,೨ವಸರದಲ್ಲಿಮಾಡಿದ ಕೆಲಸ ಅಳುವಿಗೆ ಕಾರಣ,ನೂಲು ಹುಣ್ಣಿಮೆ,ರಕ್ಷಾಬಂಧನ,ಸಂಪತ್‌ ಶುಕ್ರವಾರ,ಜೀವಂತಿಕಾ ಪೂಜೆ,ಪಂಚಕ. ಹಿರಣ್ಯಕೇಶಿ,ತೈತರೀಯ,ಶ್ರಾವಣಿ. ಖಂಡಗ್ರಾಸ ಚಂದ್ರ ಗ್ರಹಔ (ಭಾರತದಲ್ಲಿ,ಕಾಣಿಸುವುದಿಲ್ಲ).,,,,,,ಹುಣ್ಣಿಮೆ,09.49,ಶತಭಿಷಾ,27.13,ಅತಿಗಂಡ,07.28,ಬಾಲವ ೫,1.37,ದಕ್ಷಿಣಾಯನ,ಸೌರ ಶರದ,12,ಶುಕ್ಲ,ಸಿಂಕ್‌,ಕುಂಭ,ಬೆ.,10:30,12:00,,,,ಬೆ.,07:30,09:00,,,,ಮ.,03:00,04:30,,,,ಮ.,01:30,03:00,,,,ಮ.,07:44,09:23,,,,ಯಶಸ್ಸು,ಲಾಭ,ಭಯ,ಅಭಿವೃದ್ಧಿ,ಸಾಲ,ವಿಳಂಬ,ಪ್ರತಿರೋಧ,ಮರೆವು,ಭಕ್ತಿ,ಕೀರ್ತಿ,ಸಹಾಯ,ವಿಶ್ರಾಂತಿ
28-09-2026,data\2026\09\28-09-2026.jpg,ಶ್ರಾವಣ/ಭಾದ್ರಪದ,ಪರಾಭವ,1948,ಸಿಂಹ/ಕನ್ಯಾ,06:08,18:11,": ದುರ್ಬಲತೆಯಲ್ಲ, ಗುಣಮುಖವಾಗುವ ಮೂದ",ದ್ವಿತೀಯಾ ಮಹಾಲಯ,ಕ್ರಾಂತಿಕಾರಿ ಭಗತ್‌ಸಿಂಗ್‌ ಜಯಂತಿ,ವಾಳಕಿ ಮಹಾದೇವ ಯಾತ್ರೆ,ಗಂಗಾವತಿ ತಾ. ಸಿದ್ದಪುರ,ಹಿರೇಮಠದ ಶ್ರೀ ವೀರಪಯ್ಯ ತಾತನವರ ಪು.ತಿ.,ಬೃಹದ್‌ ಗೌರೀ,ಡೋರ್ಲೀ ವ್ರತ ಗಜಗೌರಿ ವ್ರತ,ಜಾಗತಿಕ ಕರ್ಣಬಧಿರ ದಿನ.,,,,,,ದ್ವಿತೀಯಾ,19.14,ರೇವತಿ,10.16,ಧ್ರುವ,08.54,ತೈತಿಲ,08.0,ದಕ್ಷಿಣಾಯನ,ಸೌರ ಶರದ,12,ಕೃಷ್ಣ,ಕನ್ನಾ,ಮೀನ,ಬೆ.,07:30,09:00,,,,ಮ.,0113,03:00,,,,ಬೆ.,10:30,12:00,,,,ಬೆ.,09:00,10:30,,,,ಬೆ.,07:57,09:29,,,,ಆನಂದ,ಗೌರವ,ಉಜ್ಯೂತಿ,ಕಾಟರ್ಕು ಯಶಸ್ಸು,ಸ್ಪರ್ಧೆ,ಅನಾರೋಗ್ಯ,ಸೌಮ್ಯತೆ,ಪ್ರಯತ್ನ,ಏಿಶ್ರಾಂತಿ,ಮೆಚ್ಜುಗೆ,ವಿನಯ,ಪ್ರೀತಿ
28-10-2026,data\2026\10\28-10-2026.jpg,ಭಾದ್ರಪದ/ಅಶ್ವೀನ,ಪರಾಭವ,1948,ಕನ್ಯಾ/ ತುಲಾ,06:12,17:54,"ಕ್ನೊಳಗಿನ ಶಕ್ತಿಯನ್ನು ಅನುಮಾನಿಸಬೇಡ, ಅದೇ",ಮುಕ್ತಿಮಂದಿರದಲ್ಲಿ ರಂಭಾಪುರಿ ಜಗದ್ಗುರು ಶ್ರೀ,ವೀರಗಂಗಾಧರ ಸ್ವಾಮಿಗಳ ಪುಣ್ಯದಿನ,ಶ್ರೀ ಪಂತ,ಬಾಳೆಕುಂದ್ರಿ ಮಹಾ.ಪು.ತಿ.,ಓರೇಹಡಗಲಿ,ಹಾಲಸ್ವಾಮಿ ರಥ.,,,,,,,,ತೃತೀಯಾ,25.07,ಕೃತ್ತಿಕಾ,13.26,ಕಿಲಿ,07.19,ವಣೆಜ,14.37,ದಕ್ಷಿಣಾಯ,ಸೌರ ಹೇಮಂತ,12,ಕೃಷ್ಣ,ತುಲಾ,ವೃಷಭ,ಮ.,12:00,01:30,,,,ಬೆ.,10:30,12:00,,,,ಬೆ.,67:36,05:60,,,,ಬೆ.,06:00,07:30,,,,ಬೆ.,11:15,12:42,,,,ಯಶಸ್ಸು,ಗೌರವ,ತಾಳ್ಮೆ,ಯಶಸ್ಸು,ಆತಂಕ,ಪರೀಕ್ಷೆ,ಪ್ರೋತ್ಸಾಹ,ಸಂತೋಷ,ಒಳ್ಳೆಯದು,ಪಗತಿ,_ಖರ್ಚು_,ಸ೦ತೋಷ
28-11-2026,data\2026\11\28-11-2026.jpg,ಅಶ್ವೀನ|ಕಾರ್ತಿಕ,ಪರಾಭವ,1948,ತುಲಾ/ವೃಶ್ಚಿಕ,06:24,17:50,ಬೆಳ್ಳಗಿರುವುದಲ್ಲ ಹಾಲಲ್ಲ,4ನೇ ಶನಿವಾರ,ಅಗರಖೇಡ ಕೃಷ್ಣದ್ವೈಪಾಯನಾಚಾರ್ಯ,ಪುಣ್ಯತಿಥಿ. ಕಟೀಲು,ಚಂಡಿ,ಮುಂಡಾಜೆ ಸನ್ಯಾಸಿಕಟ್ಟೆ,ಪರಶುರಾಮ ದೀಪೋತ್ಸವಗಳು.,,,,,,,,ಅಕೆ,06.40,ಪುನರ್ವಸು,12.50,ಶುಕ್ಲ,20.18,ಕೌಲವ,17.15,ದಕ್ಷಿಣಾಯನ,ಸೌರ ಹೇಮಂತ,13,ಕೃಷ್ಣ,ವೃಶ್ಚಿಕ,ಮಿಥುನ,ಬೆ.,09:00,10:30,,,,ಬೆ.,06:00,07:30,,,,ಮ.,01:30,03:00,,,,ಮ.,12:00,01:30,,,,ಬೆ.,10:39,12:06,,,,ಗೌರವ,ಸ್ಪರ್ಧ,ಅಬಿವೃದ್ದಿ,ಅನುಕೂಲ,ಸಂತೋಷ,ಯಶಸ್ಸು,ಯಶಸ್ಸು,ಪ್ರೋತ್ಸಾಹ,ಒಳ್ಳೆಯದು,ಶಾಂತಿ,ಶ್ರೀತಿ,ಕೋಪ
29-01-2026,data\2026\01\29-01-2026.jpg,ಪುಷ್ಯ/ಮಾಘ,ವಿಶ್ವಾವಸು,1947,ಧನು/ಮಕರ,06:46,18:19,ನಸುಗಳನ್ನತುಳಿಯೋಕೆ ಯಾರಿಗೂ ಅವಕಾಶ ಕೆ,ಚಿಕ್ಕಹಂದಿಗೋಳ ವೀರಭದ್ರ,ಬಳ್ಳಾರಿ ತಾ.,ಬೇವಿನಹಳ್ಳಿ ಶರಣಬಸವೇಶ್ವರ,ತಿಳವಳ್ಳಿ,ಚವಡಮ್ಮ ದೇವಿ,ತೋಟಗಂಟ ಅನ್ನದಾನೀಶ್ವರ,ರಥಗಳು.,,,,,,,ಏಕಾದಶಿ,13.56,ಅಜ ॥॥,07.32,ಐಂದ್ರ,20.27,ಬವ,24.33,ಉತ್ತರಾಯಣ,ಸೌರ ಶಿಶಿರ,16,ಶುಕ್ಲ,ಮಕರ,18.31,ಮ.,01:30,03:00,,,,ಬೆ.,09:00,10:30,,,,ಬೆ.,06:00,07:30,,,,ಮ.,03:00,04:30,,,,UNKNOWN,025,183,,,,ಶ್ರೇಷ್ಠತೆ,ಸಾಧನೆ,ಲಾಭ,ಸಂತೋಷ,ಯಶಸ್ಸು,ಪ್ರೋತ್ಸಾಹ,ಕೀರ್ತಿ,ಶಾಂತಿ,ಸ್ನೇಹ,ಅಭಿವದಿ,ಶುಭ,ಪ್ರೀತಿ
29-03-2026,data\2026\03\29-03-2026.jpg,ವಿಶ್ವಾವಸು ಪರಾಭವ,ವಿಶ್ವಾವಸು ಪರಾಭವ,1947,ಕುಂಭ/ಮೀನ,06:18,18:32,ೆ! ಪರಿಶ್ರಮದಿಂದ ಏನನ್ನಾದರೂ ಸಾಧಿಸಬ:,ಕಾಮದಾ ಏಕಾದಶಿ,ಶ್ರೀ ಕೃಷ್ಣ ಡೊಡೋತ್ಸವ,ಮಂಡ್ಯ,ಜನಾರ್ದನಸ್ವಾಮಿ ರಥ,ಬೇಲೂರ ಚೆನ್ನಕೇಶವ,ಗರುಡೋತ್ಸವ,ನೊಣವಿನಕೆರೆ ರಂಗನಾಥ ರಿಥ,ಶಿಖರ,ಶಿಂಗಣಾಪೂರ ಜಿ.ಸಾತಾರಾ ಶ್ರೀ ಶಂಭೂ ಮಹಾದೇವ ಜಾತ್ರೆ,,,,,ಏಕಾದಶಿ,0.47,ಆಶ್ಲೇಷಾ,14.38,ಥೃತಿ,18.20,ಬವ,19.26,ಉತ್ತರಾಯಣ,ಸೌರ ವಸಂತ,16,ಶುಕ್ಲ,ಮೀನ,ಕರ್ಕ,ಸ.,04:30,06:00,,,,ಮ.,03:00,04:30,,,,ಮ.,12:00,01:30,,,,ಬೆ.,10:30,12:00,,,,ಮ.,01:02,02:38,,,,ಭ್ರಮೆ,ಪ್ರಗತಿ,ಸಂತೋಷ,ಭಯ,ಆತಂಕ,ಯಶಸ್ಸು,ದಾನ,ಸಂತೋಷ,ಲಾಭ,ಪೋತ್ಸಾಹ,ಪ್ರತಿರೋಧ,ಕರ್ಚು
29-04-2026,data\2026\04\29-04-2026.jpg,ಚೈತ್ರ|ವೈಶಾಖ,ಪರಾಭವ,1948,ಮೀನ/ಮೇಷ,06:00,18:34,"ಕಡಿಮೆ ಮಾತು, ಹೆಚ್ಚು ಕೆಲಸ, ಯಶಸ್ಸು ನಿನ್ನದು",ಅಂತರರಾಷ್ಟ್ರೀಯ ನೃತ್ಯ ದಿನ,ಚಾಂದ್ರಾ ಸ್ಮಾರ್ತ ನೃಸಿಂಹ,ಜಯಂತಿ,ಹೊನ್ನಾಳಿ ತಾ. ರಾಂಪುರದ ಶ್ರೀ ಸದ್ಗುರು ಹಾಲಸ್ವಾಮಿ,ಪುಣ್ಯ ತಿಥಿ. ಕುಂದಗೋಳ ತಾ. ಕೊಡ್ಲಿವಾಡ ಶ್ರೀ ವೀರಭದ್ರೇಶ್ವರ,ಜಾತ್ರೆ (ಮರುದಿನ ಅಗ್ನಿಕುಂಡ) ಅಗಡಿ ಆ. ಹಾವೇರಿ ಕೊಳ್ಳದಲ್ಲಿ,ರಥ.,,,,,,,ತ್ರಯೋದಶಿ,19.52,ಹಸ್ತ,24.17,ಹರ್ಷಣ,20.15,ಕೌಲವ,07.19,ಉತ್ತರಾಯಣ,ಸೌರ ಗ್ರೀಷ್ಮ,16,ಶುಕ್ಲ,ಮೇ,ಕನ್ಯಾ,ಮ.,12:00,01:30,,,,ಬೆ.,10:30,12:00,,,,ಬೆ.,07:30,09:00,,,,ಬೆ.,06:00,07:30,,,,ಸ.,05:51,07:34,,,,ಪ್ರತಿರೋಧ,ಯಶಸ್ಸು,ಪ್ರೀತಿ,ಸೆರಮ್ಯತೆ,ಸ್ನೇಹ,ಒಳ್ಳೆಯದು,ಸಂತೋಷ,ವಿಳಂಬ,ಸಂತೋಷ,ಸಾಲ,ಸ್ಪರ್ಧೆ,ತಾಳ್ಮೆ
29-05-2026,data\2026\05\29-05-2026.jpg,ವೈಶಾಖ|ಅಧಿಕ ಜ್ಯೇಷ್ಠ,ಪರಾಭವ,1948,ಮೇಷ/ವೃಷಭ,05:52,18:41,ಸಾವಣೆ ಮೂದಲು ನಿನ್ನಿಂದಲೇ ಆರಂಭವಾಗಬೆ,ಹಣ್ಣಿಕೇರಿ ಅಪ್ಪಶಿವಯೋಗಿಶ್ಚರ ರಥೋತ್ಸವ ತಾ.,ಬೈಲಹೊಂಗಲ,,,,,,,,,,,,ತ್ರಯೋದಶಿ,9.51,ಸ್ವಾತಿ,10.38,ಪರಿಘ,28.36,ಗರಜ,22.53,ಉತ್ತರಾಯಣ,ಸೌರ ಗ್ರೀಷ್ಮ,15,ಶುಕ್ಲ,ವಷಭ,ತುಲಾ,ಬೆ.,10:30,12:00,,,,ಬೆ.,07:30,09:00,,,,ಮ.,05:00,04:30,,,,ಮ.,01:30,03:00,,,,ಬೆ.,12:55,02:5,,,,ಆನಂದ,ದುರದೃಷ್ಟ,ಸಂತೋಷ,ಭಯ,ಪ್ರತಿರೋಧ,ಸಂಪತ್ತು,ಶಾಂತಿ,ಜೀವನ,ಕೋಪ,ಅನುಕೂಲ,ಸಹಾಯ,ಮರವು
29-06-2026,data\2026\06\29-06-2026.jpg,ಅ.ಜ್ಯೇಷ್ಠ/ನಿ.ಜ್ಯೇಷ್ಠ,ಪರಾಭವ ನಾಮ,1948,ವೃಷಭ/ಮಿಥುನ,05:56,18:40,"ಫೂ ಒಂದು ಉಡುಗರೆ, ಅದನ್ನು ಸದುಪಯೋಗಪಡಿಸಿ",ಕಾರ ಹುಣ್ಣಿಮೆ,ಅಂಬಿಗರ ಚೌಡಯ್ಯ ಪುಣ್ಯತಿಥಿ,ಸಂತ ಶ್ರೀಕಬೀರದಾಸ ಜಯಂತಿ,ಹರಿಹರ ಮಹಾಕವಿ,ಜಯಂತಿ,ವಟ ಪೌರ್ಣಿಮೆ,ಇಂದ್ರಸಾವರ್ಣ,ಮನ್ಹಾದಿ.,,,,,,ಹುಣ್ಣಿಮೆ,29.27,ಮೂಲಾ,28.04,ಶುಕ್ಹ,14.26,ಏಿಷ್ಟಿ,16.17,ದಕ್ಷಿಣಾಯನ,ಸೌರ ವರ್ಷಾ,15,ಶುಕ್ಲ,ಮಿಥುನ,ಧನು,ಬೆ.,07:30,09:00,,,,ಮ.,01:36,03:06,,,,ಬೆ.,10:30,12:00,,,,ಬೆ.,09:00,10:30,,,,ಸ.,08:53,10:40,,,,ಲಾಭ,ಪ್ರೋತ್ಸಾಹ,ಕೀರ್ತಿ,ಸಾಲ,ಆನಂದ,ಪ್ರೋತ್ಸಾಹ,ಯಶಸ್ಸು,ಸ್ನೇಹ”,ಅಭಿವೃದ್ದಿ,ಪ್ರೋತ್ಸಾಹ,ಆಭಿವೃದ್ಧಿ,ಸಂಪತ್ತು
29-07-2026,data\2026\07\29-07-2026.jpg,ನಿಜ ಜ್ಯೇಷ್ಠ/ಆಷಾಢ,ಪರಾಭವ,1948,ಮಿಥುನ/ಕರ್ಕ,06:04,18:48,೦ ಸಪಷ್ನವಾದರ ದಾರಿ ತಾನೇ ಸಿಗುತ್ತ!,ಕಡ್ಲಿಗಡಬ ಹುಣ್ಣಿಮೆ,ಗುರು ಪೂರ್ಣಿಮಾ,ವಿಶ್ವ ಹುಲಿಗಳ,ದಿನ,ಹಡಪದ ಅಪ್ಪಣ್ಣ ಜಯಂತಿ,ವ್ಯಾಸಪೂರ್ಣಿಮಾ,ಶ್ರೀ,ಮಲ್ಲಿಕಾರ್ಜುನ ಸ್ವಾಮಿಗಳ ಪುಣ್ಯತಿಥಿ,ಜ್ಞಾನಯೋಗಾಶ್ರಮ,ವಿಜಯಪುರ,,,,ಹುಣ್ಣಿಮೆ,20.06,ಉ.ಷಾ,15.37,ಪ್ರೀತಿ,23.58,ವಿಷ್ಟಿ,07.15,ದಕ್ಷಿಣಾಯನ,ಸೌರ ವರ್ಷಾ,14,ಶುಕ್ಲ,ಕರ್ಕ,ಮಕರ,ಮ.,12:00,01:30,,,,ಬೆ.,10:30,12:00,,,,ಬೆ.,07:30,09:00,,,,ಬೆ.,06:00,07:30,,,,ಬೆ.,08:34,10:20,,,,ಅಸೂಯೆ,ಒಳ್ಳೆಯ ಕೆಲಸ,ಕೀರ್ತಿ,ಕಾಟರ್ಕು ತಾಳ್ಮೆ,ಸರ್ಧೆ,ಜಸಕ್ತಿ,ಸಾಲ,ಬುದ್ದಿವಂತಿಕೆ,ಫ್ರೀತಿ,ಉತ್ಪಾಹ,ಧೈರ್ಯ,ಆನಂದ
29-08-2026,data\2026\08\29-08-2026.jpg,ಆಷಾಢ|ಶ್ರಾವಣ,ಪರಾಭವ,1948,ಕರ್ಕ/ಸಿಂಹ,06:08,18:32,ಅತಿಯಾದರೆ ಅಮೃತವೂ ವಿಷ,ಅಶ್ವತ್ಥ ಮಾರುತಿ ಪೂಜೆ. ಪಂಚಕ. ರಾಷ್ಟ್ರೀಯ ಕ್ರೀಡಾ ದಿನ,ಶ್ರಿ*ದ್ದಾರೂಢ ಸ್ವಾಮಿ ಪುಣ್ಯ ತಿಥಿ ಹೆಗೂ ತೆಪ್ಪೋತ್ಸವ,ಹುಬ್ಬಳ್ಳಿ ಸಿದ್ದಾರೂಢ ಸ್ವಾಮಿ ರೆಥ ಮಹಾಲಿಂಗಪೂರ. ಗದಗ,ತಾ. ನಾಗಾವಿ ನಾಗದೇವತೆ ಜಾತ್ರೆ,,,,,,,,,,ಪ್ರತಿಪದಾ,09.57,ಪೂ. ಭಾ,27.42,ಈಜ್‌,06.36,ತೈತಿಲ,21.31,ದಕ್ಷಿಣಾಯನ,ಸೌರ ಶರದ,13,ಕೃಷ್ಣ,ಸಿಂಕ್‌,ಕುಂಭ,ಬೆ.,09:00,10:30,,,,ಬೆ.,06:00,07:30,,,,ಮ.,01:30,03:00,,,,ಮ.,12:00,01:30,,,,ಸ.,07:32,09:10,,,,ಕೀರ್ತಿ,ನಿರಾಶೆ,ಆತಂಕ,ಯಶಸ್ಸು,ಆನಂದ,ಶಾಂತಿ,ಮೆಚ್ಚುಗೆ,ದಯ,ಸಂಪತ್ತು,ಗಮನ,ಪ್ರತಿರೋಧ,ಸಾಲ
29-09-2026,data\2026\09\29-09-2026.jpg,ಶ್ರಾವಣ/ಭಾದ್ರಪದ,ಪರಾಭವ,1948,ಸಿಂಹ/ಕನ್ಯಾ,06:08,18:11,"ಶ್ರಮವೇ ಯಶಸಿನ ಕೀಲಕ್ಕೆ,",ತೃತೀಯ ಮಹಾಲಯ,ಅಂಗಾರಕ ಸಂಕಷ್ಟ,ಚತುರ್ಥಿ (ಚಂ. 8:09),ವಿಶ್ವ ಹೃದಯ ದಿನ,ಬನಹಟ್ಟಿ ಕಾಡಸಿದ್ದೇಶ್ವರ ರಥ.,,,,,,,,,ತೃತೀಯಾ,17.11,ಅಶ್ವಿನಿ,09.04,ಈ,06.13,ನರ,06.14,ದಕ್ಷಿಣಾಯನ,ಸೌರ ಶರದ,13,ಕೃಷ್ಣ,ಕನ್ನಾ,ಮೇಷ,ಮ.,03:00,04:30,,,,ಮ.,12:00,01:30,,,,ಬೆ.,09:00,10:30,,,,ಬೆ.,07:30,09:00,,,,ಬೆ.,02:13,03:44,,,,ಅನುಕೂಲ,ಒಳ್ಳೆಯ ಸುದ್ದಿ,ಅನಂದ,ಕಾಟರ್ಕ ಸಂಪತ್ತು,ಕೋಪ,ಯಶಸ್ಸು,ದಯೆ,ಶ್ರೇಷ್ಠತೆ,ಸುರ್ಚು,ಸಂತೋಷ,ಯಶಸ್ಸು,ಪ್ರೋತ್ಸಾಹ
29-10-2026,data\2026\10\29-10-2026.jpg,ಭಾದ್ರಪದ/ಅಶ್ವೀನ,ಪರಾಭವ,1948,ಕನ್ಯಾ/ ತುಲಾ,06:12,17:54,"ವನದಲ್ಲಿ ಶಾಂತವಾಗಿರು, ಆದರೆ ಗುರಿಯಲ್ಲಿ ಹಠ",ದಾಶರಥಿ ಚತುರ್ಥಿ (ಚಂ. 8.೨1),ಕರವಾ,ಚೌಥ,ಪುನೀತ್‌ ರಾಜಕುಮಾರಸ್ಮೃತಿದಿನ,ಹಾಸನಾಂಬಾ ದರ್ಶನಾರಂಭ.,,,,,,,,,ಚತುರ್ಥಿ,22.11,ರೋಹಿಣಿ,11.12,ಪರಿಘ,24.06,ಬವ,11.38,ದಕ್ಷಿಣಾಯ,ರ್ಥಿ 22.11,13,ಕೃಷ್ಣ,ತುಲಾ,ವೃಷಭ,ಮ.,01:30,03:00,,,,ಬೆ.,9:00,10:30,,,,ಬೆ.,06:00,07:30,,,,ಮ.,03:06,5:31,,,,ಬೆ.,08:17,09:44,,,,ಸರ್ಧೆ,ತೊಂದರೆ,ಉತ್ಸಾಹ,ಕಾಟರ್ಕು ಸಮಸ್ಯೆ,ಪ್ರಯತ್ನ,ಖರ್ಚು,ಅಭಿವದ್ಧಿ,ಅನಂದ”,ಪ್ರೀತಿ,ಮರೆವ,ಲಾಭ,ಶಾಂತಿ
29-11-2026,data\2026\11\29-11-2026.jpg,ಅಶ್ವೀನ|ಕಾರ್ತಿಕ,ಪರಾಭವ,1948,ತುಲಾ/ವೃಶ್ಚಿಕ,06:24,17:50,ೇಶ ಸುತ್ತಿ ನೋಡು ಕೋಶ ಓದಿ ನೋಡು,ಷಷ್ಠಿ,ಸೌದತ್ತಿ ಮತ್ತು ಗುರ್ಲಹೊಸೂರು,ಚಿದಂಬರೇಶ್ವರ,ಚಿದಂಬರನಗರ ರಥಗಳು. ಬಿಜರಗಿ ಜಿ. ವಿಜಯಪುರ,ರೇಣುಕಾ,ದೇವದುರ್ಗ ಶ್ರೀ ಸಿದ್ದರಾಮೇಶ್ವರ ಜಾತ್ರೆಗಳು,,,,,,,,ಷಷ್ಠಿ,02.47,ಪುಷ್ಯ,11.00,ಹ್ಮಾ,17.0,ಗರಜ,14.48,ದಕ್ಷಿಣಾಯನ,ಸೌರ ಹೇಮಂತ,14,ಕೃಷ್ಣ,ವೃಶ್ಚಿಕ,ಕರ್ಕ,ಸ.,04:30,06:00,,,,ಮ.,03:00,30,,,,ಮ.,12:00,01:30,,,,ಬೆ.,1030,12:00,,,,ಬೆ.,05:05,06:33,,,,ಕೀರ್ತಿ,ಸಂತೋಷ,ಭಯ,ಒಳ್ಳೆಯದು,ಪ್ರೋತ್ಸಾಹ,ಬಿಕ್ಕುಗ,ಕೋಪ,ಗೌರವ,ಯಶಸ್ಸು,ಸರ್ದೆ,ಯಶಸ್ಸು,ಶುಭಸಮಾಚಾರ
30-01-2026,data\2026\01\30-01-2026.jpg,ಪುಷ್ಯ/ಮಾಘ,ವಿಶ್ವಾವಸು,1947,ಧನು/ಮಕರ,06:46,18:20,ಕ್ಲೈ ಕೆಸರಾದರೆ ಬಾಯಿ ಮೂಸರು,ಹುತಾತ್ಮರ ದಿನಾಚರಣೆ,ಮಹಾತ್ಮ ಗಾಂಧಿ ಪು.ತಿ.,ಮಾಂಜರಿ ತಾ. ಚಿಕ್ಕೋಡಿ ಲಕ್ಷ್ಮೀದೇವಿ ಜಾತ್ರೆ,ಹೊಸದುರ್ಗ ಸಪ್ತಾಹ ಸ. ಮುಳಗುಂದ ಸಿದ್ದೇಶ್ವರ,ರಥ.,,,,,,,,,ದ್ವಾದಶಿ,11.10,ಆರ್ದ್ರಾ,27.27,ವೈಥ್ಯತಿ,16.59,ಕೌಲವ,21.47,ಉತ್ತರಾಯಣ,ಸೌರ ಶಿಶಿರ,17,ಕೃಷ್ಣ,ಮಕರ,ಮಿಥುನ,ಮ.,10:30,12:00,,,,ಬೆ.,07:30,09:00,,,,ಮ.,0:00,04:30,,,,ಮ.,01:30,03:00,,,,ಸ.,06:18,07:46,,,,ಭಕ್ತಿ,ಶಾಂತಿ,ತೊಂದರೆ,ಪ್ರತಿಭೆ,ಸಂತೋಷ,ಯಶಸ್ಸು,ಆಯಾಸ,ಸಾಲ,ಪ್ರೋತ್ಸಾಹ,ಅಲೆದಾಟ,ಕೋಪ,ಪ್ರತಿರೋಧ
30-03-2026,data\2026\03\30-03-2026.jpg,ವಿಶ್ವಾವಸು ಪರಾಭವ,ವಿಶ್ವಾವಸು ಪರಾಭವ,1947,ಕುಂಭ/ಮೀನ,06:17,18:32,ತ ಸಾಧ್ಯ ಎಂಬುವುದು ಸಾಧಿಸುವ ಮೂದಲ ನ,ವಾಮನ ದ್ವಾದಶಿ,ವಿಷ್ಣು ದಮನೋತ್ಸವ,ಸೋಮಪ್ರದೋಷ,ಅನಂಗತ್ರಿಯೋದಶಿ,'ಶಿವರಥ,ಬೆಂಗಳೂರು ಬೆಂಕನಿಕೋಟೆ ರಥ ವಿಷ್ಣುವಿಗೆ ದವರ್ಣಾಪಣೆ.,,,,,,,,ದ್ವಾದಶಿ,07.10,ಮಘಾ,14.48,ಶೂಲ,15.31,ಕೌಲವ,19.00,ಉತ್ತರಾಯಣ,ಸೌರ ವಸಂತ,16,ಶುಕ್ಲ,ಮೀನ,ಸಿಂಹ,ಬೆ.,07:30,09:00,,,,ಮ.,01:30,03:00,,,,ಬೆ.,10:30,12:00,,,,ಬೆ.,09:00,1030,,,,ಸ.,12:23,01:59,,,,ಅನಾರೋಗ್ಗ,ಕೋಪ *,ಸಾಲ,ಸ್ನೇಹ,ಒಳ್ಳೆಯದು,ಅನುಕೂಲ,ಪ್ರಯತ್ನ,ಶಾರ್ಯ,ಪ್ರೀತಿ,ಯಶಸು,ಆತಂಕ,ಶಾಂತಿ
30-04-2026,data\2026\04\30-04-2026.jpg,ಚೈತ್ರ|ವೈಶಾಖ,ಪರಾಭವ,1948,ಮೀನ/ಮೇಷ,05:59,18:34,ದಯೆಯೇ ಧರ್ಮದ ಮೂಲವಯ್ಯ,ಶ್ರೀ ನೃಸಿಂಹ ಜಯಂತಿ,ಆದ್ಯ ಶಂಕರಾಚಾರ್ಯ,ಕೈಲಾಸಗಮನ. ಹೊನ್ನಾಳಿ `ತಾ. ರಾಮಪುರ,ಹಾಲಸ್ವಾಮಿ ಪುಣ್ಯತಿಥಿ.,,,,,,,,,,ಚತುರ್ದಶಿ,21.13,ಚಿತ್ರಾ,26.17,ವಜ್ರ,20.55,ಗರಜ,08.30,ಉತ್ತರಾಯಣ,ರ್ದಶಿ 21.13,17,ಶುಕ್ಲ,ಮೇ,ಕನ್ಯಾ,ಮ.,01:30,03:00,,,,ಬೆ.,09:00,10:30,,,,ಬೆ.,06:00,07:30,,,,ಮ.,03:00,30,,,,ಸ.,07:20,09:04,,,,ವಿಳಂಬ,ಪ್ರತಿರೋಧ,ಅನುಕೂಲ,ಖರ್ಚು,ಲಾಭ,ಸಾಲ,ತಾಳ್ಮೆ,ಯಶಸ್ಸು,ಆಸಕ್ತಿ,ಸಂಪತು,ಚಿಂತೆ,ಮೆಚ್ಚುಗೆ
30-06-2026,data\2026\06\30-06-2026.jpg,ಅ.ಜ್ಯೇಷ್ಠ/ನಿ.ಜ್ಯೇಷ್ಠ,ಪರಾಭವ ನಾಮ,1948,ವೃಷಭ/ಮಿಥುನ,05:57,18:40,"ನ್ನುವುದು ಆಕಸ್ಮಿಕ, ಆದರೆ ಪರಿಶ್ರಮ ಎನ್ನುವುದು",ಪೂರ್ವಾಷಾಢಾ ಪೂರ್ಣ,ನಿಜಜ್ಯೇಷ್ಠಮಾಸ ಕೃಷ್ಣಪಕ್ಷ,ಆರಂಭ,ಕೂಡ್ಲಿ ವಾಲುಕೇಶ್ವರ ಭಾರತೀಸ್ವಾಮಿಗಳ,ಆರಾಧನೆ,ಲಿಂಗಾನಂದಸ್ವಾಮಿ ಲಿಂಗೈಕ್ಯ ದಿನ,ಟಕ್ಕಳಕಿ,ತಾ. ಮುದ್ದೇಬಿಹಾಳ ಬಸವಲಿಂಗ ಶರಣ ಪುಣ್ಯತಿಥಿ.,,,,,,ಪ್ರತಿಪದಾ,FULL DAY,ಪೂ.ಷಾ.,FULL DAY,ಜ್ರಹ್ಮಾ,15.16,ಬಾಲವ,18.34,ದಕ್ಷಿಣಾಯನ,ಸೌರ ವರ್ಷಾ,16,ಕೃಷ್ಣ,ಮಿಥುನ,ಧನು,ಮ.,03:00,04:30,,,,ಮ.,12:00,01:30,,,,ಬೆ.,09:00,10:30,,,,ಬೆ.,07:30,09:00,,,,UNKNOWN,,,,,,ಪ್ರಗತಿ,ನರಾಶೆ,ಪ್ರೀತಿ,ಆನಂದ,ಪ್ರೀತಿ,ಯಶಸ್ಸು,ಕೀರ್ತಿ,ಒಳ್ಳೆಯದು,ಮೆಚ್ಚುಗೆ,ಅಭಿವೃದಿ,ಪ್ರೋತ್ಸಾಹ,ತಾಳ್ಮೆ
30-07-2026,data\2026\07\30-07-2026.jpg,ನಿಜ ಜ್ಯೇಷ್ಠ/ಆಷಾಢ,ಪರಾಭವ,1948,ಮಿಥುನ/ಕರ್ಕ,06:04,18:48,ಶ್ರಮಕ್ಕಯಾವತೂ ಮೋಸವೀ,ಇಂಗ್ಲೇಸಿ ತೋಯಲರ ಏಸು ಸಭೆ ಸ್ಥಾಪಿಸಿದ ದಿನ,ನೆಲವಿಗಿ,ಪ್ರಾಣದೇವರ ಪಲ್ಲಕಿ ಉತ್ಸವ,ಬೀದರ ಪಾಂಡುರಂಗ,ಪುಣ್ಯತಿಥಿ,ಕಡೇಗಲ್ಲ ಭೀಮಲಿಂಗೇಶ್ವರ ವೀರಾಶಾಸನ,ಜಯಂತಿ,ವೃಷಭ ತೀರ್ಥಂಕರ ಗರ್ಭಕಲ್ಯಾಣ.,,,,,,ಪ್ರತಿಪದಾ,21.31,ಶ್ರವಣ,17.44,ಆಯುಷ್ಕಾನ,24.05,ಬಾಲವ,08.51,ದಕ್ಷಿಣಾಯನ,ಸೌರ ವರ್ಷಾ,15,ಶುಕ್ಲ,ಕರ್ಕ,ಮಕರ,ಮ.,01:30,03:00,,,,ಬೆ.,9:00,10:30,,,,ಬೆ.,06:00,07:30,,,,ಮ.,03:00,04:30,,,,ಬೆ.,06:24,08:09,,,,ಅನುಕೂಲ,ಕೋಪ,ಅನುಕೂಲ,ಮೆಚ್ಚುಗೆ,ಕೀರ್ತಿ,ಶಾಂತಿ,ಫ್ರಯತ್ರ,ಪ್ರೋತ್ಸಾಹ,ಲಾಭ,ಆಸೆ,ಗೌರವ,ಪ್ರೋತ್ಸಾಹ
30-08-2026,data\2026\08\30-08-2026.jpg,ಆಷಾಢ|ಶ್ರಾವಣ,ಪರಾಭವ,1948,ಕರ್ಕ/ಸಿಂಹ,06:08,18:32,ಬೆವರು ಸುರಿಸಿದವನಿಗೆ ಫಲ ತಪ್ಪದು,ಆದಿತ್ಯ ಪೂಜೆ. ಪಂಚಕ. ರಾಘವೇಂದ್ರ ಸ್ವಾಮಿ ಆರಾಧನೆ.,ಪೂರ್ವಾ ಮಳೆ ಆರಂಭ,ಪರಟೀ ನಾಗಲಿಂಗೇಶ್ವರ ಜಾತ್ರೆ,ಚಿಕ್ಕೋಡಿ,ಬೆಳಗಾವಿ. ಹುಬ್ಬಳ್ಳಿ ಉಣಕಲ್‌ ಕ್ರಾಸ್‌ ಶ್ರೀ,"ದಾನಮ್ಮದೇವಿ ಮದುವೆ"" ಸಿಣ್ಣ ಕೈಗಾರಿಕಾ ದಿನ",,,,,,,,ದ್ವಿತೀಯಾ,09.38,ಉ. ಭಾ,27.45,ಶೂಲ,27.46,ವಣಿಜ,27.18,ದಕ್ಷಿಣಾಯನ,ಸೌರ ಶರದ,14,ಕೃಷ್ಣ,ಸಿಂಕ್‌,ಮೀನ,ಸ.,04:30,06:00,,,,ಮ.,05:00,04:30,,,,ಮ.,12:00,01:30,,,,ಬೆ.,1030,12:00,,,,UNKNOWN,10:56,12:32,,,,ಅನುಕೂಲ,ಯಶಸ್ಸು,ಯೋಗ,ಲಾಭ,ಆಸಕ್ತಿ,ಸಂತೋಷ,ಲಾಭ,ತಾಳ್ಮೆ,ಸಂತೋಷ,ಭಕಿ,ಶ್ರೇಷ್ಠತೆ,ಅಭಿವೃದ್ಧಿ
30-09-2026,data\2026\09\30-09-2026.jpg,ಶ್ರಾವಣ/ಭಾದ್ರಪದ,ಪರಾಭವ,1948,ಸಿಂಹ/ಕನ್ಯಾ,06:09,18:10,"ಯಶಸು,ಸಹನೆಯ ಫಲ",ಚತುರ್ಥಿ / ಪಂಚಮಿ ಮಹಾಲಯ ಕೃತ್ತಿಕಾ,ಶ್ರಾದ್ಧ,ಲಾಹಿರಿ ಮಹಾಶಯ ಜಯಂತಿ,ಬೃಹದ್‌ ಗೌರಿ ವ್ರತ.,,,,,,,,,,ಚತುರ್ಥಿ,14.56,ಕಿ,07.37,ವಶ್ರ,24.21,ಕೌಲವ,25.46,ದಕ್ಷಿಣಾಯನ,ರ್ಥಿ 14.56,14,ಕೃಷ್ಣ,ಕನ್ನಾ,ಮೇಷ,ಮ.,12:00,01:30,,,,ಬೆ.,10:30,12:00,,,,ಬೆ.,07:30,09:00,,,,ಬೆ.,06:00,07:30,,,,ಬೆ.,03:06,04:36,,,,ಧೈರ್ಯ,ಭಕ್ತಿ,ಪಸ,ಒಳ್ಳೆಯದು,ಆನಂದ,ಸ್ಪರ್ಧೆ,ತಾಳ್ಮೆ,ಖರ್ಚು,ಬಲ,ಸಂಪತ್ತು,ಸಂತೋಷ,ಅಭಿವೃದ್ಧಿ
30-10-2026,data\2026\10\30-10-2026.jpg,ಭಾದ್ರಪದ/ಅಶ್ವೀನ,ಪರಾಭವ,1948,ಕನ್ಯಾ/ ತುಲಾ,06:12,17:53,ನಿನ್ನಮೌನದಲೂ ನಿನ್ನಗುರಿ ಗಟಿಯಾಗಿರ,ಶ್ರೀ ಮಾಧವಾನಂದಪ್ರಭು ಜಯಂತಿ ಮತ್ತು ಶ್ರೀ ಗಿರೀಶ ಭಾ.,ಪೂಜಾರಿ ಪು.ತಿ. ಇಂಚಗೇರಿ,ಶೃಂಗೇರಿಜ,ಶ್ರೀಮದಭಿನವ,ವಿದ್ರಾತೀರ್ಥಸ್ವಾಮಿ ಪಟ್ಟಾಭಿಷೇಕ,ಹನುಮಟ್ಟಿ,ಶ್ರೀ ಕಾತ್ಯಾಯಿನಿ,ಅಂಕೋಲಾ,ಅವರ್ಸಿ ವಡೆಪಂಚಮಿ,,,,,ಪಂಚಮಿ,19.25,ಮೃಗಶಿರಾ,09.05,ಶಿವ,20.42,₹೫೪0೪,08.46,ದಕ್ಷಿಣಾಯ,ಸೌರ ಹೇಮಂತ,14,ಕೃಷ್ಣ,ತುಲಾ,ಮಿಥುನ,ಬೆ.,10:30,12:00,,,,ಬೆ.,0730,09:00,,,,ಮ.,08:00,04:30,,,,ಮ.,1:56,8:6,,,,UNKNOWN,185,118,,,,ದ್ದೇಷ,ಸ್ನೇಹ,ಖರ್ಚು,ಉತ್ಸಾಹ,ಅನುಕೂಲ,ಅಭಿವೃದ್ದಿ,ಪರಿಶಮ,ಒಳ್ಳೆಯ ಕೆಲಸ,ಶಾಂತಿ,ಲಾಭ,ಮೆಚ್ಚುಗೆ,ಅಭಿವೃದ್ಧಿ
30-11-2026,data\2026\11\30-11-2026.jpg,ಅಶ್ವೀನ|ಕಾರ್ತಿಕ,ಪರಾಭವ,1948,ತುಲಾ/ವೃಶ್ಚಿಕ,06:25,17:51,ೇಶ ಸುತ್ತಿ ನೋಡು ಕೋಶ ಓದಿ ನೋಡು,ಸ್ವದೇಶಿ ಚಳುವಳಿಯ ನೇತಾರ ರಾಜೀವ ದೀಕ್ಷಿತ,ಪುಣ್ಯಸ್ಮರಣೆ,ಮರಡಿ ತಾ. ಬೈಲಹೊಂಗಲ,ಬಸವೇಶ್ವರರ ರಥ.,,,,,,,,,,ಸಪ್ತಮಿ,24.12,ಆಶ್ಲೇಷಾ,09.42,ಐಂದ್ರ,14.27,ವಿಷ್ಟಿ,12.55,ದಕ್ಷಿಣಾಯನ,ಸೌರ ಹೇಮಂತ,15,ಕೃಷ್ಣ,ವೃಶ್ಚಿಕ,ಕರ್ಕ,ಬೆ.,07:30,09:00,,,,ಮ.,01:30,8:00,,,,ಬೆ.,10:30,12:00,,,,ಬೆ.,09:00,10:30,,,,ಬೆ.,08:11,09:42,,,,ಆನಂದ,ಯಶಸ್ಸು,ಒಳ್ಳೆಯದು,ಭಯ,ಕೋಪ,ಸ್ಪರ್ಧೆ,ಗೌರವ,ಖರ್ಚು,ಸಂತೋಷ,ಅನುಕೂಲ,ಯಶಸ್ಸು,ಪ್ರೋತ್ಸಾಹ
31-01-2026,data\2026\01\31-01-2026.jpg,ಪುಷ್ಯ/ಮಾಘ,ವಿಶ್ವಾವಸು,1947,ಧನು/ಮಕರ,06:46,18:20,"ಬೇ ಮೊದಲ ಪಾಠಶಾಲೆ, ತಾಯಿಯೇ ಮೊದ",ವಿಶ್ವಕರ್ಮಾ ಜಯಂತಿ,ಮೂಡಿ ಶ್ರೀ ಶಿವಲಿಂಗೇಶ್ವರ,ತಾ. ಸೊರಬ,ಮುಂಡರಗಿ ಅನ್ನದಾನೇಶ್ವರಿ,ಜಾತ್ರೆಗಳು,ಮುಳಗುಂದ ಬಾಲಲೀಲಾ ಮಹಾಂತ,ಶಿವಯೋಗಿ ರಥ.,,,,,,,ಕ,08.26,ಪುನರ್ವಸು,25.34,ವಿಷ್ಕಂಭ,13.33,ಗರಜ,19.08,ಉತ್ತರಾಯಣ,ಸೌರ ಶಿಶಿರ,18,ಶುಕ್ಲ,ಮಕರ,20.01,ಬೆ.,09:00,10:30,,,,ಬೆ.,06:00,07:30,,,,ಮ.,01:30,03:00,,,,ಮ.,12:00,01:30,,,,ರಾ.,11:21,12:49,,,,ಪ್ರತಿರೋಧ,ಸೌಮ್ಯತೆ,ಪ್ರಗತಿ,ಸಾಲ,ಸಂತೋಷ,ದೃಢ ನಿರ್ಧಾರ,ಶಾಂತಿ,ಸಂತೋಷ,ಖರ್ಚು,ಮೆಚ್ಚುಗೆ,ಅಲೆದಾಟ,ಪ್ರೋತ್ಸಾಹ
31-03-2026,data\2026\03\31-03-2026.jpg,ವಿಶ್ವಾವಸು ಪರಾಭವ,ವಿಶ್ವಾವಸು ಪರಾಭವ,1947,ಕುಂಭ/ಮೀನ,06:16,18:31,"ವಿಶ್ವಾಸದಿಂದ ಮುನ್ನಡೆ, ಯಶಸ್ಸು ನಿನ್ನದಾಗುವ",ಶ್ರೀ ಮಹಾವೀರ ಜಯಂತಿ,ದಮನಕ ಚತುರ್ದಶಿ,ಮಹಾದೇವನಿಗೆ ದವಣಾರ್ಪಣೆ ಕುಂಬದಾಳಿ ದೇಲಮಪಾಡಿ,ಉತ್ಸವ,ನರಸಿಂಹ ದೋಲೊತ್ಸವ,ಬ್ಯಾಂಕಿನ ವರ್ಷದ,ಕೊನೆಯ ದಿನ.,,,,,,,ತ್ರಯೋದಶಿ,06.56,ಪೂರ್ವಾ,15.21,ಗಂಡ,15.51,ಗರಜ,18.59,ಉತ್ತರಾಯಣ,ಸೌರ ವಸಂತ,17,ಶುಕ್ಲ,ಮೀನ,ಸಿಂಹ,ಮ.,03:00,04:30,,,,ಮ.,12:00,01:30,,,,ಬೆ.,09:00,10:30,,,,ಬೆ.,0730,0910,,,,ಬೆ.,08:48,10:26,,,,ಕೀರ್ತಿ,ಯಶಸ್ಸು,ಅನಾರೋಗ್ಗ,ಶ್ರೇಷ್ಠತೆ *,ಶಾಂತಿ,ಖರ್ಚು,ವಿಳಂಬ,ಪ್ರೋತ್ಸಾಹ,ಅಭಿವೃದ್ದಿ,ಪಯತ,ಅಭಿವೃದ್ಧಿ,ಲಾಭ”
31-05-2026,data\2026\05\31-05-2026.jpg,ವೈಶಾಖ|ಅಧಿಕ ಜ್ಯೇಷ್ಠ,ಪರಾಭವ,1948,ಮೇಷ/ವೃಷಭ,05:52,18:42,ಮ ಮಾಡಿದ ಪ್ರಯತ್ನವೇ ನಾಳೆಯ ಯಶಸ,ಅಧಿಕ ಕಾರ ಹುಣ್ಣಿಮೆ,ವಿಶ್ವ ತಂಬಾಕು ರಹಿತ,ದಿನ,,,,,,,,,,,ಹುಣ್ಣಿಮೆ,14.15,ಅನುರಾಧಾ,16.21,_ಸಿದ್ಧ,FULL DAY,ಬಾಲವ,27.26,ಉತ್ತರಾಯಣ,ಸಂರ ಗ್ರೀಷ್ಮ,17,ಶುಕ್ಲ,ಮೇಷ,ವೃಶ್ಚಿಕ,ಸ.,04:30,06:00,,,,ಮ.,03:00,04:30,,,,ಮ.,12:00,01:30,,,,ಬೆ.,10:30,12:00,,,,ಸ.,04:33,06:21,,,,ಆಲೋಚನೆ,ದಯೆ,ಯೋಗ,ಗಮನ,ಕೀರ್ತಿ,ತಾಳ್ಮೆ,ಭಯ,ಲಾಭ,ಆನಂದ,ಒಳ್ಳೆಯ ಸುದ್ದಿ,ಸಮಸ್ಯೆ,ಅನುಕೂಲ
31-07-2026,data\2026\07\31-07-2026.jpg,ನಿಜ ಜ್ಯೇಷ್ಠ/ಆಷಾಢ,ಪರಾಭವ,1948,ಮಿಥುನ/ಕರ್ಕ,06:05,18:48,"ನವಾಗಿ ದುಡಿ, ಫಲವೇ ಮಾತನ:",ಹೊನ್ನಾಳಿ ತಾ|| ರಾಂಪೂರ ಹಾಲಸ್ವಾಮಿ ಪುಣ್ಯದಿನ,ನಾನಾ,ಶರಿಕರರೇಟ ಪುಣ್ಯದಿನ,ಅಶೂನ್ಯ ಶಯನೆ ವ್ರತ,ವಿದ್ಯಾತೀರ್ಥರ ಆರಾಧನೆ ಹುಣಸಿ ಹೊಳೆ,ಮೇಲುಕೋಟೆ,ಮಹಾಭಿಷೇಕ ಮತ್ತು ಕಲ್ಯಾಣೋತ್ಸವ.,,,,,,,ದ್ವಿತೀಯಾ,22.32,ಧನಿಷ್ಠಾ,19.27,ಸೌಭಾಗ್ಯ,23.54,ತೈತಿಲ,10.05,ದಕ್ಷಿಣಾಯನ,ಸೌರ ವರ್ಷಾ,16,ಶುಕ್ಲ,ಕರ್ಕ,ಮಕರ,ಬೆ.,10:30,12:00,,,,ಬೆ.,0:30,09:00,,,,ಮ.,03:00,04:30,,,,ಮ.,01:30,03:00,,,,ಬೆ.,08:18,10:00,,,,ಯಶಸ್ಸು,ಸಹಾಯ,ಭಕಿ,ಕೋಪ,ಸಾಲ,ಕೀರ್ತಿ,ಸಂಪತು,ಲಾಭ,ಖರ್ಚು,ಅಭಿವದಿ,ಅನುಕೂಲ,ಯಶಸ್ಸು
31-08-2026,data\2026\08\31-08-2026.jpg,ಆಷಾಢ|ಶ್ರಾವಣ,ಪರಾಭವ,1948,ಕರ್ಕ/ಸಿಂಹ,06:08,18:31,ಅವಸರದಲ್ಲಿ ಮಾಡಿದ ಕೆಲಸ ಅಳುವಿಗೆ ಕಾರ£,ಸಂಕಷ್ಟ ಚತುರ್ಥಿ (ಚಂ 8.43),3ನೇ ಶ್ರಾವಣ ಸೋಮವಾರ.,ಶಿವಾಮುಷ್ಠಿ ಹೆಸರು. ಪಂಚಕ ಸಮಾಪ್ತಿ. ಈದೆ ಮೌಲುದ್‌.,ಅಗಡಿ ಶೇಷಾಚಲ ಸದ್ಗುರು ಪುಣ್ಯಸ್ಮರಣೆ,ರಾಘವೇಂದ್ರ,ಸ್ವಾಮಿಗಳ ರಥೋತ್ಸವ,ಮಂತ್ರಾಲಯ,,,,,,,ತೃತೀಯಾ,08.52,ರೇವತಿ,27.24,ಗಂಡ,25.51,ಬವ,20.20,ದಕ್ಷಿಣಾಯನ,ಸೌರ ಶರದ,15,ಕೃಷ್ಣ,ಸಿಂಕು,ಮೀನ,ಬೆ.,07:30,09:00,,,,ಮ.,0113,03:00,,,,ಬೆ.,10:30,12:00,,,,ಬೆ.,09:00,10:30,,,,UNKNOWN,,,,,,ಮೆಚ್ಚುಗೆ,ಸಮಸ್ಯೆ,ಗಮನ,ಸ್ಪರ್ಧೆ,ಸ್ನೇಹ,ಲಾಭ,ಭಯ,ಕೋಪ,ಆಯಾಸ,ತಾಳ್ಮೆ,ಸಾಧನೆ,ಗೊಂದಲ
31-10-2026,data\2026\10\31-10-2026.jpg,ಭಾದ್ರಪದ/ಅಶ್ವೀನ,ಪರಾಭವ,1948,ಕನ್ಯಾ/ತುಲಾ,06:13,17:53,ಇಂದಿನ ತ್ನಾಗವೇ ನಾಳೆಯ ಗೌರವ,ಸಿಂಹಸ್ಥ ಕುಂಭಮೇಳ ಪ್ರಾರಂಭ ತ್ವಂಬಕೇಶ್ವರ ಜಿ.,ನಾಶಿಕ,ರಾಷ್ಟ್ರೀಯ ಏಕತಾ ದಿನ,ಇಂದಿರಾ ಗಾಂಧಿ,ಪುಣ್ಯದಿನ,ಸರದಾರ್‌ ವಲ್ಲಭಭಾಯಿ ಪಟೇಲ್‌ ಜಯಂತಿ,ಕೊಡಗು ತಲಕಾವೇರಿ ಜಾತ್ರೆ.,,,,,,,ಷಷ್ಠಿ,16.58,2%,07.12,ಸಿದ್ದ,17.32,ವಿಷ್ಟಿ,7.32,ದಕ್ಷಿಣಾಯನ,ಸೌರ ಹೇಮಂತ,15,ಕೃಷ್ಣ,ತುಲಾ,ಮಿಥುನ,ಬೆ.,09:00,10:30,,,,ಬೆ.,66:00,87:36,,,,ಮ.,01:30,03:00,,,,ಮ.,12:00,01:30,,,,UNKNOWN,,,,,,ದುರಾಸೆ,ಯಶಸ್ಸು,ಸಂತೋಷ,ಪ್ರತಿರೋಧ,ಕುತೂಹಲ,ಗೊಂದಲ,ಪರೀಕ್ಷೆ,ದಯ,ಸ್ನೇಹ,ಸಾಲ,ಲಾಭ,ಸ್ಪರ್ಧೆ
