date,months,months_source,samvatsara,samvatsara_source,shaka_year,shaka_year_source,tithi_name,tithi_ends,tithi_source,paksha,paksha_source,nakshatra_name,nakshatra_ends,nakshatra_source,yoga_name,yoga_ends,yoga_source,karana_name,karana_ends,karana_source,ayana,ayana_source,solar_rashi,solar_rashi_source,chandra_rashi,chandra_rashi_source,sunrise,sunrise_source,sunset,sunset_source,rahu_kala,rahu_kala_source,gulika_kala,gulika_kala_source,yamaganda,yamaganda_source,artha_prahara,artha_prahara_source,shubha_samaya,shubha_samaya_source,jathaka_source,ಮೇಷ,ವೃಷಭ,ಮಿಥುನ,ಕರ್ಕಾಟಕ,ಸಿಂಹ,ಕನ್ಯಾ,ತುಲಾ,ವೃಶ್ಚಿಕ,ಧನಸ್ಸು,ಮಕರ,ಕುಂಭ,ಮೀನ
2026-01-01,ಪುಷ್ಯ/ಮಾಘ,kannada calendar.in,ವಿಶ್ವಾವಸು,kannada calendar.in,1947,kannada calendar.in,ತ್ರಯೋದಶಿ,20:46,PV Calendar,ಕೃಷ್ಣ,kannada calendar.in,ರೋಹಿಣಿ,21:50,PV Calendar,೫೫೪,17:13,kannada calendar.in,ಕೌಲವ,12:07,kannada calendar.in,ಉತ್ತರಾಯಣ,kannada calendar.in,ದನಸು,kannada calendar.in,ವೃಷಭ,kannada calendar.in,06:41,kannada calendar.in,18:04,kannada calendar.in,13:30 – 15:00,PV Calendar,09:00 – 10:30,PV Calendar,06:00 – 07:30,PV Calendar,15:00 – 16:30,kannada calendar.in,07:57 – 09:23,kannada calendar.in,kannada calendar.in,ಒಳ್ಳೆಯದು,ಲಾಭ,ಸೌಮೃತೆ,ಸ್ಪರ್ಧೆ,ಸ್ನೇಹ,ಪ್ರೋತ್ಸಾಹ,ಕುತೂಹಲ,ಗಮನ,ಸಹಾಯ,ಯಶಸು,ಕೀರ್ತಿ,ಅನುಕೂಲ
2026-01-02,ಪುಷ್ಯ/ಮಾಘ,kannada calendar.in,ವಿಶ್ವಾವಸು,kannada calendar.in,1947,kannada calendar.in,ಚತುರ್ದಶಿ,18:28,PV Calendar,ಶುಕ್ಲ,kannada calendar.in,ಮೃಗಶಿರಾ,20:14,PV Calendar,ಶುಕ್ಕ,13:07,kannada calendar.in,ಗಾ,08:38,kannada calendar.in,ಉತ್ತರಾಯಣ,kannada calendar.in,ದನಸು,kannada calendar.in,,,06:42,kannada calendar.in,18:05,kannada calendar.in,10:30 – 12:00,PV Calendar,07:30 – 09:00,PV Calendar,15:00 – 16:30,PV Calendar,13:30 – 15:00,kannada calendar.in,12:16 – 13:41,kannada calendar.in,kannada calendar.in,ಅನುಕೂಲ,ಖರ್ಚು,ಲಾಭ,ಶ್ರೇಷ್ಠತೆ,ಬುದ್ದಿವಂತಿಕೆ,ಪ್ರಗತಿ,ಶಾಂತಿ,ಸೌಮ್ಯತೆ,ಪ್ರೀತಿ,ಸಂತೋಷ,ಯಶಸ್ಸು,ಆನಂದ
2026-01-03,ಪುಷ್ಯ/ಮಾಘ,kannada calendar.in,ವಿಶ್ವಾವಸು,kannada calendar.in,1947,kannada calendar.in,ಪೂರ್ಣಿಮಾ,16:24,PV Calendar,ಶುಕ್ಲ,kannada calendar.in,ಆರಿದ್ರಾ,18:36,PV Calendar,ಬಿಷ್ಕಭ,09:05,kannada calendar.in,ಬಾಲವ,05:59,kannada calendar.in,ಉತ್ತರಾಯಣ,kannada calendar.in,ದನಸು,kannada calendar.in,ಮಿಥುನ,kannada calendar.in,06:42,kannada calendar.in,18:05,kannada calendar.in,09:00 – 10:30,PV Calendar,06:00 – 07:30,PV Calendar,13:30 – 15:00,PV Calendar,12:00 – 13:30,kannada calendar.in,08:33 – 09:58,kannada calendar.in,kannada calendar.in,ಚಿಂತೆ,ಪ್ರತಿರೋಧ,ಸಾಲ,ದುಃಖ,ಕೀರ್ತಿ,ಪ್ರೋತ್ಸಾಹ,ಸಹಾಯ,ಮರೆವು,ಪ್ರೀತಿ,ಗೌರವ,ಅಭಿವೃದ್ದಿ,ಸ್ಪರ್ಧೆ
2026-01-04,ಪುಷ್ಯ/ಮಾಘ,kannada calendar.in,ವಿಶ್ವಾವಸು,kannada calendar.in,1947,kannada calendar.in,ಪಾಡ್ಯ,14:29,PV Calendar,ಕೃಷ್ಣ,kannada calendar.in,ಪುನರ್ವಸು,17:34,PV Calendar,ವೈಧ್ಯತಿ,ಮರುದಿನ 01:47,kannada calendar.in,ತೈತಿಲ,23:10,kannada calendar.in,ಉತ್ತರಾಯಣ,kannada calendar.in,ದನಸು,kannada calendar.in,,,06:42,kannada calendar.in,18:06,kannada calendar.in,16:30 – 18:00,PV Calendar,15:00 – 16:30,PV Calendar,12:00 – 13:30,PV Calendar,10:30 – 12:00,kannada calendar.in,13:01 – 14:27,kannada calendar.in,kannada calendar.in,ಭಕ್ತಿ,ದಯೆ,ಭಯ,ಪ್ರತಿರೋಧ,ದಯೆ,ಪ ಮೆಚ್ಚುಗೆ,ಪ್ರೀತಿ,ವಿಶ್ರಾಂತಿ,ಸಾಲ,ಪಗತಿ,ಯಶಸ್ಸು,ಕೀರ್ತಿ
2026-01-05,ಪುಷ್ಯ/ಮಾಘ,kannada calendar.in,ವಿಶ್ವಾವಸು,kannada calendar.in,1947,kannada calendar.in,ಬಿದಿಗೆ,12:53,PV Calendar,ಕೃಷ್ಣ,kannada calendar.in,ಪುಷ್ಯ,16:45,PV Calendar,ವಿಷ್ಕಂಭ,22:47,kannada calendar.in,ವಣಿಜ,20:54,kannada calendar.in,ಉತ್ತರಾಯಣ,kannada calendar.in,ದನಸು,kannada calendar.in,ಕರ್ಕ,kannada calendar.in,06:43,kannada calendar.in,18:06,kannada calendar.in,07:30 – 09:00,PV Calendar,13:30 – 15:00,PV Calendar,10:30 – 12:00,PV Calendar,09:00 – 10:30,kannada calendar.in,07:29 – 08:58,kannada calendar.in,kannada calendar.in,ಒಳ್ಳೆಯದು,ಅನುಕೂಲ,ಖರ್ಚು,ಪ್ರಗತಿ,ಆಸಕ್ತಿ,ಸೌಮ್ಯತೆ,ಯಶಸ್ಸು,ಸಮಸ್ಯೆ,ಸಂತೋಷ,ಆನಂದ,ಬುದ್ದಿವಂತಿಕೆ,ಅಭಿವೃದ್ದಿ
2026-01-06,ಪುಷ್ಯ/ಮಾಘ,kannada calendar.in,ವಿಶ್ವಾವಸು,kannada calendar.in,1947,kannada calendar.in,ತದಿಗೆ,11:37,PV Calendar,ಕೃಷ್ಣ,kannada calendar.in,ಆಶ್ಲೇಷ,16:11,PV Calendar,ಶ್ರೀತಿ,02:21,kannada calendar.in,ಬವ,19:22,kannada calendar.in,ಉತ್ತರಾಯಣ,kannada calendar.in,ದನಸು,kannada calendar.in,,,06:43,kannada calendar.in,18:07,kannada calendar.in,15:00 – 16:30,PV Calendar,12:00 – 13:30,PV Calendar,09:00 – 10:30,PV Calendar,07:30 – 09:00,kannada calendar.in,10:46 – 12:17,kannada calendar.in,kannada calendar.in,ಅನುಕೂಲ,ವಿಶ್ರಾಂತಿ,ಮೆಚ್ಚುಗೆ,ಆನಂದ,ಅನಾರೋಗ್ಯ,ಭಕ್ತಿ,ಲಾಭ,ಅಭಿವೃದ್ದಿ,ಸಂಪತ್ತು,ಶಾಂತಿ,ಯಶಸ್ಸು,ಸಂತೋಷ
2026-01-07,ಪುಷ್ಯ/ಮಾಘ,kannada calendar.in,ವಿಶ್ವಾವಸು,kannada calendar.in,1947,kannada calendar.in,ಚೌತಿ,10:38,PV Calendar,ಕೃಷ್ಣ,kannada calendar.in,ಮಘ,16:03,PV Calendar,ಆಯು,18:34,kannada calendar.in,ಕೌಲವ,18:37,kannada calendar.in,ಉತ್ತರಾಯಣ,kannada calendar.in,ದನಸು,kannada calendar.in,ಸಿಂಹ,kannada calendar.in,06:43,kannada calendar.in,18:08,kannada calendar.in,12:00 – 13:30,PV Calendar,10:30 – 12:00,PV Calendar,07:30 – 09:00,PV Calendar,06:00 – 07:30,kannada calendar.in,09:34 – 11:09,kannada calendar.in,kannada calendar.in,ಭಯ,ಸಂತೋಷ,ಅಬಿವುದಿ,ಕುತೂಹಲಿ,ಆಸಕ್ತಿ,ತೊಂದರೆ,ಪ್ರೋತ್ಸಾಹ,ಒಳ್ಳೆಯದು,ಯಶಸ್ಸು,ಕರುಣೆ,ಯಶಸ್ಸು,ಕೀರ್ತಿ
2026-01-08,ಪುಷ್ಯ/ಮಾಘ,kannada calendar.in,ವಿಶ್ವಾವಸು,kannada calendar.in,1947,kannada calendar.in,ಪಂಚಮಿ,10:26,PV Calendar,ಕೃಷ್ಣ,kannada calendar.in,ಪುಬ್ಬ,16:14,PV Calendar,ಸೌಭಾಗ್ಯ,17:21,kannada calendar.in,ಗರಜ,18:44,kannada calendar.in,ಉತ್ತರಾಯಣ,kannada calendar.in,ದನಸು,kannada calendar.in,,,06:44,kannada calendar.in,18:08,kannada calendar.in,13:30 – 15:00,PV Calendar,09:00 – 10:30,PV Calendar,06:00 – 07:30,PV Calendar,,,05:53 – 07:31,kannada calendar.in,kannada calendar.in,ಉತ್ಸಾಹ,ಸ್ಫರ್ಧೆ,ಸೌಮ್ಯತೆ,ವಿಶ್ರಾರತಿ,ಲಾಭ,ಸ್ನೇಹ,ನಷ್ಟ,ಖರ್ಚು,ಆತಂಕ,ಗೌರವ,ಪ್ರತಿರೋಧ,ಭಯ
2026-01-09,ಪುಷ್ಯ/ಮಾಘ,kannada calendar.in,ವಿಶ್ವಾವಸು,kannada calendar.in,1947,kannada calendar.in,ಷಷ್ಠಿ,10:38,PV Calendar,ಕೃಷ್ಣ,kannada calendar.in,ಉತ್ತರಾ,17:15,PV Calendar,ಶೋಭನ,16:56,kannada calendar.in,ವಿಷ್ಟಿ,19:40,kannada calendar.in,ಉತ್ತರಾಯಣ,kannada calendar.in,ದನಸು,kannada calendar.in,ಕನ್ನಾ,kannada calendar.in,06:44,kannada calendar.in,18:09,kannada calendar.in,10:30 – 12:00,PV Calendar,07:30 – 09:00,PV Calendar,15:00 – 16:30,PV Calendar,,,06:06 – 07:47,kannada calendar.in,kannada calendar.in,ಯಶಸ್ಸು,ಯಶಸ್ಸು,ಅಬಿವುದಿ,ಸಾಲ,ಮರೆವು,ಸಹಾಯ,ಲಾಭ,ಗೌರವ,ಅನುಕೂಲ,ಒಳ್ಳೆಯದು,ಅಸೂಯೆ,ಪ್ರೋತ್ಸಾಹ
2026-01-10,ಪುಷ್ಯ/ಮಾಘ,kannada calendar.in,ವಿಶ್ವಾವಸು,kannada calendar.in,1947,kannada calendar.in,ಸಪ್ತಮಿ,10:46,PV Calendar,ಕೃಷ್ಣ,kannada calendar.in,ಹಸ್ತಾ,18:06,PV Calendar,ಅತಿಗಂಡ,16:51,kannada calendar.in,ಬಾಲವ,21:18,kannada calendar.in,ಉತ್ತರಾಯಣ,kannada calendar.in,ದನಸು,kannada calendar.in,,,06:44,kannada calendar.in,18:09,kannada calendar.in,09:00 – 10:30,PV Calendar,06:00 – 07:30,PV Calendar,13:30 – 15:00,PV Calendar,12:00 – 13:30,kannada calendar.in,09:10 – 10:54,kannada calendar.in,kannada calendar.in,ಕೀರ್ತಿ,ಮೆಚ್ಚುಗೆ,ಗಮನ,ಚಿಂತೆ,ಪ್ರೀತಿ,ಪ್ರಗತಿ,ಲಾಭ,ಶಾಂತಿ,ಖರ್ಚು,ಗೌರವ,ಉಡುಗೊರೆ,ಸಂತೋಷ
2026-01-11,ಪುಷ್ಯ/ಮಾಘ,kannada calendar.in,ವಿಶ್ವಾವಸು,kannada calendar.in,1947,kannada calendar.in,ಅಷ್ಟಮಿ,12:25,PV Calendar,ಕೃಷ್ಣ,kannada calendar.in,ಚಿತ್ತಾ,20:18,PV Calendar,ಸುಕರ್ಮಾ,17:27,kannada calendar.in,ತೈತಿಲ,23:30,kannada calendar.in,ಉತ್ತರಾಯಣ,kannada calendar.in,ದನಸು,kannada calendar.in,ತುಲಾ,kannada calendar.in,06:44,kannada calendar.in,18:10,kannada calendar.in,16:30 – 18:00,PV Calendar,15:00 – 16:30,PV Calendar,12:00 – 13:30,PV Calendar,10:30 – 12:00,kannada calendar.in,11:07 – 12:53,kannada calendar.in,kannada calendar.in,ಅಭಿವೃದ್ದಿ,ಒಳ್ಳೆಯೆದು,ವಿಶ್ರಾಂತಿ,ತೊಕದರೆ,ಲಾಭ,ಸ್ನೇಹ,ಭಕ್ತಿ,ಅನುಕೂಲ,ಯಶಸ್ಸು,ಸಂತೋಷ,ಆಯಾಸ,ಸ್ಪರ್ಧೆ
2026-01-12,ಪುಷ್ಯ/ಮಾಘ,kannada calendar.in,ವಿಶ್ವಾವಸು,kannada calendar.in,1947,kannada calendar.in,ನವಮಿ,14:08,PV Calendar,ಕೃಷ್ಣ,kannada calendar.in,ಸ್ವಾತಿ,22:31,PV Calendar,ಧೃತಿ,18:12,kannada calendar.in,ವಣಿಜ,ಮರುದಿನ 02:00,kannada calendar.in,ಉತ್ತರಾಯಣ,kannada calendar.in,ದನಸು,kannada calendar.in,ತುಲಾ,kannada calendar.in,06:45,kannada calendar.in,18:10,kannada calendar.in,07:30 – 09:00,PV Calendar,13:30 – 15:00,PV Calendar,10:30 – 12:00,PV Calendar,09:00 – 10:30,kannada calendar.in,,,kannada calendar.in,ಖರ್ಚು,ಪ್ರೋತ್ಸಾಹ,ದಾನ,ಗೌರವ,ಉಡುಗೊರೆ,ಅಭಿವೃದ್ದಿ,ಆಸಕ್ತಿ,ಅನುಕೂಲ,ಗಮನ,ಶಾಂತಿ,ಯಶಸ್ಸು,ನಷ್ಟ
2026-01-13,ಪುಷ್ಯ/ಮಾಘ,kannada calendar.in,ವಿಶ್ವಾವಸು,kannada calendar.in,1947,kannada calendar.in,ದಶಮಿ,15:57,PV Calendar,ಕೃಷ್ಣ,kannada calendar.in,ವಿಶಾಖ,ಮರುದಿನ 00:58,PV Calendar,ಶೂಲ,19:05,kannada calendar.in,ಬವ,ಮರುದಿನ 04:37,kannada calendar.in,ಉತ್ತರಾಯಣ,kannada calendar.in,ದನಸು,kannada calendar.in,,,06:45,kannada calendar.in,18:11,kannada calendar.in,15:00 – 16:30,PV Calendar,12:00 – 13:30,PV Calendar,09:00 – 10:30,PV Calendar,07:30 – 09:00,kannada calendar.in,14:12 – 16:00,kannada calendar.in,kannada calendar.in,ಅನುಕೂಲ,ಶ್ರೇಷ್ಠತೆ,ಪ್ರಾಮಾಣಿಕತೆ,ು ಲಾಭ,ಸಂತೋಷ,ಸಂತೋಷ,ಭಯ,ಸ್ಪರ್ಧೆ,ಮೆಚ್ಚುಗೆ,ಪ್ರೀತಿ,ಸಂಪತ್ತು,ಪ್ರಗತಿ
2026-01-14,ಪುಷ್ಯ/ಮಾಘ,kannada calendar.in,ವಿಶ್ವಾವಸು,kannada calendar.in,1947,kannada calendar.in,ಏಕಾದಶಿ,18:03,PV Calendar,ಕೃಷ್ಣ,kannada calendar.in,ಅನೂರಾಧ,ಮರುದಿನ 03:37,PV Calendar,ಗಂಡ,19:56,kannada calendar.in,ಕೌಲವ,—,kannada calendar.in,ಉತ್ತರಾಯಣ,kannada calendar.in,ಧನಸ್ಸು,kannada calendar.in,ವಶ್ಚಿಕ,kannada calendar.in,06:45,kannada calendar.in,18:11,kannada calendar.in,12:00 – 13:30,PV Calendar,10:30 – 12:00,PV Calendar,07:30 – 09:00,PV Calendar,06:00 – 07:30,kannada calendar.in,15:23 – 17:10,kannada calendar.in,kannada calendar.in,ಭಕ್ತಿ,ಯಶಸ್ಸು,ಸಾಲ,ದುಃಖ,ಯಶಸ್ಸು,ವಿನಯ,ತೊಂದರೆ,ಕರುಣೆ,ಪ್ರೀತಿ,ಸಂತೋಷ,ಒಳ್ಳೆಯದು,ತೊಂದರೆ
2026-01-15,ಪುಷ್ಯ/ಮಾಘ,kannada calendar.in,ವಿಶ್ವಾವಸು,kannada calendar.in,1947,kannada calendar.in,ದ್ವಾದಶಿ,21:15,PV Calendar,ಕೃಷ್ಣ,kannada calendar.in,ಜ್ಯೇಷ್ಠ,06:14,PV Calendar,ವೃದ್ಧಿ,02:38,kannada calendar.in,ಕೌಲವ,07:07,kannada calendar.in,ಉತ್ತರಾಯಣ,kannada calendar.in,ಮಕರ,kannada calendar.in,,,06:45,kannada calendar.in,18:12,kannada calendar.in,13:30 – 15:00,PV Calendar,09:00 – 10:30,PV Calendar,06:00 – 07:30,PV Calendar,15:00 – 16:30,kannada calendar.in,07:59 – 09:46,kannada calendar.in,kannada calendar.in,ಖರ್ಚು,ದಾನ,ಯಶಸ್ಸು,ಆನಂದ,ಕೀರ್ತಿ,ಅಭಿವೃದ್ದಿ,ಪ್ರೀತಿ,ಸೌಮ್ಯತೆ,ಬಲ,ಸಂಪತು,ಸಂತೋಷ,ಅಲೆದಾಟ
2026-01-16,ಪುಷ್ಯ/ಮಾಘ,kannada calendar.in,ವಿಶ್ವಾವಸು,kannada calendar.in,1947,kannada calendar.in,ತ್ರಯೋದಶಿ,22:17,PV Calendar,ಕೃಷ್ಣ,kannada calendar.in,ಮೂಲ,—,PV Calendar,ಧ್ರುವ,21:06,kannada calendar.in,ಗರಜ,09:22,kannada calendar.in,ಉತ್ತರಾಯಣ,kannada calendar.in,ಮಕರ,kannada calendar.in,ಧನು,kannada calendar.in,06:45,kannada calendar.in,18:13,kannada calendar.in,10:30 – 12:00,PV Calendar,07:30 – 09:00,PV Calendar,15:00 – 16:30,PV Calendar,13:30 – 15:00,kannada calendar.in,,,kannada calendar.in,ಗೌರವ,ಆತಂಕ,ಕೀರ್ತಿ,ಧೈರ್ಯ,ಪ್ರಯತ್ನ,ಬಲ,ಪ್ರತಿರೋಧ,ಸಂಪತ್ತು,ಯಶಸ್ಸು,ಉಡುಗೊರೆ,ಕೋಪ,ಮೆಚ್ಚುಗೆ
2026-01-17,ಪುಷ್ಯ/ಮಾಘ,kannada calendar.in,ವಿಶ್ವಾವಸು,kannada calendar.in,1947,kannada calendar.in,ಚತುರ್ದಶಿ,ಮರುದಿನ 00:12,PV Calendar,ಕೃಷ್ಣ,kannada calendar.in,ಮೂಲ,08:37,PV Calendar,ವ್ಯಾಘಾತ,21:18,kannada calendar.in,ವಿಷ್ಟಿ,11:16,kannada calendar.in,ಉತ್ತರಾಯಣ,kannada calendar.in,ಮಕರ,kannada calendar.in,ಧನು,kannada calendar.in,06:46,kannada calendar.in,18:13,kannada calendar.in,09:00 – 10:30,PV Calendar,06:00 – 07:30,PV Calendar,13:30 – 15:00,PV Calendar,12:00 – 13:30,kannada calendar.in,01:09 – 02:55,kannada calendar.in,kannada calendar.in,ರೋಗ,ಸೌಮ್ಯತೆ,ಪ್ರೋತ್ಸಾಹ,ಕಾಟರ್ಕು ಗೌರವ,ಕೋಪ,ಯಶಸ್ಸು,ದಾನ,ಪ್ರೀತಿ,ಪ್ರಯತ್ನ,ಸಂಪತು,ಆನಂದ,ಬಲ
2026-01-18,ಪುಷ್ಯ/ಮಾಘ,kannada calendar.in,ವಿಶ್ವಾವಸು,kannada calendar.in,1947,kannada calendar.in,ಅಮಾವಾಸ್ಯೆ,ಮರುದಿನ 01:24,PV Calendar,ಕೃಷ್ಣ,kannada calendar.in,ಪೂರ್ವಾಷಾಢ,10:41,PV Calendar,ಹರ್ಷಣ,21:11,kannada calendar.in,ಚತುಷ್ಪಾದ,12:46,kannada calendar.in,ಉತ್ತರಾಯಣ,kannada calendar.in,ಮಕರ,kannada calendar.in,,,06:46,kannada calendar.in,18:14,kannada calendar.in,16:30 – 18:00,PV Calendar,15:00 – 16:30,PV Calendar,12:00 – 13:30,PV Calendar,10:30 – 12:00,kannada calendar.in,05:01 – 06:45,kannada calendar.in,kannada calendar.in,ಭಯ,ಸಾಲ,ಅನುಕೂಲ,ದಾನ,ಖರ್ಚು,ಲಾಭ,ಪ್ರಾಮಾಣಿಕತೆ,ಭಯ,ಲಾಭ,ವಿಳಂಬ,ಆತಂಕ,ಸಂತೋಷ
2026-01-19,ಪುಷ್ಯ/ಮಾಘ,kannada calendar.in,ವಿಶ್ವಾವಸು,kannada calendar.in,1947,kannada calendar.in,ಪಾಡ್ಯ,ಮರುದಿನ 02:19,PV Calendar,ಕೃಷ್ಣ,kannada calendar.in,ಉತ್ತರಾಷಾಢ,12:20,PV Calendar,ವಜ್ರ,20:45,kannada calendar.in,ಕಂಸ್ತಾಘ್ನ,13:31,kannada calendar.in,ಉತ್ತರಾಯಣ,kannada calendar.in,ಮಕರ,kannada calendar.in,ಮಕರ,kannada calendar.in,06:46,kannada calendar.in,18:14,kannada calendar.in,07:30 – 09:00,PV Calendar,13:30 – 15:00,PV Calendar,10:30 – 12:00,PV Calendar,09:00 – 10:30,kannada calendar.in,05:02 – 06:44,kannada calendar.in,kannada calendar.in,ಶಾಂತಿ,ಅನುಕೂಲ,ಆನಂದ,ಯಶಸ್ಸು,ಶ್ರೇಷ್ಠತೆ,ಸಂಪತ್ತು,ಅಭವೃದ್ದಿ,ಸಾಲ,ಆತಂಕ,ಭಯ,ಖರ್ಚು,ವಿನಯ
2026-01-20,ಪುಷ್ಯ/ಮಾಘ,kannada calendar.in,ವಿಶ್ವಾವಸು,kannada calendar.in,1947,kannada calendar.in,ಬಿದಿಗೆ,ಮರುದಿನ 02:36,PV Calendar,ಶುಕ್ಲ,kannada calendar.in,ಶ್ರವಣ,13:19,PV Calendar,ಸಿದ್ದಿ,20:01,kannada calendar.in,ಬಾಲವ,14:32,kannada calendar.in,ಉತ್ತರಾಯಣ,kannada calendar.in,ಮಕರ,kannada calendar.in,,,06:46,kannada calendar.in,18:15,kannada calendar.in,15:00 – 16:30,PV Calendar,12:00 – 13:30,PV Calendar,09:00 – 10:30,PV Calendar,07:30 – 09:00,kannada calendar.in,02:10 – 03:51,kannada calendar.in,kannada calendar.in,ಯಶಸ್ಸು,ಒಳ್ಳೆಯದು,ವಿನಯ,ಭಯ,ಉಡುಗೊರೆ,ಆಸೆ,ಜೀವನ,ಭಕ್ತಿ,ಖರ್ಚು,ಸಂಪತು,ಆಸಕ್ತಿ,ಪ್ರೀತಿ
2026-01-21,ಪುಷ್ಯ/ಮಾಘ,kannada calendar.in,ವಿಶ್ವಾವಸು,kannada calendar.in,1947,kannada calendar.in,ತದಿಗೆ,ಮರುದಿನ 02:28,PV Calendar,ಕೃಷ್ಣ,kannada calendar.in,ಧನಿಷ್ಠ,14:08,PV Calendar,ವ್ಯತೀಪಾತ,18:58,kannada calendar.in,ತೈತಿಲ,14:58,kannada calendar.in,ಉತ್ತರಾಯಣ,kannada calendar.in,ಮಕರ,kannada calendar.in,ಕುಂಭ,kannada calendar.in,06:46,kannada calendar.in,18:15,kannada calendar.in,12:00 – 13:30,PV Calendar,10:30 – 12:00,PV Calendar,07:30 – 09:00,PV Calendar,06:00 – 07:30,kannada calendar.in,03:12 – 04:51,kannada calendar.in,kannada calendar.in,ಒಳ್ಳೆಯದು,ಮೆಚ್ಚುಗೆ,ಆಸೆ,ಉಡುಗೊರೆ,ಖರ್ಚು,ಶ್ರೇಷ್ಠತೆ,ಆಸಕ್ತಿ,ಸಹಾಯ,ಪ್ರಯತ್ನ,ಬಲ,ಭಕ್ಷಿ,ಪ್ರಗತಿ
2026-01-22,ಪುಷ್ಯ/ಮಾಘ,kannada calendar.in,ವಿಶ್ವಾವಸು,kannada calendar.in,1947,kannada calendar.in,ಚೌತಿ,ಮರುದಿನ 01:43,PV Calendar,ಶುಕ್ಲ,kannada calendar.in,ಶತಭಿಷ,14:19,PV Calendar,ವರೀಯಾ,17:38,kannada calendar.in,ವಣಿಜ,14:41,kannada calendar.in,ಉತ್ತರಾಯಣ,kannada calendar.in,ಮಕರ,kannada calendar.in,ಕುಂಭ,kannada calendar.in,06:46,kannada calendar.in,18:16,kannada calendar.in,13:30 – 15:00,PV Calendar,09:00 – 10:30,PV Calendar,06:00 – 07:30,PV Calendar,15:00 – 16:30,kannada calendar.in,07:06 – 08:44,kannada calendar.in,kannada calendar.in,ಲಾಭ,ಅನುಕೂಲ,ಪ್ರೀತಿ,ಸೌಮ್ಯತೆ,ನಷ್ಟ,ಸಹಾಯ,ಖರ್ಚು,ಆಸೆ,ಆಸಕ್ತಿ,ಉಡುಗೊರೆ,ಭಯ,ಬಲ
2026-01-23,ಪುಷ್ಯ/ಮಾಘ,kannada calendar.in,ವಿಶ್ವಾವಸು,kannada calendar.in,1947,kannada calendar.in,ಪಂಚಮಿ,ಮರುದಿನ 00:27,PV Calendar,ಕೃಷ್ಣ,kannada calendar.in,ಪೂರ್ವಾಭಾದ್ರ,14:03,PV Calendar,ಪರಿಘ,15:59,kannada calendar.in,ಬವ,14:11,kannada calendar.in,ಉತ್ತರಾಯಣ,kannada calendar.in,ಮಕರ,kannada calendar.in,ಕುಂಭ,kannada calendar.in,06:46,kannada calendar.in,18:16,kannada calendar.in,10:30 – 12:00,PV Calendar,07:30 – 09:00,PV Calendar,15:00 – 16:30,PV Calendar,13:30 – 15:00,kannada calendar.in,06:31 – 11:06,kannada calendar.in,kannada calendar.in,ಬಲ,ಮೆಚ್ಚುಗೆ,ಸಹಾಯ,ತೊಂದರೆ,ಪ್ರೋತ್ಸಾಹ,ಸಂಪತ್ತು,ದಯೆ,ಯಶಸ್ಸು,ವಿಶ್ರಾಂತಿ,ವಿನಯ,ಪ್ರಾಮಾಣಿಕತ,ಪ್ರೀತಿ
2026-01-24,ಪುಷ್ಯ/ಮಾಘ,kannada calendar.in,ವಿಶ್ವಾವಸು,kannada calendar.in,1947,kannada calendar.in,ಷಷ್ಠಿ,23:04,PV Calendar,ಕೃಷ್ಣ,kannada calendar.in,ಉತ್ತರಾಭಾದ್ರ,13:20,PV Calendar,ಶಿವ,14:00,kannada calendar.in,ಕೌಲವ,13:16,kannada calendar.in,ಉತ್ತರಾಯಣ,kannada calendar.in,ಮಕರ,kannada calendar.in,ಮೀನ,kannada calendar.in,06:46,kannada calendar.in,18:17,kannada calendar.in,09:00 – 10:30,PV Calendar,06:00 – 07:30,PV Calendar,13:30 – 15:00,PV Calendar,12:00 – 13:30,kannada calendar.in,,,kannada calendar.in,ಸರ್ಧೆ,ಶಾಂತಿ,ಸಂತೋಷ,ಸಂತೋಷ,ಯಶಸ್ಸು,ಅಭಿವೃದ್ದಿ,ಪ್ರೀತಿ,ವಿನಯ,ಪ್ರೀತಿ,ಆಯಾಸ,ಭಕ್ತಿ,ಕೋಪ
2026-01-25,ಪುಷ್ಯ/ಮಾಘ,kannada calendar.in,ವಿಶ್ವಾವಸು,kannada calendar.in,1947,kannada calendar.in,ಸಪ್ತಮಿ,21:13,PV Calendar,ಶುಕ್ಲ,kannada calendar.in,ರೇವತಿ,12:17,PV Calendar,ಸಿದ್ದ,11:46,kannada calendar.in,ಗರಜ,11:59,kannada calendar.in,ಉತ್ತರಾಯಣ,kannada calendar.in,ಮಕರ,kannada calendar.in,,,06:46,kannada calendar.in,18:17,kannada calendar.in,16:30 – 18:00,PV Calendar,15:00 – 16:30,PV Calendar,12:00 – 13:30,PV Calendar,10:30 – 12:00,kannada calendar.in,11:15 – 12:49,kannada calendar.in,kannada calendar.in,ದಯೆ,ಪ್ರೋತ್ಸಾಹ,ಆಸಕ್ತಿ,ಭಯ,ಉಡುಗೊರೆ,ಸಂತೋಷ,ಸಹಾಯ,ಖರ್ಚು,ಭಕ್ತಿ,ಅಭಿವುದಿ,ಪ್ರಯತ್ನ,ಪ್ರೀತಿ
2026-01-26,ಪುಷ್ಯ/ಮಾಘ,kannada calendar.in,ವಿಶ್ವಾವಸು,kannada calendar.in,1947,kannada calendar.in,ಅಷ್ಟಮಿ,19:07,PV Calendar,ಶುಕ್ಲ,kannada calendar.in,ಅಶ್ವಿನಿ,10:49,PV Calendar,ಸಾಧ್ಯ,09:11,kannada calendar.in,ಪಿಷ್ಟಿ,10:17,kannada calendar.in,ಉತ್ತರಾಯಣ,kannada calendar.in,ಮಕರ,kannada calendar.in,ಮೇಷ,kannada calendar.in,06:46,kannada calendar.in,18:18,kannada calendar.in,07:30 – 09:00,PV Calendar,13:30 – 15:00,PV Calendar,10:30 – 12:00,PV Calendar,09:00 – 10:30,kannada calendar.in,05:39 – 07:11,kannada calendar.in,kannada calendar.in,ಅಭಿವೃದ್ದಿ,ಸಂಪತ್ತು,ಭಕ್ತಿ,ಯಶಸ್ಸು,ಸಹಾಯ,ಬಲ,ಮೆಚ್ಚುಗೆ,ವಿನಯ,ಆಸಕ್ತಿ,ಫ್ರೀತಿ,ಸ್ಪರ್ಧೆ,ಸಾಲ
2026-01-27,ಪುಷ್ಯ/ಮಾಘ,kannada calendar.in,ವಿಶ್ವಾವಸು,kannada calendar.in,1947,kannada calendar.in,ನವಮಿ,16:56,PV Calendar,ಕೃಷ್ಣ,kannada calendar.in,ಭರಣಿ,09:29,PV Calendar,ಶುಕ್ಲ,02:13,kannada calendar.in,ಿ,11:09,kannada calendar.in,ಉತ್ತರಾಯಣ,kannada calendar.in,ಮಕರ,kannada calendar.in,,,06:46,kannada calendar.in,18:18,kannada calendar.in,15:00 – 16:30,PV Calendar,12:00 – 13:30,PV Calendar,09:00 – 10:30,PV Calendar,07:30 – 09:00,kannada calendar.in,06:37 – 08:08,kannada calendar.in,kannada calendar.in,ಸಂತೋಷ,ಲಾಭ,ಯಶಸ್ಸು,ಯಶಸ್ಸು,ವಿಳಂಬ,ಒಳ್ಳೆಯ ಕೆಲಸ,ಭಕ್ತಿ,ಶ್ರೇಷ್ಠತೆ,ಆತಂಕ,ಶಾಂತಿ,ದಯೆ,ಪ್ರೋತ್ಸಾಹ
2026-01-28,ಪುಷ್ಯ/ಮಾಘ,kannada calendar.in,ವಿಶ್ವಾವಸು,kannada calendar.in,1947,kannada calendar.in,ದಶಮಿ,14:35,PV Calendar,ಶುಕ್ಲ,kannada calendar.in,ರೋಹಿಣಿ,ಮರುದಿನ 05:12,PV Calendar,ಜ್ರಹ್ಮಾ,23:54,kannada calendar.in,ವಣೆಜ,ಮರುದಿನ 03:17,kannada calendar.in,ಉತ್ತರಾಯಣ,kannada calendar.in,ಮಕರ,kannada calendar.in,ವಷಭ,kannada calendar.in,06:46,kannada calendar.in,18:19,kannada calendar.in,12:00 – 13:30,PV Calendar,10:30 – 12:00,PV Calendar,07:30 – 09:00,PV Calendar,06:00 – 07:30,kannada calendar.in,07:13 – 08:42,kannada calendar.in,kannada calendar.in,ಸಂಪತ್ತು,ಭಯ,ಅಲೆದಾಟ,ಮೆಚ್ಚುಗೆ,ನಷ್ಟ,ದಯೆ,ಲಾಭ,ಪ್ರಯತ್ನ,ಕೋಪ,ಆಸೆ,ಪ್ರಗತಿ,ಪ್ರೀತಿ
2026-01-29,ಪುಷ್ಯ/ಮಾಘ,kannada calendar.in,ವಿಶ್ವಾವಸು,kannada calendar.in,1947,kannada calendar.in,ಏಕಾದಶಿ,12:18,PV Calendar,ಶುಕ್ಲ,kannada calendar.in,ಮೃಗಶಿರ,ಮರುದಿನ 04:28,PV Calendar,ಐಂದ್ರ,20:27,kannada calendar.in,ಬವ,ಮರುದಿನ 00:33,kannada calendar.in,ಉತ್ತರಾಯಣ,kannada calendar.in,ಮಕರ,kannada calendar.in,,,06:46,kannada calendar.in,18:19,kannada calendar.in,13:30 – 15:00,PV Calendar,09:00 – 10:30,PV Calendar,06:00 – 07:30,PV Calendar,15:00 – 16:30,kannada calendar.in,,,kannada calendar.in,ಶ್ರೇಷ್ಠತೆ,ಸಾಧನೆ,ಲಾಭ,ಸಂತೋಷ,ಯಶಸ್ಸು,ಪ್ರೋತ್ಸಾಹ,ಕೀರ್ತಿ,ಶಾಂತಿ,ಸ್ನೇಹ,ಅಭಿವದಿ,ಶುಭ,ಪ್ರೀತಿ
2026-01-30,ಪುಷ್ಯ/ಮಾಘ,kannada calendar.in,ವಿಶ್ವಾವಸು,kannada calendar.in,1947,kannada calendar.in,ದ್ವಾದಶಿ,09:56,PV Calendar,ಕೃಷ್ಣ,kannada calendar.in,ಆರಿದ್ರಾ,ಮರುದಿನ 02:59,PV Calendar,ವೈಥ್ಯತಿ,16:59,kannada calendar.in,ಕೌಲವ,21:47,kannada calendar.in,ಉತ್ತರಾಯಣ,kannada calendar.in,ಮಕರ,kannada calendar.in,ಮಿಥುನ,kannada calendar.in,06:46,kannada calendar.in,18:20,kannada calendar.in,10:30 – 12:00,PV Calendar,07:30 – 09:00,PV Calendar,15:00 – 16:30,PV Calendar,13:30 – 15:00,kannada calendar.in,06:18 – 07:46,kannada calendar.in,kannada calendar.in,ಭಕ್ತಿ,ಶಾಂತಿ,ತೊಂದರೆ,ಪ್ರತಿಭೆ,ಸಂತೋಷ,ಯಶಸ್ಸು,ಆಯಾಸ,ಸಾಲ,ಪ್ರೋತ್ಸಾಹ,ಅಲೆದಾಟ,ಕೋಪ,ಪ್ರತಿರೋಧ
2026-01-31,ಪುಷ್ಯ/ಮಾಘ,kannada calendar.in,ವಿಶ್ವಾವಸು,kannada calendar.in,1947,kannada calendar.in,ತ್ರಯೋದಶಿ,07:48,PV Calendar,ಶುಕ್ಲ,kannada calendar.in,ಪುನರ್ವಸು,ಮರುದಿನ 01:48,PV Calendar,ವಿಷ್ಕಂಭ,13:33,kannada calendar.in,ಗರಜ,19:08,kannada calendar.in,ಉತ್ತರಾಯಣ,kannada calendar.in,ಮಕರ,kannada calendar.in,,,06:46,kannada calendar.in,18:20,kannada calendar.in,09:00 – 10:30,PV Calendar,06:00 – 07:30,PV Calendar,13:30 – 15:00,PV Calendar,12:00 – 13:30,kannada calendar.in,11:21 – 12:49,kannada calendar.in,kannada calendar.in,ಪ್ರತಿರೋಧ,ಸೌಮ್ಯತೆ,ಪ್ರಗತಿ,ಸಾಲ,ಸಂತೋಷ,ದೃಢ ನಿರ್ಧಾರ,ಶಾಂತಿ,ಸಂತೋಷ,ಖರ್ಚು,ಮೆಚ್ಚುಗೆ,ಅಲೆದಾಟ,ಪ್ರೋತ್ಸಾಹ
2026-02-01,,,ವಿಶ್ವಾವಸು,kannada calendar.in,1947,kannada calendar.in,ಪೂರ್ಣಿಮಾ,ಮರುದಿನ 04:09,PV Calendar,ಶುಕ್ಲ,kannada calendar.in,ಪುಷ್ಯ,ಮರುದಿನ 00:41,PV Calendar,ಶ್ರೀತಿ,10:19,kannada calendar.in,ವಿಷ್ಟಿ,16:43,kannada calendar.in,ಉತ್ತರಾಯಣ,kannada calendar.in,ಮಕರ,kannada calendar.in,ಕರ್ಕ,kannada calendar.in,06:45,kannada calendar.in,18:20,kannada calendar.in,16:30 – 18:00,PV Calendar,15:00 – 16:30,PV Calendar,12:00 – 13:30,PV Calendar,10:30 – 12:00,kannada calendar.in,05:59 – 07:29,kannada calendar.in,kannada calendar.in,ಯಶಸ್ತ್ಸು,ಆತಂಕ,ಭಯ,ಸ್ನೇಹ,ಪ್ರಗತಿ,ಸಂತೋಷ,ವಿಳಂಬ,ಸಂತೋಷ,ಸಾಲ,ಸಮಸ್ತೆ,ಖಚು,ಪ್ರತಿರೋಧ
2026-02-02,,,ವಿಶ್ವಾವಸು,kannada calendar.in,1947,kannada calendar.in,ಪಾಡ್ಯ,ಮರುದಿನ 02:53,PV Calendar,ಶುಕ್ಲ,kannada calendar.in,ಆಶ್ಲೇಷ,ಮರುದಿನ 00:12,PV Calendar,ಆಯುಷ್ಮಾನ್,07:21,kannada calendar.in,ಬಾಲವ,14:42,kannada calendar.in,ಉತ್ತರಾಯಣ,kannada calendar.in,ಮಕರ,kannada calendar.in,ಕರ್ಕ,kannada calendar.in,06:45,kannada calendar.in,18:20,kannada calendar.in,07:30 – 09:00,PV Calendar,13:30 – 15:00,PV Calendar,10:30 – 12:00,PV Calendar,09:00 – 10:30,kannada calendar.in,09:16 – 10:47,kannada calendar.in,kannada calendar.in,ಸಮಸ್ಸೆ,ಪ್ರೋತ್ಸಾಹ,ವಿನಯ,ನಿರಾಶೆ,ಲಾಭ,ಖರ್ಚು,ಸಂತೋಷ,ಆತಂಕ,ಯಶಸ್ಸು,ಪಯತ,ಅನುಕೂಲ,ಭಯ
2026-02-03,,,ವಿಶ್ವಾವಸು,kannada calendar.in,1947,kannada calendar.in,ಬಿದಿಗೆ,ಮರುದಿನ 02:07,PV Calendar,ಕೃಷ್ಣ,kannada calendar.in,ಮಘ,23:48,PV Calendar,ಶೋಭನ,ಮರುದಿನ 02:35,kannada calendar.in,ತೈತಿಲ,13:12,kannada calendar.in,ಉತ್ತರಾಯಣ,kannada calendar.in,ಮಕರ,kannada calendar.in,ಸಿಂಹ,kannada calendar.in,06:45,kannada calendar.in,18:21,kannada calendar.in,15:00 – 16:30,PV Calendar,12:00 – 13:30,PV Calendar,09:00 – 10:30,PV Calendar,07:30 – 09:00,kannada calendar.in,07:50 – 09:24,kannada calendar.in,kannada calendar.in,ವಿಳಂಬ,ಲಾಭ,ಭಯ,ಪ್ರತಿರೋಧ,ಸಾಲ,ಮೆಚ್ಚುಗೆ,ಖರ್ಚು,ಲಾಭ,ಸಂತೋಷ,ಕೀರ್ತಿ,ಪ್ರೀತಿ,ಅನುಕೂಲ
2026-02-04,,,ವಿಶ್ವಾವಸು,kannada calendar.in,1947,kannada calendar.in,ತದಿಗೆ,ಮರುದಿನ 01:46,PV Calendar,ಕೃಷ್ಣ,kannada calendar.in,ಪುಬ್ಬ,ಮರುದಿನ 00:01,PV Calendar,ಅತಿಗಂಡ,02:60,kannada calendar.in,ವಣಿಜ,12:20,kannada calendar.in,ಉತ್ತರಾಯಣ,kannada calendar.in,ಮಕರ,kannada calendar.in,ಸಿಂಹ,kannada calendar.in,06:45,kannada calendar.in,18:21,kannada calendar.in,12:00 – 13:30,PV Calendar,10:30 – 12:00,PV Calendar,07:30 – 09:00,PV Calendar,06:00 – 07:30,kannada calendar.in,03:48 – 05:24,kannada calendar.in,kannada calendar.in,ಆಲೋಚನೆ,ಸಾಲ,ವಿಳಂಬ,ಖರ್ಚು,ಪ್ರೋತ್ಸಾಹ,ಪ್ರಯತ್ನ,ಯಶಸ್ಸು,ಶ್ರಷ್ಠತೆ,ಅನುಕೂಲ,ಅನಾರೋಗ,ಪ್ರೀತಿ,ಪ್ರಾಮಾಣಿಕತೆ
2026-02-05,,,ವಿಶ್ವಾವಸು,kannada calendar.in,1947,kannada calendar.in,ಚೌತಿ,ಮರುದಿನ 01:59,PV Calendar,ಕೃಷ್ಣ,kannada calendar.in,ಉತ್ತರಾ,ಮರುದಿನ 00:46,PV Calendar,ಸುಕರ್ಮಾ,ಮರುದಿನ 00:04,kannada calendar.in,ಬವ,12:11,kannada calendar.in,ಉತ್ತರಾಯಣ,kannada calendar.in,ಮಕರ,kannada calendar.in,ಕನ್ಯಾ,kannada calendar.in,06:45,kannada calendar.in,8:22,kannada calendar.in,13:30 – 15:00,PV Calendar,09:00 – 10:30,PV Calendar,06:00 – 07:30,PV Calendar,15:00 – 16:30,kannada calendar.in,03:32 – 05:11,kannada calendar.in,kannada calendar.in,ಒಳ್ಳೆಯ ಕೆಲಸ,ಪ್ರತಿರೋಧ,ಯಶಸ್ತ್ಸು,ಆತಂಕ,ಮೆಚ್ಚುಗೆ,ಅನುಕೂಲ,ಪ್ರಗತಿ,ಸಂತೋಷ,ವಿಳಂಬ,ಶೇಷತೆ,ಡಾಲ,ಪ್ರಯತ್ನ
2026-02-06,,,ವಿಶ್ವಾವಸು,kannada calendar.in,1947,kannada calendar.in,ಪಂಚಮಿ,ಮರುದಿನ 02:38,PV Calendar,ಕೃಷ್ಣ,kannada calendar.in,ಹಸ್ತಾ,ಮರುದಿನ 01:57,PV Calendar,ಧೃತಿ,23:37,kannada calendar.in,ಕೌಲವ,12:46,kannada calendar.in,ಉತ್ತರಾಯಣ,kannada calendar.in,ಮಕರ,kannada calendar.in,ಕನ್ಯಾ,kannada calendar.in,06:45,kannada calendar.in,8:22,kannada calendar.in,10:30 – 12:00,PV Calendar,07:30 – 09:00,PV Calendar,15:00 – 16:30,PV Calendar,13:30 – 15:00,kannada calendar.in,06:02 – 07:44,kannada calendar.in,kannada calendar.in,ಸಾಲ,ಅಭಿವೃದ್ಧಿ,ಕೋಪ,ಜೀವನ,ಸಂತೋಷ,ಲಾಭ,ದುಃಖ,ಶಾಂತಿ,ಅಬಿವದಿ,ತಾತ,ಸೌಮ್ಯತ,ಸಾಧನೆ
2026-02-07,,,ವಿಶ್ವಾವಸು,kannada calendar.in,1947,kannada calendar.in,ಷಷ್ಠಿ,ಮರುದಿನ 03:51,PV Calendar,ಕೃಷ್ಣ,kannada calendar.in,ಚಿತ್ತಾ,ಮರುದಿನ 03:40,PV Calendar,ಶೂಲ,23:41,kannada calendar.in,ಗರಜ,14:02,kannada calendar.in,ಉತ್ತರಾಯಣ,kannada calendar.in,ಮಕರ,kannada calendar.in,ಕನ್ಯಾ,kannada calendar.in,06:44,kannada calendar.in,18:23,kannada calendar.in,09:00 – 10:30,PV Calendar,06:00 – 07:30,PV Calendar,13:30 – 15:00,PV Calendar,12:00 – 13:30,kannada calendar.in,07:31 – 09:15,kannada calendar.in,kannada calendar.in,ಪ್ರೀತಿ,ಸೌಮ್ಯತೆ,ಸಂತೋಷ,ರ್ಕ ಅಭಿವೃದ್ದಿ,ಯಶಸ್ಸು,ಪಶ್ಚಾತ್ತಾಪ,ಪರಿಶ್ರಮ,ಸಂತೋಷ,ಸಮಸ್ಥೆ,ಕಂ,ಬಾಬ್‌,ಖರ್ಚು
2026-02-08,,,ವಿಶ್ವಾವಸು,kannada calendar.in,1947,kannada calendar.in,ಸಪ್ತಮಿ,05:38,PV Calendar,ಕೃಷ್ಣ,kannada calendar.in,ಸ್ವಾತಿ,05:45,PV Calendar,ಗಂಡ,ಮರುದಿನ 00:08,kannada calendar.in,ವಿಷ್ಟಿ,15:55,kannada calendar.in,ಉತ್ತರಾಯಣ,kannada calendar.in,ಮಕರ,kannada calendar.in,ತುಲಾ,kannada calendar.in,06:44,kannada calendar.in,18:23,kannada calendar.in,16:30 – 18:00,PV Calendar,15:00 – 16:30,PV Calendar,12:00 – 13:30,PV Calendar,10:30 – 12:00,kannada calendar.in,07:18 – 09:04,kannada calendar.in,kannada calendar.in,ಶಾಂತಿ,ಅಭಿವೃದ್ಧಿ,ಫಯತ್ತ,ರ್ಕು ಕೀರ್ತಿ,ಅನುಕೂಲ,ಗೌರವ,ಕೀರ್ತಿ,ಅಭಿವೃದ್ದಿ,ಲಾಭ,ಜಕ್ಬಿ ್ಪಂ,ಬುದಿಮತಿಕೆ,ಶ್ರೆತೆ
2026-02-09,,,ವಿಶ್ವಾವಸು,kannada calendar.in,1947,kannada calendar.in,ಅಷ್ಟಮಿ,—,PV Calendar,ಕೃಷ್ಣ,kannada calendar.in,ವಿಶಾಖ,—,PV Calendar,ವೃಶ್ಠಿ,04:32,kannada calendar.in,ಬಾಲವ,18:13,kannada calendar.in,ಉತ್ತರಾಯಣ,kannada calendar.in,ಮಕರ,kannada calendar.in,ತುಲಾ,kannada calendar.in,06:44,kannada calendar.in,18:23,kannada calendar.in,07:30 – 09:00,PV Calendar,13:30 – 15:00,PV Calendar,10:30 – 12:00,PV Calendar,09:00 – 10:30,kannada calendar.in,10:04 – 11:51,kannada calendar.in,kannada calendar.in,ಸರ್ಧೆ,ಸೌಮ್ಯತೆ,ಸಾಲ,ಅನಾರೋಗ್ಯ,ಗಮನ,ಯಶಸ್ಸು,ಸಹಾಯ,ಸಂತೋಷ,ಒಳ್ಳೆಯ ಕೆಲಸ,ಘೋತಾಕಹ,ಸಮಸ್ಯೆಗೆ,ಪ್ರೀತಿ
2026-02-10,,,ವಿಶ್ವಾವಸು,kannada calendar.in,1947,kannada calendar.in,ಅಷ್ಟಮಿ,07:29,PV Calendar,ಕೃಷ್ಣ,kannada calendar.in,ವಿಶಾಖ,08:16,PV Calendar,ಧ್ರುವ,ಮರುದಿನ 01:42,kannada calendar.in,ತೈತಿಲ,20:44,kannada calendar.in,ಉತ್ತರಾಯಣ,kannada calendar.in,ಮಕರ,kannada calendar.in,ವೃಶ್ಚಿಕ,kannada calendar.in,06:43,kannada calendar.in,18:24,kannada calendar.in,15:00 – 16:30,PV Calendar,12:00 – 13:30,PV Calendar,09:00 – 10:30,PV Calendar,07:30 – 09:00,kannada calendar.in,11:12 – 12:59,kannada calendar.in,kannada calendar.in,ಕೀರ್ತಿ,ಲಾಭ,ಪತಿಭಬೆ,ಯಶಸ್ಸು,ಕರುಣೆ,ಗೊಂದಲ,ಉಡುಗೊರೆ,ಅನುಕೂಲ,ಸಾಮ್ಯತೆ,ಅಜಬವದಿ,ಆತಂಕ,ಭಯ
2026-02-11,,,ವಿಶ್ವಾವಸು,kannada calendar.in,1947,kannada calendar.in,ನವಮಿ,09:38,PV Calendar,ಕೃಷ್ಣ,kannada calendar.in,ಅನೂರಾಧ,10:51,PV Calendar,ವ್ಯಾಘಾತ,ಮರುದಿನ 02:36,kannada calendar.in,ವಣಿಜ,23:13,kannada calendar.in,ಉತ್ತರಾಯಣ,kannada calendar.in,ಮಕರ,kannada calendar.in,ವೃಶ್ಚಿಕ,kannada calendar.in,06:43,kannada calendar.in,18:24,kannada calendar.in,12:00 – 13:30,PV Calendar,10:30 – 12:00,PV Calendar,07:30 – 09:00,PV Calendar,06:00 – 07:30,kannada calendar.in,,,kannada calendar.in,ಪ್ರಯತ್ರ,ಸಂತೋಷ,ಕೀರ್ತಿ,ಕಾಟರ್ಕ ವಿಶ್ರಾಂತಿ,ಸಾಧನೆ,ಅಲೆದಾಟ,ಜೀವನ,ಬಲ,ತೊಂದರೆ,ಯಶಸ,ಯೋಗ,ಪ್ರತಿರೋಧ
2026-02-12,,,ವಿಶ್ವಾವಸು,kannada calendar.in,1947,kannada calendar.in,ದಶಮಿ,11:48,PV Calendar,ಕೃಷ್ಣ,kannada calendar.in,ಜ್ಯೇಷ್ಠ,13:29,PV Calendar,ಹರ್ಷಣ,ಮರುದಿನ 03:06,kannada calendar.in,ಬವ,ಮರುದಿನ 01:28,kannada calendar.in,ಉತ್ತರಾಯಣ,kannada calendar.in,ಮಕರ,kannada calendar.in,ವೃಶ್ಚಿಕ,kannada calendar.in,06:43,kannada calendar.in,18:24,kannada calendar.in,13:30 – 15:00,PV Calendar,09:00 – 10:30,PV Calendar,06:00 – 07:30,PV Calendar,15:00 – 16:30,kannada calendar.in,03:52 – 05:39,kannada calendar.in,kannada calendar.in,ಸಂತೋಷ,ಮೆಚ್ಚುಗೆ,ಅಭಿವದಿ,ಯಶಸ್ಸು,ಸೌಮೃತೆ,ಶುಭ,ಚಿಂತೆ,ದಾನ,ಯಶಸ್ಸು,ಗಮನ,ಆನಂದ,ಆಸೆ
2026-02-13,,,ವಿಶ್ವಾವಸು,kannada calendar.in,1947,kannada calendar.in,ಏಕಾದಶಿ,13:48,PV Calendar,ಕೃಷ್ಣ,kannada calendar.in,ಮೂಲ,15:56,PV Calendar,ವಜ್ರ,ಮರುದಿನ 03:23,kannada calendar.in,ಕೌಲವ,ಮರುದಿನ 03:18,kannada calendar.in,ಉತ್ತರಾಯಣ,kannada calendar.in,ಕುಂಭ,kannada calendar.in,ಧನು,kannada calendar.in,06:42,kannada calendar.in,18:24,kannada calendar.in,10:30 – 12:00,PV Calendar,07:30 – 09:00,PV Calendar,15:00 – 16:30,PV Calendar,13:30 – 15:00,kannada calendar.in,09:08 – 10:54,kannada calendar.in,kannada calendar.in,ಯಶಸ್ಸು,ಒಳ್ಳೆಯದು,ಆತಂಕ,ಸಾಧನೆ,ಕೋಪ,ಗಮನ,ಅಭಿವೃದ್ಧಿ,ಅಲೆದಾಟ,ಪ್ರಗತಿ,ಬಳಂಜ,ಯಶಸ್ಸ,ಯೋಗ
2026-02-14,,,ವಿಶ್ವಾವಸು,kannada calendar.in,1947,kannada calendar.in,ದ್ವಾದಶಿ,15:28,PV Calendar,ಕೃಷ್ಣ,kannada calendar.in,ಪೂರ್ವಾಷಾಢ,18:06,PV Calendar,ಸಿದ್ಧಿ,ಮರುದಿನ 03:18,kannada calendar.in,ಗರಜ,ಮರುದಿನ 04:38,kannada calendar.in,ಉತ್ತರಾಯಣ,kannada calendar.in,ಕುಂಭ,kannada calendar.in,ಧನು,kannada calendar.in,06:42,kannada calendar.in,18:25,kannada calendar.in,09:00 – 10:30,PV Calendar,06:00 – 07:30,PV Calendar,13:30 – 15:00,PV Calendar,12:00 – 13:30,kannada calendar.in,01:03 – 02:47,kannada calendar.in,kannada calendar.in,ಮೆಚ್ಚುಗೆ,ಖರ್ಚು,ಶಾಂತಿ,ಅನುಕೂಲ,ಸ್ಟೇಹ,ಒಳ್ಳೆಯದು,ಯಶಸ್ಸು,ಪ್ರೀತಿ,ರಾಭ,ಆಯಾಸ,ಭಕ್ಷ್ಮ,ವಿಶ್ರಾಂತಿ
2026-02-15,,,ವಿಶ್ವಾವಸು,kannada calendar.in,1947,kannada calendar.in,ತ್ರಯೋದಶಿ,16:46,PV Calendar,ಕೃಷ್ಣ,kannada calendar.in,ಉತ್ತರಾಷಾಢ,19:47,PV Calendar,ವ್ಯತೀಪಾತ,ಮರುದಿನ 02:47,kannada calendar.in,ಬಿಷ್ಟಿ,ಮರುದಿನ 05:24,kannada calendar.in,ಉತ್ತರಾಯಣ,kannada calendar.in,ಕುಂಭ,kannada calendar.in,ಮಕರ,kannada calendar.in,06:42,kannada calendar.in,18:25,kannada calendar.in,16:30 – 18:00,PV Calendar,15:00 – 16:30,PV Calendar,12:00 – 13:30,PV Calendar,10:30 – 12:00,kannada calendar.in,,,kannada calendar.in,ಒಳ್ಳೆಯ ಕೆಲಸ,ಯಶಸ್ಸು,ಭಕ್ತಿ,ಕಾಟರ್ಕ ವಿಶ್ರಾರಿತಿ,ಕೋಪ,ಪ್ರೀತಿ,ಪ್ರಯತ್ನ,ಅಭಿವೃದ್ದಿ,ವಿನಯ,ಸಂತೋಷ,ಪ್ರೀತ,ಆಲೋಚನೆ
2026-02-16,,,ವಿಶ್ವಾವಸು,kannada calendar.in,1947,kannada calendar.in,ಚತುರ್ದಶಿ,17:32,PV Calendar,ಕೃಷ್ಣ,kannada calendar.in,ಶ್ರವಣ,21:02,PV Calendar,ವರೀಯಾನ,ಮರುದಿನ 01:56,kannada calendar.in,ಚತುಷ್ಪಾದ,ಮರುದಿನ 13:29,kannada calendar.in,ಉತ್ತರಾಯಣ,kannada calendar.in,ಕುಂಭ,kannada calendar.in,ಮಕರ,kannada calendar.in,06:41,kannada calendar.in,18:25,kannada calendar.in,07:30 – 09:00,PV Calendar,13:30 – 15:00,PV Calendar,10:30 – 12:00,PV Calendar,09:00 – 10:30,kannada calendar.in,09:58 – 11:38,kannada calendar.in,kannada calendar.in,ಅನುಕೂಲ,ಲಾಭ,ಗೌರವ,ಶ್ರೇಷ್ಠತೆ,ಅಭಿವುದ್ದಿ,ಪ್ರೀತಿ,ಗಮನ,ತೊಂದರೆ,ಸಂತೋಷ,ಪರಿಶಮ,ಪ್ರತಿರೋಧ,ಮೆಚ್ಚುಗೆ
2026-02-17,,,ವಿಶ್ವಾವಸು,kannada calendar.in,1947,kannada calendar.in,ಅಮಾವಾಸ್ಯೆ,17:47,PV Calendar,ಶುಕ್ಲ,kannada calendar.in,ಧನಿಷ್ಠಾ,21:48,PV Calendar,ಪರಿಘ,ಮರುದಿನ 00:29,kannada calendar.in,ಕೆಂಸ್ತುಘ್ಹ,ಮರುದಿನ 05:18,kannada calendar.in,ಉತ್ತರಾಯಣ,kannada calendar.in,ಕುಂಭ,kannada calendar.in,ಮಕರ,kannada calendar.in,06:41,kannada calendar.in,18:26,kannada calendar.in,15:00 – 16:30,PV Calendar,12:00 – 13:30,PV Calendar,09:00 – 10:30,PV Calendar,07:30 – 09:00,kannada calendar.in,10:39 – 12:17,kannada calendar.in,kannada calendar.in,ಪ್ರಗತಿ,ಅಭಿವೃದ್ಧಿ,ಅನುಕೂಲ,ಸಾಲ,ಅನಾರೋಗ್ಯ,ಸಂತೋಷ,ಲಾಭ,ಜೀವನ,ದುಃಖ,ಪ್ರೀತಿ,ಯಶಸ್ಸು,ಸ್ಪರ್ಧೆ
2026-02-18,,,ವಿಶ್ವಾವಸು,kannada calendar.in,1947,kannada calendar.in,ಪಾಡ್ಯ,17:32,PV Calendar,ಶುಕ್ಲ,kannada calendar.in,ಶತಭಿಷ,22:05,PV Calendar,ಶಿವ,02:45,kannada calendar.in,ಬಾಲವ,ಮರುದಿನ 04:32,kannada calendar.in,ಉತ್ತರಾಯಣ,kannada calendar.in,ಕುಂಭ,kannada calendar.in,ಕುಂಭ,kannada calendar.in,06:41,kannada calendar.in,18:26,kannada calendar.in,12:00 – 13:30,PV Calendar,10:30 – 12:00,PV Calendar,07:30 – 09:00,PV Calendar,06:00 – 07:30,kannada calendar.in,14:04 – 15:40,kannada calendar.in,kannada calendar.in,ಸಂತೋಷ,ಯಶಸ್ಸು,ಸಾಲ,ಕಾಟರ್ಕು ಖರ್ಚು,ಸ್ನೇಹ,ಒಳ್ಳೆಯದು,ಪ್ರತಿರೋಧ,ಅಲೆದಾಟ,ಆಸಕ್ತಿ,ದುಃಖ,ಕುತೂಹಲ,ಪ್ರಯತ್ನ
2026-02-19,,,ವಿಶ್ವಾವಸು,kannada calendar.in,1947,kannada calendar.in,ಬಿದಿಗೆ,16:48,PV Calendar,ಶುಕ್ಲ,kannada calendar.in,ಪೂರ್ವಾಭಾದ್ರ,21:53,PV Calendar,ಸಿದ್ಧ,20:40,kannada calendar.in,ತೈತಿಲ,ಮರುದಿನ 03:22,kannada calendar.in,ಉತ್ತರಾಯಣ,kannada calendar.in,ಕುಂಭ,kannada calendar.in,ಕುಂಭ,kannada calendar.in,06:40,kannada calendar.in,18:26,kannada calendar.in,13:30 – 15:00,PV Calendar,09:00 – 10:30,PV Calendar,06:00 – 07:30,PV Calendar,15:00 – 16:30,kannada calendar.in,13:00 – 14:34,kannada calendar.in,kannada calendar.in,ಅಬಿವದಿ,ಧೈರ್ಯ,ಆಸಕಿ,ಸಮಸ್ಯೆ,ಉಡುಗೊರೆ,ಪ ಪ್ರೀತಿ,ಗೊಠಿದಲ,ಕೋಪ,ಲಾಭ,ಶಾಂತಿ,ಪರಿಶ್ರಮ,ಅನುಕೂಲ
2026-02-20,,,ವಿಶ್ವಾವಸು,kannada calendar.in,1947,kannada calendar.in,ತದಿಗೆ,15:39,PV Calendar,ಶುಕ್ಲ,kannada calendar.in,ಉತ್ತರಾಭಾದ್ರ,21:18,PV Calendar,ಸಾಧ್ಯ,18:23,kannada calendar.in,ವಣೆಜ,ಮರುದಿನ 01:32,kannada calendar.in,ಉತ್ತರಾಯಣ,kannada calendar.in,ಕುಂಭ,kannada calendar.in,ಮೀನ,kannada calendar.in,06:40,kannada calendar.in,18:26,kannada calendar.in,10:30 – 12:00,PV Calendar,07:30 – 09:00,PV Calendar,15:00 – 16:30,PV Calendar,13:30 – 15:00,kannada calendar.in,15:28 – 17:01,kannada calendar.in,kannada calendar.in,ಸರ್ಧೆ,ಕೋಪ,ಯಶಸ್ತು,ಅಭಿವೃದ್ಧಿ,ಸ್ಪತೋಷ,ಖರ್ಚು,ಸಾಲ,ಪ್ರಯತ್ನ,ದಯೆ,ಮೆಚ್ಚುಗೆ,ಆಲೋಚನೆ,ಯಶಸ್ಸು
2026-02-21,,,ವಿಶ್ವಾವಸು,kannada calendar.in,1947,kannada calendar.in,ಚೌತಿ,14:05,PV Calendar,ಶುಕ್ಲ,kannada calendar.in,ರೇವತಿ,20:18,PV Calendar,ಶುಭ,15:51,kannada calendar.in,ಬವ,ಮರುದಿನ 00:07,kannada calendar.in,ಉತ್ತರಾಯಣ,kannada calendar.in,ಕುಂಭ,kannada calendar.in,ಮೀನ,kannada calendar.in,06:39,kannada calendar.in,18:27,kannada calendar.in,09:00 – 10:30,PV Calendar,06:00 – 07:30,PV Calendar,13:30 – 15:00,PV Calendar,12:00 – 13:30,kannada calendar.in,04:49 – 06:21,kannada calendar.in,kannada calendar.in,ಯಶಸು,ಸಾಮ್ಯತ,ಫಯತ,ಕಾಟರ್ಕ ಶಾಂತಿ,ಕರುಣೆ,ಒಳ್ಳೆಯದು,ಅಭೆವೃದ್ದಿ,ಆನಂದ,ಅನುಕೂಲ,ಕೀರ್ತಿ,ಆಶ್ರಯ,ತೊಂದರೆ
2026-02-22,,,ವಿಶ್ವಾವಸು,kannada calendar.in,1947,kannada calendar.in,ಪಂಚಮಿ,12:23,PV Calendar,ಶುಕ್ಲ,kannada calendar.in,ಅಶ್ವಿನಿ,19:12,PV Calendar,ಶುಕ್ಷ,13:60,kannada calendar.in,ಕೌಲವ,22:11,kannada calendar.in,ಉತ್ತರಾಯಣ,kannada calendar.in,ಕುಂಭ,kannada calendar.in,ಮೇಷ,kannada calendar.in,06:39,kannada calendar.in,18:27,kannada calendar.in,16:30 – 18:00,PV Calendar,15:00 – 16:30,PV Calendar,12:00 – 13:30,PV Calendar,10:30 – 12:00,kannada calendar.in,11:04 – 12:35,kannada calendar.in,kannada calendar.in,ಲಾಭ,ಸಂತೋಷ,ಸ್ಲೇಹ,ಗಮನ,ಯಶಸ,ಸರ್ಧ,ಸೌಲ,ಮರೆವು,ಪ್ರೀತಿ,ಸಮಸ್ಥೆ,ಒಳ್ಳೆಯದು,ಆಸಕ್ತಿ
2026-02-23,,,ವಿಶ್ವಾವಸು,kannada calendar.in,1947,kannada calendar.in,ಷಷ್ಠಿ,10:07,PV Calendar,ಶುಕ್ಲ,kannada calendar.in,ಭರಣಿ,17:36,PV Calendar,ಜ್ರಹ್ಮಾ,10:19,kannada calendar.in,ಿ,16:34,kannada calendar.in,ಉತ್ತರಾಯಣ,kannada calendar.in,ಕುಂಭ,kannada calendar.in,ಮೇಷ,kannada calendar.in,06:38,kannada calendar.in,18:27,kannada calendar.in,07:30 – 09:00,PV Calendar,13:30 – 15:00,PV Calendar,10:30 – 12:00,PV Calendar,09:00 – 10:30,kannada calendar.in,,,kannada calendar.in,ಲಾಭ,ಅಲೆದಾಟ,ಅನಾರೋಗ್ಯ,ಗೊಂದಲ,ಸಾಲ,ಸ್ನೇಹ,ಸಂತೋಷ,ಯಶಸ್ಸು,ಲಾಭ,ಕೀರ್ತಿ,ಆಸೆ,ದಯೆ
2026-02-24,,,ವಿಶ್ವಾವಸು,kannada calendar.in,1947,kannada calendar.in,ಅಷ್ಟಮಿ,ಮರುದಿನ 05:24,PV Calendar,ಶುಕ್ಲ,kannada calendar.in,ಕೃತ್ತಿಕಾ,16:14,PV Calendar,ಕಥಜಜ,07:24,kannada calendar.in,ವಿಷ್ಟಿ,17:58,kannada calendar.in,ಉತ್ತರಾಯಣ,kannada calendar.in,ಕುಂಭ,kannada calendar.in,ವೃಷಭ,kannada calendar.in,06:38,kannada calendar.in,18:27,kannada calendar.in,15:00 – 16:30,PV Calendar,12:00 – 13:30,PV Calendar,09:00 – 10:30,PV Calendar,07:30 – 09:00,kannada calendar.in,,,kannada calendar.in,ಕರುಣೆ,ಆನಂದ,ಭಕಿ,ಕಾಟರ್ಕ ಕೀರ್ತಿ,ಶ್ರೇಷತೆ,ಗೌರವ,ಚಿಂತೆ,ಯಶಸ್ಸು,ವಿಶ್ರಾಂತಿ,ಭಯ,ಆಸಕ್ತಿ,ಪ್ರಗತಿ
2026-02-25,,,ವಿಶ್ವಾವಸು,kannada calendar.in,1947,kannada calendar.in,ನವಮಿ,ಮರುದಿನ 02:58,PV Calendar,ಶುಕ್ಲ,kannada calendar.in,ರೋಹಿಣಿ,14:19,PV Calendar,ವಿಷ್ಕಂಭ,ಮರುದಿನ 01:25,kannada calendar.in,ಬಾಲವ,15:47,kannada calendar.in,ಉತ್ತರಾಯಣ,kannada calendar.in,ಕುಂಭ,kannada calendar.in,ವೃಷಭ,kannada calendar.in,06:37,kannada calendar.in,18:27,kannada calendar.in,12:00 – 13:30,PV Calendar,10:30 – 12:00,PV Calendar,07:30 – 09:00,PV Calendar,06:00 – 07:30,kannada calendar.in,10:38 – 12:08,kannada calendar.in,kannada calendar.in,ಪಗತಿ,ಕರ್ತಿ,ಕುತೂಹಲ,ವಿಳಂಬ,ಲಾಭ,ದಯ,ಭಯ,ಉಡುಗೊರೆ,ಚಿಂತೆ,ಅಲೆದಾಟ,ಸಾಲ,ಯಶಸ್ಸು
2026-02-26,,,ವಿಶ್ವಾವಸು,kannada calendar.in,1947,kannada calendar.in,ದಶಮಿ,ಮರುದಿನ 00:40,PV Calendar,ಕೃಷ್ಣ,kannada calendar.in,ಮೃಗಶಿರ,12:40,PV Calendar,ಶ್ರೀತಿ,02:33,kannada calendar.in,ತೈತಿಲ,13:37,kannada calendar.in,ಉತ್ತರಾಯಣ,kannada calendar.in,ಕುಂಭ,kannada calendar.in,ಮಿಥುನ,kannada calendar.in,06:37,kannada calendar.in,18:28,kannada calendar.in,13:30 – 15:00,PV Calendar,09:00 – 10:30,PV Calendar,06:00 – 07:30,PV Calendar,15:00 – 16:30,kannada calendar.in,03:55 – 05:25,kannada calendar.in,kannada calendar.in,ಯಶಸು,ಒಳ್ಳೆಯದು,ಸೌಮತೆ,ಪ್ರಯತ್ರ,ಪ್ರೀತಿ,ಬುದ್ದಿವಂತಿಕ,ಸಂತೋಷ,ಸ್ನೇಹ,ಸರ್ಧೆ,ೃಾಂತಿ,ಅಭಿವೃದ್ಧಿ,ಗೊಂದಲೆ
2026-02-27,,,ವಿಶ್ವಾವಸು,kannada calendar.in,1947,kannada calendar.in,ಏಕಾದಶಿ,22:34,PV Calendar,ಕೃಷ್ಣ,kannada calendar.in,ಆರಿದ್ರಾ,11:08,PV Calendar,ಆಯುಷ್ಠಾನ,19:44,kannada calendar.in,ವಣೆಜ,11:33,kannada calendar.in,ಉತ್ತರಾಯಣ,kannada calendar.in,ಕುಂಭ,kannada calendar.in,ಮಿಥುನ,kannada calendar.in,06:36,kannada calendar.in,18:28,kannada calendar.in,10:30 – 12:00,PV Calendar,07:30 – 09:00,PV Calendar,15:00 – 16:30,PV Calendar,13:30 – 15:00,kannada calendar.in,01:23 – 02:53,kannada calendar.in,kannada calendar.in,ಮೆಚ್ಚುಗೆ,ವಿಶ್ರಾಂತಿ,ಸ್ನೇಹ,ಕಾಟರ್ಕ ಕೀರ್ತಿ,ತೊಂದರೆ,ಕೋಪ,ಲಾಭ,ಗಮನ,ಫ್ರೀತಿ,ಪತಿರೋದ,ಸಹಾಯ,ಯಶಸ್ಸು
2026-02-28,,,ವಿಶ್ವಾವಸು,kannada calendar.in,1947,kannada calendar.in,ದ್ವಾದಶಿ,20:36,PV Calendar,ಶುಕ್ಲ,kannada calendar.in,ಪುನರ್ವಸು,09:47,PV Calendar,ಸಾಭಾಗ್ಯ,17:02,kannada calendar.in,ಬವ,00:37,kannada calendar.in,ಉತ್ತರಾಯಣ,kannada calendar.in,ಕುಂಭ,kannada calendar.in,ಕರ್ಕ,kannada calendar.in,06:36,kannada calendar.in,18:28,kannada calendar.in,09:00 – 10:30,PV Calendar,06:00 – 07:30,PV Calendar,13:30 – 15:00,PV Calendar,12:00 – 13:30,kannada calendar.in,07:18 – 08:49,kannada calendar.in,kannada calendar.in,ಅಲೆದಾಟ,ಚಿಂತೆ,ಮೆಚುಗೆ,ಶಾಂತಿ,ಅನುಕೂಲ,ಲಾಭ,ಖರ್ಚು,ಯಶಸ್ಸು,ತಾಳ್ಮೆ,ದಯೆ,ವಿನಯ,ವಿಶ್ರಾಂತಿ
2026-03-01,ವಿಶ್ವಾವಸು ಪರಾಭವ,kannada calendar.in,ವಿಶ್ವಾವಸು ಪರಾಭವ,kannada calendar.in,1947,kannada calendar.in,ತ್ರಯೋದಶಿ,19:10,PV Calendar,ಶುಕ್ಲ,kannada calendar.in,ಪುಷ್ಯ,08:43,PV Calendar,ಶಾಸ,13:35,kannada calendar.in,ಕೈಲಜ,07:54,kannada calendar.in,ಉತ್ತರಾಯಣ,kannada calendar.in,ಕುಂಭ,kannada calendar.in,ಕರ್ಕ,kannada calendar.in,06:35,kannada calendar.in,18:28,kannada calendar.in,16:30 – 18:00,PV Calendar,15:00 – 16:30,PV Calendar,12:00 – 13:30,PV Calendar,10:30 – 12:00,kannada calendar.in,07:57 – 09:23,kannada calendar.in,kannada calendar.in,ತೊಂದರೆ,ಸಮಸ್ಯೆ,ಅನುಕೂಲ,ಸಂತೋಷ,ನಿರಾಶೆ,ದುಃಖ,ಯಶಸ್ಸು,ಖರ್ಚು,ಪ್ರೋತ್ಸಾಹ,ಭಯ,ಆತಂಕ,ಲಾಭ
2026-03-02,ವಿಶ್ವಾವಸು ಪರಾಭವ,kannada calendar.in,ವಿಶ್ವಾವಸು ಪರಾಭವ,kannada calendar.in,1947,kannada calendar.in,ಚತುರ್ದಶಿ,17:47,PV Calendar,ಕೃಷ್ಣ,kannada calendar.in,ಅಶ್ಲೇಷ,07:57,PV Calendar,ಅತಿಗಂಡ,12:19,kannada calendar.in,ಏಿಷ್ಟಿ,ಮರುದಿನ 05:29,kannada calendar.in,ಉತ್ತರಾಯಣ,kannada calendar.in,ಕುಂಭ,kannada calendar.in,,,06:35,kannada calendar.in,18:28,kannada calendar.in,07:30 – 09:00,PV Calendar,13:30 – 15:00,PV Calendar,10:30 – 12:00,PV Calendar,09:00 – 10:30,kannada calendar.in,06:18 – 07:51,kannada calendar.in,kannada calendar.in,ಗೊಂದಲ,ಮೆಚ್ಚುಗೆ,ಸರ್ಧೆ,ಒಳ್ಳೆಯ ಕೆಲಸ,ದುರಾಸೆ,ಗೌರವ,ಅನುಕೂಲ,ಆನಂದ,ದಯೆ,ದುಃಖ,ಖರ್ಚು,ತಾಳ್ಮೆ
2026-03-03,ವಿಶ್ವಾವಸು ಪರಾಭವ,kannada calendar.in,ವಿಶ್ವಾವಸು ಪರಾಭವ,kannada calendar.in,1947,kannada calendar.in,ಪೂರ್ಣಿಮಾ,17:15,PV Calendar,ಶುಕ್ಲ,kannada calendar.in,ಮಘ,07:37,PV Calendar,ಸುಕರ್ಮಾ,10:25,kannada calendar.in,ಬಾಲವ,ಮರುದಿನ 04:55,kannada calendar.in,ಉತ್ತರಾಯಣ,kannada calendar.in,ಕುಂಭ,kannada calendar.in,ಸಿಂಹ,kannada calendar.in,06:34,kannada calendar.in,18:28,kannada calendar.in,15:00 – 16:30,PV Calendar,12:00 – 13:30,PV Calendar,09:00 – 10:30,PV Calendar,07:30 – 09:00,kannada calendar.in,05:09 – 06:44,kannada calendar.in,kannada calendar.in,ಯಶಸ್ತು,ವಿಶ್ರಾಂತಿ,ಅನುಕೂಲ,ಅಲೆದಾಟ,ಸಾಲ,ಅಭಿವೃದ್ದಿ,ಒಳ್ಳೆಯದು,ಪ್ರತಿರೋಧ,ಯಶಸ್ಸು,ಮರವ,ನಿರಾಶೆ,ಅನಾರೋಗ್ಯ
2026-03-04,ವಿಶ್ವಾವಸು ಪರಾಭವ,kannada calendar.in,ವಿಶ್ವಾವಸು ಪರಾಭವ,kannada calendar.in,1947,kannada calendar.in,ಪಾಡ್ಯ,16:39,PV Calendar,ಕೃಷ್ಣ,kannada calendar.in,ಪುಬ್ಬ,07:44,PV Calendar,ಥೃತಿ,08:52,kannada calendar.in,ತೈತಿಲ,ಮರುದಿನ 04:53,kannada calendar.in,ಉತ್ತರಾಯಣ,kannada calendar.in,ಕುಂಭ,kannada calendar.in,,,06:34,kannada calendar.in,18:29,kannada calendar.in,12:00 – 13:30,PV Calendar,10:30 – 12:00,PV Calendar,07:30 – 09:00,PV Calendar,06:00 – 07:30,kannada calendar.in,01:13 – 02:49,kannada calendar.in,kannada calendar.in,ಪ್ರೋತ್ಸಹ,ಶಾಂತಿ,ದಾನ,ವಿಶ್ರಾಂತಿ,ಮರೆವು,ಯಶಸ್ಸು,ಆನಂದ,ಕೋಪ,ಆತಂಕ,ನಿಷೇದ,ಸಾಲ,ಆಸೆ
2026-03-05,ವಿಶ್ವಾವಸು ಪರಾಭವ,kannada calendar.in,ವಿಶ್ವಾವಸು ಪರಾಭವ,kannada calendar.in,1947,kannada calendar.in,ಬಿದಿಗೆ,16:52,PV Calendar,ಕೃಷ್ಣ,kannada calendar.in,ಉತ್ತರಾ,08:21,PV Calendar,ಶೂಲ,07:46,kannada calendar.in,ವಣೆಜ ೫,ಮರುದಿನ 05:25,kannada calendar.in,ಉತ್ತರಾಯಣ,kannada calendar.in,ಕುಂಭ,kannada calendar.in,ಕನ್ನಾ,kannada calendar.in,06:33,kannada calendar.in,18:29,kannada calendar.in,13:30 – 15:00,PV Calendar,09:00 – 10:30,PV Calendar,06:00 – 07:30,PV Calendar,15:06 – 16:30,kannada calendar.in,,,kannada calendar.in,ಖರ್ಚು,ಪ್ರಗತಿ,ಸಂತೋಷ,ಸಾಲ,ಪ್ರೀತಿ,ಪ್ರೋತ್ಸಾಹ,ಸಂತೋಷ,ಸಂಪತ್ತು,ಸ್ನೇಹ,ವಿಳಂಬ,ಸಮಸ್ಯೆ,ಆನಂದೆ
2026-03-06,ವಿಶ್ವಾವಸು ಪರಾಭವ,kannada calendar.in,ವಿಶ್ವಾವಸು ಪರಾಭವ,kannada calendar.in,1947,kannada calendar.in,ತದಿಗೆ,17:36,PV Calendar,ಕೃಷ್ಣ,kannada calendar.in,ಹಸ್ತಾ,09:27,PV Calendar,ಗಂಡ,07:06,kannada calendar.in,ಬವ,ಮರುದಿನ 06:32,kannada calendar.in,ಉತ್ತರಾಯಣ,kannada calendar.in,ಕುಂಭ,kannada calendar.in,,,06:32,kannada calendar.in,18:29,kannada calendar.in,10:30 – 12:00,PV Calendar,07:30 – 09:00,PV Calendar,15:00 – 16:30,PV Calendar,,,03:11 – 04:52,kannada calendar.in,kannada calendar.in,ಸಂಪತ್ತು,ಸಾಲ,ಕೋಪ,ಅನಾರೋಗ್ಯ,ಅಭಿವೃದ್ಧಿ,ಸಾಧನೆ,ಚಿಂತೆ,ಒಳ್ಳೆಯ ಕೆಲಸ,ಆಯಾಸ,ದಯೆ,ಸೌಮ್ಯತೆ,ಯಶಸ್ಸು
2026-03-07,ವಿಶ್ವಾವಸು ಪರಾಭವ,kannada calendar.in,ವಿಶ್ವಾವಸು ಪರಾಭವ,kannada calendar.in,1947,kannada calendar.in,ಚೌತಿ,18:41,PV Calendar,ಕೃಷ್ಣ,kannada calendar.in,ಚಿತ್ತಾ,11:03,PV Calendar,ವೃದ್ಧಿ,06:52,kannada calendar.in,ಕೌರವ,—,kannada calendar.in,ಉತ್ತರಾಯಣ,kannada calendar.in,ಕುಂಭ,kannada calendar.in,ತುಲಾ,kannada calendar.in,06:32,kannada calendar.in,18:29,kannada calendar.in,09:00 – 10:30,PV Calendar,06:00 – 07:30,PV Calendar,13:30 – 15:00,PV Calendar,,,04:23 – 06:06,kannada calendar.in,kannada calendar.in,ಗಮನ,ತೊಂದರೆ,ಸಂತೋಷ,ಶುಭಸಮಾಚಾರ,ಪಶ್ಚಾತ್ತಾಪ,ವಿಳಂಬ,ಲಾಭ,ಅಲೆದಾಟ,ಬುದ್ಧಿವಂತಿಕೆ,ಸಾಲ,ಪ್ರಯತ್ನ,ಅನುಕೂಲ
2026-03-08,ವಿಶ್ವಾವಸು ಪರಾಭವ,kannada calendar.in,ವಿಶ್ವಾವಸು ಪರಾಭವ,kannada calendar.in,1947,kannada calendar.in,ಪಂಚಮಿ,20:16,PV Calendar,ಕೃಷ್ಣ,kannada calendar.in,ಸ್ವಾತಿ,13:02,PV Calendar,ಥ್ರುವ,07:04,kannada calendar.in,ಕೌಲವ,08:11,kannada calendar.in,ಉತ್ತರಾಯಣ,kannada calendar.in,ಕುಂಭ,kannada calendar.in,ತುಲಾ,kannada calendar.in,06:31,kannada calendar.in,18:29,kannada calendar.in,16:30 – 18:00,PV Calendar,15:00 – 16:30,PV Calendar,12:00 – 13:30,PV Calendar,10:00 – 12:00,kannada calendar.in,08:33 – 09:58,kannada calendar.in,kannada calendar.in,ಭಕ್ತಿ,ಅನಾರೋಗ್ಯ,ಅನುಕೂಲ,ಪ್ರಾಮಾಣಿಕತೆ,ಶ್ರೇಷ್ಠತೆ,ಪ್ರತಿರೋಧ,ಅಲೆದಾಟ,ಸಂತೋಷ,ಯೋಗ,ಜೀವನ,ಪ್ರೋತ್ಸಾಹ,ಪ್ರೀತಿ
2026-03-09,ವಿಶ್ವಾವಸು ಪರಾಭವ,kannada calendar.in,ವಿಶ್ವಾವಸು ಪರಾಭವ,kannada calendar.in,1947,kannada calendar.in,ಷಷ್ಠಿ,22:11,PV Calendar,ಕೃಷ್ಣ,kannada calendar.in,ವಿಶಾಖ,15:23,PV Calendar,ವ್ಯಾಘಾತ,07:36,kannada calendar.in,ಗರಜ,10:17,kannada calendar.in,ಉತ್ತರಾಯಣ,kannada calendar.in,ಕುಂಭ,kannada calendar.in,ತುಲಾ,kannada calendar.in,06:31,kannada calendar.in,18:29,kannada calendar.in,07:30 – 09:00,PV Calendar,13:30 – 15:00,PV Calendar,10:30 – 12:00,PV Calendar,09:00 – 10:30,kannada calendar.in,06:25 – 08:11,kannada calendar.in,kannada calendar.in,ಒಳ್ಳೆಯ ಕೆಲಸ,ಲಾಭ,ಯಶಸ್ಸು,ಪ್ರತಿಭೆ,ಕುತೂಹಲ,ಯಶಸ್ಸು,ಆನಂದ,ತಾಳ್ಮೆ,ಮರೆವು,ಸಂತೋಷ,ಕೀರ್ತಿ,ಪ್ರಯತ್ನ
2026-03-10,ವಿಶ್ವಾವಸು ಪರಾಭವ,kannada calendar.in,ವಿಶ್ವಾವಸು ಪರಾಭವ,kannada calendar.in,1947,kannada calendar.in,ಸಪ್ತಮಿ,ಮರುದಿನ 00:17,PV Calendar,ಕೃಷ್ಣ,kannada calendar.in,ಅನೂರಾಧ,17:51,PV Calendar,ಹರ್ಷಣ,08:21,kannada calendar.in,ವಿಷ್ಟಿ,12:41,kannada calendar.in,ಉತ್ತರಾಯಣ,kannada calendar.in,ಕುಂಭ,kannada calendar.in,ವೃಶ್ಚಿಕ,kannada calendar.in,06:30,kannada calendar.in,18:29,kannada calendar.in,15:00 – 16:30,PV Calendar,12:00 – 13:30,PV Calendar,09:00 – 10:30,PV Calendar,07:30 – 09:00,kannada calendar.in,07:26 – 09:13,kannada calendar.in,kannada calendar.in,ಸಂಪತ್ತು,ಯಶಸ್ಸು,ಸಾಲ,ಖರ್ಚು,ಭಕ್ತಿ,ಆಯಾಸ,ಸಾಧನೆ,ಕೀರ್ತಿ,ಆಲೋಚನೆ,ವಿಭಾಗ,ಪ್ರತಿಭೆ,ಅನಾರೋಗ್ಯ
2026-03-11,ವಿಶ್ವಾವಸು ಪರಾಭವ,kannada calendar.in,ವಿಶ್ವಾವಸು ಪರಾಭವ,kannada calendar.in,1947,kannada calendar.in,ಅಷ್ಟಮಿ,ಮರುದಿನ 02:26,PV Calendar,ಕೃಷ್ಣ,kannada calendar.in,ಜ್ಯೇಷ್ಠ,20:30,PV Calendar,ವಜ್ರ,05:12,kannada calendar.in,ಬಾಲವ,15:09,kannada calendar.in,ಉತ್ತರಾಯಣ,kannada calendar.in,ಕುಂಭ,kannada calendar.in,ವೃಶ್ಚಿಕ,kannada calendar.in,06:29,kannada calendar.in,18:29,kannada calendar.in,12:00 – 13:30,PV Calendar,10:30 – 12:00,PV Calendar,07:30 – 09:00,PV Calendar,06:00 – 07:30,kannada calendar.in,,,kannada calendar.in,ಸಂತೋಷ,ಕೀರ್ತಿ,ಯಶಸ್ತ್ಸು,ದಯೆ,ಸಂತೋಷ,ಪ್ರತಿರೋಧ,ಉಡುಗೊರೆ,ಮೆಚ್ಚುಗೆ,ಗೊಂದಲ,ಶ್ರೇಷತೆ,ಚಿಂತೆ,ತೊಂದರೆ
2026-03-12,ವಿಶ್ವಾವಸು ಪರಾಭವ,kannada calendar.in,ವಿಶ್ವಾವಸು ಪರಾಭವ,kannada calendar.in,1947,kannada calendar.in,ನವಮಿ,ಮರುದಿನ 04:23,PV Calendar,ಕೃಷ್ಣ,kannada calendar.in,ಮೂಲ,23:12,PV Calendar,ಸಿದ್ಧ ೫,09:59,kannada calendar.in,ತೈತಲ,17:25,kannada calendar.in,ಉತ್ತರಾಯಣ,kannada calendar.in,ಕುಂಭ,kannada calendar.in,ದನು,kannada calendar.in,06:29,kannada calendar.in,18:29,kannada calendar.in,13:30 – 15:00,PV Calendar,09:00 – 10:30,PV Calendar,06:00 – 07:30,PV Calendar,,,05:36 – 07:23,kannada calendar.in,kannada calendar.in,ಸಂತೋಷ,ಯಶಸ್ಸು,ಸಾಲ,ಅಭಿವೃದ್ದಿ,ಸ್ನೇಹ,ಅನಾರೋಗ್ಯ,ವಿಳಂಬ,ಲಾಭ,ಪ್ರತಿರೋಧ,ಪ್ರೋತ್ಸಾಹ,ಪ್ರಯತ್ನ,ಸಂತೋಷ
2026-03-13,ವಿಶ್ವಾವಸು ಪರಾಭವ,kannada calendar.in,ವಿಶ್ವಾವಸು ಪರಾಭವ,kannada calendar.in,1947,kannada calendar.in,ದಶಮಿ,18:06,PV Calendar,ಕೃಷ್ಣ,kannada calendar.in,ಪೂರ್ವಾಷಾಢ,ಮರುದಿನ 01:16,PV Calendar,ಪ್ಯಕೀಪಾತ,16:32,kannada calendar.in,ವಣಿಜ,19:25,kannada calendar.in,ಉತ್ತರಾಯಣ,kannada calendar.in,ಕುಂಭ,kannada calendar.in,ದನು,kannada calendar.in,06:28,kannada calendar.in,18:30,kannada calendar.in,10:30 – 12:00,PV Calendar,07:30 – 09:00,PV Calendar,15:00 – 16:30,PV Calendar,,,09:47 – 11:32,kannada calendar.in,kannada calendar.in,ದಡ ನಿರ್ಧಾರ,ಮರೆವು,ಪ್ರತಿರೋಧ,ಒಳ್ಳೆಯದು,ಯಶಸ್ಸು,ಪ್ರಗತಿ,ಆಸೆ,ಸ್ನೇಹ,ದಾನ,ಸಂತೋಷ,ಸಾಲ,ಉಡುಗೊರೆ
2026-03-14,ವಿಶ್ವಾವಸು ಪರಾಭವ,kannada calendar.in,ವಿಶ್ವಾವಸು ಪರಾಭವ,kannada calendar.in,1947,kannada calendar.in,ಏಕಾದಶಿ,—,PV Calendar,ಕೃಷ್ಣ,kannada calendar.in,ಉತ್ತರಾಷಾಢ,ಮರುದಿನ 03:10,PV Calendar,ಪಹಾನ,16:27,kannada calendar.in,ಬವ,20:40,kannada calendar.in,ಉತ್ತರಾಯಣ,kannada calendar.in,ಕುಂಭ,kannada calendar.in,ಧನು,kannada calendar.in,06:28,kannada calendar.in,18:30,kannada calendar.in,09:00 – 10:30,PV Calendar,06:00 – 07:30,PV Calendar,13:30 – 15:00,PV Calendar,,,09:56 – 11:40,kannada calendar.in,kannada calendar.in,ಪ್ರೀತಿ,ಪ್ರೀತಿ,ತಾಳ್ಮೆ,ಅಸೂಯೆ,ಖರ್ಚು,ನಷ್ಟ,ಶ್ರೇಷ್ಠತೆ,ಸ್ಫರ್ಧೆ,ಚಿಂತೆ,ಪ್ರೋತ್ಸಾಹ,ಸಂತೋಷ,ಅಭಿವೃದ್ದಿ
2026-03-15,ವಿಶ್ವಾವಸು ಪರಾಭವ,kannada calendar.in,ವಿಶ್ವಾವಸು ಪರಾಭವ,kannada calendar.in,1947,kannada calendar.in,ಏಕಾದಶಿ,07:18,PV Calendar,ಕೃಷ್ಣ,kannada calendar.in,ಶ್ರವಣ,ಮರುದಿನ 04:26,PV Calendar,ಪಘ,01:25,kannada calendar.in,ಕೌಲವ,21:35,kannada calendar.in,ಉತ್ತರಾಯಣ,kannada calendar.in,ಮೀನ,kannada calendar.in,ಮಕರ,kannada calendar.in,06:27,kannada calendar.in,18:30,kannada calendar.in,16:30 – 18:00,PV Calendar,15:00 – 16:30,PV Calendar,12:00 – 13:30,PV Calendar,10:30 – 12:00,kannada calendar.in,07:03 – 08:43,kannada calendar.in,kannada calendar.in,ಪ್ರಗತಿ,ಯಶಸ್ಸು,ಧೈರ್ಯ,ಸಾಲ,ಮರೆವು,ಪ್ರೀತಿ,ಸಂತೋಷ,ಪ್ರತಿರೋಧ,ಆಸೆ,ಒಳ್ಳೆಯದು,ಲಾಭ,ಪ್ರೀತಿ
2026-03-16,ವಿಶ್ವಾವಸು ಪರಾಭವ,kannada calendar.in,ವಿಶ್ವಾವಸು ಪರಾಭವ,kannada calendar.in,1947,kannada calendar.in,ದ್ವಾದಶಿ,07:58,PV Calendar,ಕೃಷ್ಣ,kannada calendar.in,ಧನಿಷ್ಠ,05:17,PV Calendar,ಶಿವ,09:37,kannada calendar.in,ಗರಜ,21:38,kannada calendar.in,ಉತ್ತರಾಯಣ,kannada calendar.in,ಮೀನ,kannada calendar.in,ಮಕರ,kannada calendar.in,06:26,kannada calendar.in,18:30,kannada calendar.in,07:30 – 09:00,PV Calendar,13:30 – 15:00,PV Calendar,10:30 – 12:00,PV Calendar,09:00 – 10:30,kannada calendar.in,07:47 – 09:24,kannada calendar.in,kannada calendar.in,ಪ್ರತಿಭೆ,ಮರವು,ಪ್ರತಿರೋಧ,ಒಳ್ಳೆಯದು,ಯಶಸ್ಸು,ಪ್ರಗತಿ,ಆಸೆ,ಸ್ನೇಹ,ದಾನ,ಸಂತೋಷ,ಸಾಲ,ಸ್ಪರ್ಧೆ
2026-03-17,ವಿಶ್ವಾವಸು ಪರಾಭವ,kannada calendar.in,ವಿಶ್ವಾವಸು ಪರಾಭವ,kannada calendar.in,1947,kannada calendar.in,ತ್ರಯೋದಶಿ,08:11,PV Calendar,ಕೃಷ್ಣ,kannada calendar.in,ಶತಭಿಷ,05:48,PV Calendar,ಸಿಿ್‌,08:15,kannada calendar.in,ವಿಷ್ಟಿ,20:59,kannada calendar.in,ಉತ್ತರಾಯಣ,kannada calendar.in,ಮೀನ,kannada calendar.in,ಕುಂಭ,kannada calendar.in,06:26,kannada calendar.in,18:30,kannada calendar.in,15:00 – 16:30,PV Calendar,12:00 – 13:30,PV Calendar,09:00 – 10:30,PV Calendar,07:30 – 09:00,kannada calendar.in,11:01 – 12:36,kannada calendar.in,kannada calendar.in,ಸಂತೋಷ,ಖರ್ಚು,ಸಂತೋಷ,ಪ್ರೋತ್ಸಾಹ,ಸಹಾಯ,ಅನಾರೋಗ್ಯ,ಶಾಂತಿ,ಅನುಕೂಲ,ಆಸೆ,ಭಯ,ತಾಳ್ಮೆ,ಸಾಲ
2026-03-18,ವಿಶ್ವಾವಸು ಪರಾಭವ,kannada calendar.in,ವಿಶ್ವಾವಸು ಪರಾಭವ,kannada calendar.in,1947,kannada calendar.in,ಚತುರ್ದಶಿ,07:29,PV Calendar,ಕೃಷ್ಣ,kannada calendar.in,ಪೂರ್ವಾಭಾದ್ರ,ಮರುದಿನ 05:31,PV Calendar,ಶುಭ,ಮರುದಿನ 04:01,kannada calendar.in,ಚತುಷ್ಪಾದ,19:44,kannada calendar.in,ಉತ್ತರಾಯಣ,kannada calendar.in,ಮೀನ,kannada calendar.in,ಕುಂಭ,kannada calendar.in,06:25,kannada calendar.in,18:30,kannada calendar.in,12:00 – 13:30,PV Calendar,10:30 – 12:00,PV Calendar,07:30 – 09:00,PV Calendar,06:00 – 07:30,kannada calendar.in,09:37 – 11:10,kannada calendar.in,kannada calendar.in,ಸಾಲ,ವಿಳಂಬ,ಭಯ,ಭಯ,ಖರ್ಚು,ಸಂತೋಷ,ಅನುಕೂಲ,ಪ್ರತಿರೋಧ,ಪ್ರೀತಿ,ಲಾಭ,ಆತಂಕ,ಶುಭ
2026-03-19,ಪುಷ್ಯ/ಮಾಘ,kannada calendar.in,ವಿಶ್ವಾವಸು,kannada calendar.in,1947,kannada calendar.in,ಪಾಡ್ಯ,ಮರುದಿನ 05:41,PV Calendar,ಶುಕ್ಲ,kannada calendar.in,ಉತ್ತರಾಭಾದ್ರ,ಮರುದಿನ 05:11,PV Calendar,ಶುಕ್ಷ,ಮರುದಿನ 01:17,kannada calendar.in,ಕಿಂಸ್ತುಘ್ನ,17:56,kannada calendar.in,ಉತ್ತರಾಯಣ,kannada calendar.in,ಮೀನ,kannada calendar.in,ಮೀನ,kannada calendar.in,06:24,kannada calendar.in,18:30,kannada calendar.in,13:30 – 15:00,PV Calendar,09:00 – 10:30,PV Calendar,06:00 – 07:30,PV Calendar,15:00 – 16:36,kannada calendar.in,,,kannada calendar.in,ವಿಳಂಬ,ಸಂತೋಷ,ಸ್ನೇಹ,ಶ್ರೇಷ್ಠತೆ,ಸಮಸ್ಯೆ,ಸ್ಪರ್ಧೆ,ಸಾಲ,್ಠಾಾ ಶುಭ,ಪ್ರತಿಭೆ,ಆತಂಕ,ಯಶಸ್ಸು,ಪ್ರತಿರೋಧ
2026-03-20,ವಿಶ್ವಾವಸು ಪರಾಭವ,kannada calendar.in,ವಿಶ್ವಾವಸು ಪರಾಭವ,kannada calendar.in,1947,kannada calendar.in,ಬಿದಿಗೆ,ಮರುದಿನ 04:20,PV Calendar,ಶುಕ್ಲ,kannada calendar.in,ರೇವತಿ,ಮರುದಿನ 04:18,PV Calendar,ಬ್ರಹ್ಮಾ,22:15,kannada calendar.in,ಬಾಲವ,15:44,kannada calendar.in,ಉತ್ತರಾಯಣ,kannada calendar.in,ಮೀನ,kannada calendar.in,ಮೀನ,kannada calendar.in,06:24,kannada calendar.in,18:30,kannada calendar.in,10:30 – 12:00,PV Calendar,07:30 – 09:00,PV Calendar,15:00 – 16:30,PV Calendar,,,,,kannada calendar.in,ಯಶಸು,ಖಚ್ಚು,ಪ್ರೀತಿ,ಲಾಭ,ಉಡುಗೊರೆ,ದಯೆ,ಪರಿಶ್ರಮ,ಗಮನ,ಅನುಕೂಲ,ಭಕ್ತಿ,ಒಳ್ಳೆಯದು,ಸಹಾಯ
2026-03-21,ವಿಶ್ವಾವಸು ಪರಾಭವ,kannada calendar.in,ವಿಶ್ವಾವಸು ಪರಾಭವ,kannada calendar.in,1947,kannada calendar.in,ತದಿಗೆ,ಮರುದಿನ 02:20,PV Calendar,ಕೃಷ್ಣ,kannada calendar.in,ಅಶ್ವಿನಿ,ಮರುದಿನ 03:01,PV Calendar,ಐಂದ್ರ,19:01,kannada calendar.in,ತೈಲ,15:15,kannada calendar.in,ಉತ್ತರಾಯಣ,kannada calendar.in,ಮೀನ,kannada calendar.in,ಮೇಷ,kannada calendar.in,06:23,kannada calendar.in,18:30,kannada calendar.in,09:00 – 10:30,PV Calendar,06:00 – 07:30,PV Calendar,13:30 – 15:00,PV Calendar,,,,,kannada calendar.in,ಪ್ರೀತಿ,ಆತಂಕ,ಪ್ರೀತಿ,ಸಂತೋಷ,ಯಶಸ್ಸು,ಶುಭ,ಪ್ರೀತಿ,ಪ್ರತಿರೋಧ,ಸಾಲ,ಆಸೆ,ಅಭಿವೃದ್ಧಿ,ಒಳ್ಳೆಯ ಕೆಲಸ
2026-03-22,ವಿಶ್ವಾವಸು ಪರಾಭವ,kannada calendar.in,ವಿಶ್ವಾವಸು ಪರಾಭವ,kannada calendar.in,1947,kannada calendar.in,ಚೌತಿ,ಮರುದಿನ 00:11,PV Calendar,ಶುಕ್ಲ,kannada calendar.in,ಭರಣಿ,ಮರುದಿನ 01:35,PV Calendar,ವೈಧೃತಿ,05:20,kannada calendar.in,ವಣಿಜ,15:37,kannada calendar.in,ಉತ್ತರಾಯಣ,kannada calendar.in,ಮೀನ,kannada calendar.in,ಮೇಷ,kannada calendar.in,06:22,kannada calendar.in,18:30,kannada calendar.in,16:30 – 18:00,PV Calendar,15:00 – 16:30,PV Calendar,12:00 – 13:30,PV Calendar,,,06:17 – 07:46,kannada calendar.in,kannada calendar.in,ಸಂತೋಷ,ಪ್ರತಿಭೆ,ಲಾಭ,ಸಹಾಯ,ಅಭಿವೃದ್ಧಿ,ಪ್ರೀತಿ,ಸಾಲ,ಪರಿಶ್ರಮ,ಪ್ರೀತಿ,ಅಬಿವದಿ,ಸಂತೋಷ,ತಾಳ್ಮೆ
2026-03-23,ವಿಶ್ವಾವಸು ಪರಾಭವ,kannada calendar.in,ವಿಶ್ವಾವಸು ಪರಾಭವ,kannada calendar.in,1947,kannada calendar.in,ಪಂಚಮಿ,21:51,PV Calendar,ಕೃಷ್ಣ,kannada calendar.in,ಕೃತ್ತಿಕಾ,23:59,PV Calendar,ಎಷ್ಟಂಥ,12:22,kannada calendar.in,ಮ,07:57,kannada calendar.in,ಉತ್ತರಾಯಣ,kannada calendar.in,ಮೀನ,kannada calendar.in,ವೃಷಭ,kannada calendar.in,06:22,kannada calendar.in,18:30,kannada calendar.in,07:30 – 09:00,PV Calendar,13:30 – 15:00,PV Calendar,10:30 – 12:00,PV Calendar,09:00 – 10:30,kannada calendar.in,06:50 – 08:21,kannada calendar.in,kannada calendar.in,ಅನುಕೂಲ,ಭಕ್ತಿ,ಪ್ರತಿರೋಧ,ಪ್ರೀತಿ,ಸಂತೋಷ,ಸಾಲ,ಅಭಿವೃದ್ದಿ,ಸ್ನೇಹ,ಲಾಭ,ಪಯತ್ರ,ಒಳ್ಳೆಯದು,ಪ್ರೀತಿ
2026-03-24,ವಿಶ್ವಾವಸು ಪರಾಭವ,kannada calendar.in,ವಿಶ್ವಾವಸು ಪರಾಭವ,kannada calendar.in,1947,kannada calendar.in,ಷಷ್ಠಿ,19:26,PV Calendar,ಶುಕ್ಲ,kannada calendar.in,ರೋಹಿಣಿ,22:18,PV Calendar,ಒಪ ಗ,09:07,kannada calendar.in,ಗರಜ,ಮರುದಿನ 02:58,kannada calendar.in,ಉತ್ತರಾಯಣ,kannada calendar.in,ಮೀನ,kannada calendar.in,ವೃಷಭ,kannada calendar.in,06:21,kannada calendar.in,18:30,kannada calendar.in,15:00 – 16:30,PV Calendar,12:00 – 13:30,PV Calendar,09:00 – 10:30,PV Calendar,07:30 – 09:00,kannada calendar.in,06:37 – 08:05,kannada calendar.in,kannada calendar.in,ಅಲೆದಾಟ,ಸ್ನೇಹ,ಸಂತೋಷ,ಅಭಿವೃದ್ಧಿ,ಶಾಂತಿ,ಒಳ್ಳೆಯದು,ದೃಢ ನಿರ್ಧಾರ,ಪ್ರೀತಿ,ಆಸೆ,ಪತಿರೋದ,ಸಾಲ,ಲಾಭ
2026-03-25,ವಿಶ್ವಾವಸು ಪರಾಭವ,kannada calendar.in,ವಿಶ್ವಾವಸು ಪರಾಭವ,kannada calendar.in,1947,kannada calendar.in,ಸಪ್ತಮಿ,17:01,PV Calendar,ಕೃಷ್ಣ,kannada calendar.in,ಮೃಗಶಿರ,20:23,PV Calendar,ಸೌಭಾಗ್ಯ,ಮರುದಿನ 03:00,kannada calendar.in,ವಿಷ್ಟಿ,ಮರುದಿನ 00:45,kannada calendar.in,ಉತ್ತರಾಯಣ,kannada calendar.in,ಮೀನ,kannada calendar.in,ಮಿಥನ,kannada calendar.in,06:20,kannada calendar.in,18:30,kannada calendar.in,12:00 – 13:30,PV Calendar,10:30 – 12:00,PV Calendar,07:30 – 09:00,PV Calendar,06:00 – 07:30,kannada calendar.in,09:19 – 10:49,kannada calendar.in,kannada calendar.in,ಸಂತೋಷ,ಲಾಭ,ಸ್ನೇಹ,ಪ್ರೀತಿ,ಪ್ರೀತಿ,ಆಸೆ,ಪ್ರತಿಭೆ,ಕರ್ತಿ,ಒಳ್ಳೆಯದು,ಶಾಂತಿ,ಅಭಿವೃದ್ದಿ,ಒಳ್ಳೆಯಸುದ್ದಿ
2026-03-26,ವಿಶ್ವಾವಸು ಪರಾಭವ,kannada calendar.in,ವಿಶ್ವಾವಸು ಪರಾಭವ,kannada calendar.in,1947,kannada calendar.in,ಅಷ್ಟಮಿ,14:46,PV Calendar,ಶುಕ್ಲ,kannada calendar.in,ಆರಿದ್ರಾ,19:03,PV Calendar,ಶೋಭನ,ಮರುದಿನ 01:32,kannada calendar.in,ಬಾಲವ,02:55,kannada calendar.in,ಉತ್ತರಾಯಣ,kannada calendar.in,ಮೀನ,kannada calendar.in,ಮಿಥನ,kannada calendar.in,06:20,kannada calendar.in,18:30,kannada calendar.in,13:30 – 15:00,PV Calendar,09:00 – 10:30,PV Calendar,06:00 – 07:30,PV Calendar,,,04:06 – 05:35,kannada calendar.in,kannada calendar.in,ಸಾಲ,ಆಸೆ,ಒಳ್ಳೆಯದು,ಸ್ನೇಹ,ಶಾಂತಿ,ಕೀರ್ತಿ,ಪ್ರತಿಭೆ,ಲಾಭ,ಅಭಿವೃದ್ದಿ,ಪ್ರೋತ್ಸಾಹ,ಸಂತೋಷ,ಪ್ರೀತಿ
2026-03-27,ವಿಶ್ವಾವಸು ಪರಾಭವ,kannada calendar.in,ವಿಶ್ವಾವಸು ಪರಾಭವ,kannada calendar.in,1947,kannada calendar.in,ನವಮಿ,12:35,PV Calendar,ಶುಕ್ಲ,kannada calendar.in,ಪುನರ್ವಸು,17:44,PV Calendar,ಅತಿಗಂಡ,22:16,kannada calendar.in,ತೈತಿಲ,21:24,kannada calendar.in,ಉತ್ತರಾಯಣ,kannada calendar.in,ಮೀನ,kannada calendar.in,ಮಿಥನ,kannada calendar.in,06:19,kannada calendar.in,18:31,kannada calendar.in,10:30 – 12:00,PV Calendar,07:30 – 09:00,PV Calendar,15:00 – 16:30,PV Calendar,,,01:05 – 02:38,kannada calendar.in,kannada calendar.in,ಯಶಸ್ತು,ಸ್ನೇಹ,ಅಭಿವೃದಿ,ಸಂತೋಷ,ಪ್ರೋತ್ಸಾಹ,ಅಭಿವೃದ್ದಿ,ಲಾಭ,ಪ್ರೀತಿ,ಶಾಂತಿ,ಒಳ್ಳೆಯದು,ಅಸೆ,ಕೀರ್ತಿ
2026-03-28,ವಿಶ್ವಾವಸು ಪರಾಭವ,kannada calendar.in,ವಿಶ್ವಾವಸು ಪರಾಭವ,kannada calendar.in,1947,kannada calendar.in,ದಶಮಿ,10:33,PV Calendar,ಕೃಷ್ಣ,kannada calendar.in,ಪುಷ್ಯ,16:33,PV Calendar,ಸುಕರ್ಮಾ,20:06,kannada calendar.in,ವಣೆಜ,ಮರುದಿನ 02:14,kannada calendar.in,ಉತ್ತರಾಯಣ,kannada calendar.in,ಮೀನ,kannada calendar.in,ಕರ್ಕ,kannada calendar.in,06:18,kannada calendar.in,18:32,kannada calendar.in,09:00 – 10:30,PV Calendar,06:00 – 07:30,PV Calendar,13:30 – 15:00,PV Calendar,12:00 – 13:30,kannada calendar.in,08:35 – 10:09,kannada calendar.in,kannada calendar.in,ಒಳೆಯದು,ಪ್ರೇತಿ,ಸ್ನೇಹ,ಯಶಸ್ಸು,ಪ್ರೀತಿ,ಸಂತೋಷ,ಗೌರವ,ಪ್ರೋತ್ಸಾಹ,ಲಾಭ,ಅಭಿವದಿ,ಶಾಂತಿ,ಕೀರ್ತಿ
2026-03-29,ವಿಶ್ವಾವಸು ಪರಾಭವ,kannada calendar.in,ವಿಶ್ವಾವಸು ಪರಾಭವ,kannada calendar.in,1947,kannada calendar.in,ಏಕಾದಶಿ,08:58,PV Calendar,ಶುಕ್ಲ,kannada calendar.in,ಆಶ್ಲೇಷ,15:43,PV Calendar,ಥೃತಿ,18:20,kannada calendar.in,ಬವ,19:26,kannada calendar.in,ಉತ್ತರಾಯಣ,kannada calendar.in,ಮೀನ,kannada calendar.in,ಕರ್ಕ,kannada calendar.in,06:18,kannada calendar.in,18:32,kannada calendar.in,16:30 – 18:00,PV Calendar,15:00 – 16:30,PV Calendar,12:00 – 13:30,PV Calendar,10:30 – 12:00,kannada calendar.in,13:02 – 14:38,kannada calendar.in,kannada calendar.in,ಭ್ರಮೆ,ಪ್ರಗತಿ,ಸಂತೋಷ,ಭಯ,ಆತಂಕ,ಯಶಸ್ಸು,ದಾನ,ಸಂತೋಷ,ಲಾಭ,ಪೋತ್ಸಾಹ,ಪ್ರತಿರೋಧ,ಕರ್ಚು
2026-03-30,ವಿಶ್ವಾವಸು ಪರಾಭವ,kannada calendar.in,ವಿಶ್ವಾವಸು ಪರಾಭವ,kannada calendar.in,1947,kannada calendar.in,ದ್ವಾದಶಿ,07:44,PV Calendar,ಶುಕ್ಲ,kannada calendar.in,ಮಘ,15:17,PV Calendar,ಶೂಲ,15:31,kannada calendar.in,ಕೌಲವ,19:00,kannada calendar.in,ಉತ್ತರಾಯಣ,kannada calendar.in,ಮೀನ,kannada calendar.in,ಸಿಂಹ,kannada calendar.in,06:17,kannada calendar.in,18:32,kannada calendar.in,07:30 – 09:00,PV Calendar,13:30 – 15:00,PV Calendar,10:30 – 12:00,PV Calendar,,,,,kannada calendar.in,ಅನಾರೋಗ್ಗ,ಕೋಪ,ಸಾಲ,ಸ್ನೇಹ,ಒಳ್ಳೆಯದು,ಅನುಕೂಲ,ಪ್ರಯತ್ನ,ಶಾರ್ಯ,ಪ್ರೀತಿ,ಯಶಸು,ಆತಂಕ,ಶಾಂತಿ
2026-03-31,ವಿಶ್ವಾವಸು ಪರಾಭವ,kannada calendar.in,ವಿಶ್ವಾವಸು ಪರಾಭವ,kannada calendar.in,1947,kannada calendar.in,ತ್ರಯೋದಶಿ,06:53,PV Calendar,ಶುಕ್ಲ,kannada calendar.in,ಪುಬ್ಬ,15:17,PV Calendar,ಗಂಡ,15:51,kannada calendar.in,ಗರಜ,18:59,kannada calendar.in,ಉತ್ತರಾಯಣ,kannada calendar.in,ಮೀನ,kannada calendar.in,ಸಿಂಹ,kannada calendar.in,06:16,kannada calendar.in,18:31,kannada calendar.in,15:00 – 16:30,PV Calendar,12:00 – 13:30,PV Calendar,09:00 – 10:30,PV Calendar,,,08:48 – 10:26,kannada calendar.in,kannada calendar.in,ಕೀರ್ತಿ,ಯಶಸ್ಸು,ಅನಾರೋಗ್ಗ,ಶ್ರೇಷ್ಠತೆ,ಶಾಂತಿ,ಖರ್ಚು,ವಿಳಂಬ,ಪ್ರೋತ್ಸಾಹ,ಅಭಿವೃದ್ದಿ,ಪಯತ,ಅಭಿವೃದ್ಧಿ,ಲಾಭ
2026-04-01,ಚೈತ್ರ–ವೈಶಾಖ,kannada calendar.in,ಪರಾಭವ,kannada calendar.in,1948,kannada calendar.in,ಚತುರ್ದಶಿ,06:34,PV Calendar,ಶುಕ್ಲ,kannada calendar.in,ಉತ್ತರ,15:47,PV Calendar,ವೃಡ್ಠಿ,14:51,kannada calendar.in,ಏಿಷ್ಟಿ,19:21,kannada calendar.in,ಉತ್ತರಾಯಣ,kannada calendar.in,ಮೀನ,kannada calendar.in,ಕನ್ನಾ,kannada calendar.in,06:16,kannada calendar.in,18:31,kannada calendar.in,12:00 – 13:30,PV Calendar,10:30 – 12:00,PV Calendar,07:30 – 09:00,PV Calendar,06:00 – 07:30,kannada calendar.in,08:48 – 10:28,kannada calendar.in,kannada calendar.in,ಸಹಾಯ,ಸಾಲ,ಭಯ,ಅನುಕೂಲ,ವಿಳಂಬ,ಅಭಿವೃದ್ಧಿ,ಆನಂದ,ಉಡುಗೊರೆ,ಗೌರವ,ಲಾಭ,ಕೀರ್ತಿ,ಪ್ರಯತ್ನ
2026-04-02,ಚೈತ್ರ–ವೈಶಾಖ,kannada calendar.in,ಪರಾಭವ,kannada calendar.in,1948,kannada calendar.in,ಪೂರ್ಣಿಮಾ,06:41,PV Calendar,ಶುಕ್ಲ,kannada calendar.in,ಹಸ್ತಾ,16:46,PV Calendar,ಥುವ,14:20,kannada calendar.in,ಬಾಲವ,20:09,kannada calendar.in,ಉತ್ತರಾಯಣ,kannada calendar.in,ಮೀನ,kannada calendar.in,ಕನ್ನಾ,kannada calendar.in,06:15,kannada calendar.in,18:31,kannada calendar.in,13:30 – 15:00,PV Calendar,09:00 – 10:30,PV Calendar,06:00 – 07:30,PV Calendar,,,11:18 – 12:59,kannada calendar.in,kannada calendar.in,ಪ್ರತಿರೋಧ,ಅನಾರೋಗ್ಯ,ಸಮಸ್ಥೆ,ಸಾಲ,ಶುಭ,ವಿಳಂಬ,ಸಂತೋಷ,ಪ್ರಗತಿ,ಸ್ನೇಹ,ಭಯ,ಆತಂಕ,ಸ್ಪರ್ಧೆ
2026-04-03,ಚೈತ್ರ–ವೈಶಾಖ,kannada calendar.in,ಪರಾಭವ,kannada calendar.in,1948,kannada calendar.in,ಪಾಡ್ಯ,07:23,PV Calendar,ಕೃಷ್ಣ,kannada calendar.in,ಚಿತ್ತಾ,18:13,PV Calendar,ವ್ಯಾಘಾತ,14:00,kannada calendar.in,ತೈತಿಲ,21:23,kannada calendar.in,ಉತ್ತರಾಯಣ,kannada calendar.in,ಮೀನ,kannada calendar.in,ಕನ್ಯಾಬೆ,kannada calendar.in,06:14,kannada calendar.in,18:31,kannada calendar.in,10:30 – 12:00,PV Calendar,07:30 – 09:00,PV Calendar,15:00 – 16:30,PV Calendar,,,12:32 – 14:16,kannada calendar.in,kannada calendar.in,ಅಭಿವೃದ್ದಿ,ಕೀರ್ತಿ,ಲಾಭ,ಖರ್ಚು,ಸಂತೋಷ,ಆತಂಕ,ಶ್ರೇಷ್ಠತೆ,ಯಶಸ್ಸು,ಬುದ್ದಿವಂತಿಕೆ,ತಾಳೆ,ಗಮನ,ಸಂಪತ್ತು
2026-04-04,ಚೈತ್ರ–ವೈಶಾಖ,kannada calendar.in,ಪರಾಭವ,kannada calendar.in,1948,kannada calendar.in,ಬಿದಿಗೆ,08:31,PV Calendar,ಕೃಷ್ಣ,kannada calendar.in,ಸ್ವಾತಿ,20:08,PV Calendar,ಹರ್ಷಣ,14:17,kannada calendar.in,ವಣಿಜ,23:02,kannada calendar.in,ಉತ್ತರಾಯಣ,kannada calendar.in,ಮೀನ,kannada calendar.in,ತುಲಾ,kannada calendar.in,06:14,kannada calendar.in,18:31,kannada calendar.in,09:00 – 10:30,PV Calendar,06:00 – 07:30,PV Calendar,13:30 – 15:00,PV Calendar,,,,,kannada calendar.in,ಲಾಭ,ಸಂತೋಷ,ಅನಾರೋಗ್ಯ,ಆತಂಕ,ವಿಳಂಬ,ಲಾಭ,ಕೀರ್ತಿ,ಅಭಿವೃದ್ದಿ,ಅನುಕೂಲ,ಖರ್ಚು,ಆಲೋಚನೆ,ಉಡುಗೊರೆ
2026-04-05,ಚೈತ್ರ–ವೈಶಾಖ,kannada calendar.in,ಪರಾಭವ,kannada calendar.in,1948,kannada calendar.in,ತದಿಗೆ,10:05,PV Calendar,ಕೃಷ್ಣ,kannada calendar.in,ವಿಶಾಖ,22:23,PV Calendar,ವಜ್ರ,14:44,kannada calendar.in,ಬವ,ಮರುದಿನ 01:40,kannada calendar.in,ಉತ್ತರಾಯಣ,kannada calendar.in,ಮೀನ,kannada calendar.in,ತುಲಾ,kannada calendar.in,06:13,kannada calendar.in,18:31,kannada calendar.in,16:30 – 18:00,PV Calendar,15:00 – 16:30,PV Calendar,12:00 – 13:30,PV Calendar,10:30 – 12:00,kannada calendar.in,,,kannada calendar.in,ಸಾಲ,ವಿಳಂಬ,ಖರ್ಚು,ಪ್ರೋತ್ಸಾಹ,ಅನಾರೋಗ್ಯ,ಯಶಸ್ಸು,ಪಶ್ಚಾತ್ತಾಪ,ಅನುಕೂಲ,ಆಸಕ್ತಿ,ಸರ್ದೆ,ಶಾಂತಿ,ಅಭಿವೃದ್ದಿ
2026-04-06,ಚೈತ್ರ–ವೈಶಾಖ,kannada calendar.in,ಪರಾಭವ,kannada calendar.in,1948,kannada calendar.in,ಚೌತಿ,11:59,PV Calendar,ಕೃಷ್ಣ,kannada calendar.in,ಅನೂರಾಧ,ಮರುದಿನ 00:56,PV Calendar,ಸಿದ್ದಿ,14:44,kannada calendar.in,ಕೌಲವ,ಮರುದಿನ 03:22,kannada calendar.in,ಉತ್ತರಾಯಣ,kannada calendar.in,ಮೀನ,kannada calendar.in,ವೃಶ್ಚಿಕ,kannada calendar.in,06:12,kannada calendar.in,18:31,kannada calendar.in,07:30 – 09:00,PV Calendar,13:30 – 15:00,PV Calendar,10:30 – 12:00,PV Calendar,09:00 – 10:30,kannada calendar.in,15:19 – 17:07,kannada calendar.in,kannada calendar.in,ಸಂತೋಷ,ಪ್ರತಿರೋಧ,ಯಶಸ್ಸು,ಪ್ರಗತಿ,ಸ್ನೇಹ,ನಿರಾಶೆ,ಲಾಭ,ಪ್ರೋತ್ಸಾಹ,ಸಂತೋಷ,ಅನಾರೋಗ,ಕೀರ್ತಿ,ಅಭಿವೃದ್ದಿ
2026-04-07,ಚೈತ್ರ–ವೈಶಾಖ,kannada calendar.in,ಪರಾಭವ,kannada calendar.in,1948,kannada calendar.in,ಪಂಚಮಿ,14:03,PV Calendar,ಕೃಷ್ಣ,kannada calendar.in,ಜ್ಯೇಷ್ಠ,ಮರುದಿನ 03:33,PV Calendar,ವ್ಯಕೀಪಾತ,16:16,kannada calendar.in,ಗರಜ,ಮರುದಿನ 05:49,kannada calendar.in,ಉತ್ತರಾಯಣ,kannada calendar.in,ಮೀನ,kannada calendar.in,ವೃಶ್ಚಿಕ,kannada calendar.in,06:12,kannada calendar.in,18:31,kannada calendar.in,15:00 – 16:30,PV Calendar,12:00 – 13:30,PV Calendar,09:00 – 10:30,PV Calendar,07:30 – 09:00,kannada calendar.in,08:01 – 09:46,kannada calendar.in,kannada calendar.in,ಪ್ರೋತ್ಸಾಹ,ಸಮಸ್ಯೆ,ತೊಂದರೆ,ಅನಾರೋಗ್ಯ,ಲಾಭ,ಖರ್ಚು,ಸಂತೋಷ,ಆತಂಕ,ಯಶಸ್ಸು,ಅನುಕೂಲ,ಭಯ,ಪಶ್ಚಾತ್ತಾಪ
2026-04-08,ಚೈತ್ರ–ವೈಶಾಖ,kannada calendar.in,ಪರಾಭವ,kannada calendar.in,1948,kannada calendar.in,ಷಷ್ಠಿ,16:04,PV Calendar,ಕೃಷ್ಣ,kannada calendar.in,ಮೂಲ,—,PV Calendar,ವರೀಯಾನ,17:10,kannada calendar.in,ವಿಷ್ಟಿ,—,kannada calendar.in,ಉತ್ತರಾಯಣ,kannada calendar.in,ಮೀನ,kannada calendar.in,ಧನು,kannada calendar.in,06:11,kannada calendar.in,18:31,kannada calendar.in,12:00 – 13:30,PV Calendar,10:30 – 12:00,PV Calendar,07:30 – 09:00,PV Calendar,06:00 – 07:30,kannada calendar.in,,,kannada calendar.in,ಸಂಪತ್ತು,ಪ್ರಯತ್ನ,ವಿಶ್ರಾಂತಿ,ಶ್ರೇಷ್ಠತೆ,ಅನಾರೋಗ್ಯ,ಯೋಗ,ಕೀರ್ತಿ,ಸ್ನೇಹ,ಸ್ಪರ್ಧೆ,ತೊಂದರೆ,ಸಾಲ,ಯಶಸ್ಸು
2026-04-09,ಚೈತ್ರ–ವೈಶಾಖ,kannada calendar.in,ಪರಾಭವ,kannada calendar.in,1948,kannada calendar.in,ಸಪ್ತಮಿ,17:58,PV Calendar,ಕೃಷ್ಣ,kannada calendar.in,ಮೂಲ,06:12,PV Calendar,ಪರಿಘ,17:58,kannada calendar.in,ವಿಷ್ಟಿ,06:13,kannada calendar.in,ಉತ್ತರಾಯಣ,kannada calendar.in,ಮೀನ,kannada calendar.in,ಧನು,kannada calendar.in,06:11,kannada calendar.in,18:31,kannada calendar.in,13:30 – 15:00,PV Calendar,09:00 – 10:30,PV Calendar,06:00 – 07:30,PV Calendar,,,13:38 – 15:25,kannada calendar.in,kannada calendar.in,ಲಾಭ,ಪ್ರೀತಿ,ಒಳ್ಳೆಯದು,ಯಶಸ್ಸು,ಅಭಿವೃದ್ಧಿ,ಪ ಆಸಕ್ತಿ,ಸಂತೋಷ,ಸಮಸ್ಯೆ,ಪ್ರತಿರೋಧ,ಆಲೋಚನೆ,ಶ್ರೇಷ್ಠತೆ,ವಿಶ್ರಾಂತಿ
2026-04-10,ಚೈತ್ರ–ವೈಶಾಖ,kannada calendar.in,ಪರಾಭವ,kannada calendar.in,1948,kannada calendar.in,ಅಷ್ಟಮಿ,20:07,PV Calendar,ಕೃಷ್ಣ,kannada calendar.in,ಪೂರ್ವಾಷಾಢ,08:24,PV Calendar,ಶಿವ,18:31,kannada calendar.in,ಬಾಲವ,10:22,kannada calendar.in,ಉತ್ತರಾಯಣ,kannada calendar.in,ಮೀನ,kannada calendar.in,ಧನು,kannada calendar.in,06:10,kannada calendar.in,18:31,kannada calendar.in,10:30 – 12:00,PV Calendar,07:30 – 09:00,PV Calendar,15:00 – 16:30,PV Calendar,,,06:08 – 07:54,kannada calendar.in,kannada calendar.in,ಕೀರ್ತಿ,ಧೈರ್ಯ,ಲಾಭ,ಉಡುಗೊರೆ,ಯಶಸ್ಸು,ಸಮಸ್ಯೆ,ಅನುಕೂಲ,ಅನಾರೋಗ್ಯ,ಸಾಧನೆ,ಒಳ್ಳೆಯದು,ಸೌಮ್ಯತೆ,ಒಳ್ಳೆಯ ಕೆಲಸ
2026-04-11,ಚೈತ್ರ–ವೈಶಾಖ,kannada calendar.in,ಪರಾಭವ,kannada calendar.in,1948,kannada calendar.in,ನವಮಿ,20:46,PV Calendar,ಕೃಷ್ಣ,kannada calendar.in,ಉತ್ತರಾಷಾಢ,10:20,PV Calendar,ಸಿದ್ದ,18:39,kannada calendar.in,ತೈತಿಲ,12:02,kannada calendar.in,ಉತ್ತರಾಯಣ,kannada calendar.in,ಮೀನ,kannada calendar.in,ಮಕರ,kannada calendar.in,06:09,kannada calendar.in,18:32,kannada calendar.in,09:00 – 10:30,PV Calendar,06:00 – 07:30,PV Calendar,13:30 – 15:00,PV Calendar,12:06 – 13:36,kannada calendar.in,06:40 – 08:25,kannada calendar.in,kannada calendar.in,ಪ್ರತಿರೋಧ,ಪ್ರೀತಿ,ಉಡುಗೊರೆ,ಮರೆವು,ಪ್ರೋತ್ಸಾಹ,ಪ ವಿಶ್ರಾಂತಿ,ಶಾಂತಿ,ಲಾಭ,ಯಶಸ್ಸು,ಭಯ,ಕೇರ್ತಿ,ಸ್ಪರ್ಧೆ
2026-04-12,ಚೈತ್ರ–ವೈಶಾಖ,kannada calendar.in,ಪರಾಭವ,kannada calendar.in,1948,kannada calendar.in,ದಶಮಿ,21:26,PV Calendar,ಕೃಷ್ಣ,kannada calendar.in,ಶ್ರವಣ,11:50,PV Calendar,ಸಾಧ್ಯ,18:16,kannada calendar.in,ವಣಿಜ,13:04,kannada calendar.in,ಉತ್ತರಾಯಣ,kannada calendar.in,ಮೀನ,kannada calendar.in,ಮಕರ,kannada calendar.in,06:09,kannada calendar.in,18:32,kannada calendar.in,16:30 – 18:00,PV Calendar,15:00 – 16:30,PV Calendar,12:00 – 13:30,PV Calendar,,,04:09 – 05:51,kannada calendar.in,kannada calendar.in,ಸಾಲ,ಅನುಕೂಲ,ಸೌಮೃತೆ,ಗೊಂದೆಲ,ಯಶಸ್ಸು,ಒಳ್ಳೆಯದು,ಶುಭ,ಲಾಭ,ಶಾಂತಿ,ಗೌರವ,ಕೋಪ,ಯಶಸ್ಸು
2026-04-13,ಚೈತ್ರ–ವೈಶಾಖ,kannada calendar.in,ಪರಾಭವ,kannada calendar.in,1948,kannada calendar.in,ಏಕಾದಶಿ,21:37,PV Calendar,ಕೃಷ್ಣ,kannada calendar.in,ಧನಿಷ್ಠ,12:50,PV Calendar,ಶುಭ,17:17,kannada calendar.in,ಬವ,13:19,kannada calendar.in,ಉತ್ತರಾಯಣ,kannada calendar.in,ಮೀನ,kannada calendar.in,ಕುಂಭ,kannada calendar.in,06:08,kannada calendar.in,18:32,kannada calendar.in,07:30 – 09:00,PV Calendar,13:30 – 15:00,PV Calendar,10:30 – 12:00,PV Calendar,,,05:18 – 06:57,kannada calendar.in,kannada calendar.in,ಶ್ರೇಷ್ಠತೆ,ರವ,ಪ್ರೋತ್ಸಾಹ,ಸ್ನೇಹ,ಸಹಾಯ,ಪ ಮೆಚ್ಚುಗೆ,ಪ್ರೀತಿ,ಭಕ್ತಿ,ಸ್ಪರ್ಧೆ,ಪ್ರೀತಿ,ಸಾಧನೆ,ಅಭಿವೃದ್ದಿ
2026-04-14,ಚೈತ್ರ–ವೈಶಾಖ,kannada calendar.in,ಪರಾಭವ,kannada calendar.in,1948,kannada calendar.in,ದ್ವಾದಶಿ,21:19,PV Calendar,ಕೃಷ್ಣ,kannada calendar.in,ಶತಭಿಷ,13:21,PV Calendar,ಶುಕ್ಷ,15:39,kannada calendar.in,ಕೌಲವ,12:47,kannada calendar.in,ಉತ್ತರಾಯಣ,kannada calendar.in,ಮೀನ,kannada calendar.in,ಕುಂಭ,kannada calendar.in,06:07,kannada calendar.in,18:32,kannada calendar.in,15:00 – 16:30,PV Calendar,12:00 – 13:30,PV Calendar,09:00 – 10:30,PV Calendar,,,14:23 – 15:53,kannada calendar.in,kannada calendar.in,ಗಮನ,ಅಸೂಯೆ,ಜೀವನ,ಯಶಸ್ಸು,ಲಾಭ,ದಯೆ,ಅನುಕೂಲ,ಕುತೂಹಲ,ಅನಾರೋಗ್ಯ,ಆನಂದ,ಆಸಕ್ತಿ,ಆಯಾಸ
2026-04-15,ಚೈತ್ರ–ವೈಶಾಖ,kannada calendar.in,ಪರಾಭವ,kannada calendar.in,1948,kannada calendar.in,ತ್ರಯೋದಶಿ,20:26,PV Calendar,ಕೃಷ್ಣ,kannada calendar.in,ಪೂರ್ವಭಾದ್ರ,13:21,PV Calendar,ಜ್ರಹ್ಮಾ,13:25,kannada calendar.in,ಗರಜ,11:28,kannada calendar.in,ಉತ್ತರಾಯಣ,kannada calendar.in,ಮೇಷ,kannada calendar.in,ಕುಂಭ,kannada calendar.in,06:07,kannada calendar.in,18:32,kannada calendar.in,12:00 – 13:30,PV Calendar,10:30 – 12:00,PV Calendar,07:30 – 09:00,PV Calendar,,,07:37 – 09:10,kannada calendar.in,kannada calendar.in,ಯಶಸ್ಸು,ದುರಾಸೆ,ಸಂಪತ್ತು,ಭಕ್ತಿ,ಕರುಣೆ,ಗೊಂದಲ,ಸಹಾಯ,ಅಭಿವೃದ್ಧಿ,ಆಯಾಸೆ,ಸೌಮತೆ,ಅನುಕುಿಲ,ಉಡುಗೊರೆ
2026-04-16,ಚೈತ್ರ–ವೈಶಾಖ,kannada calendar.in,ಪರಾಭವ,kannada calendar.in,1948,kannada calendar.in,ಚತುರ್ದಶಿ,19:13,PV Calendar,ಕೃಷ್ಣ,kannada calendar.in,ಉತ್ತರಾಭಾದ್ರ,12:56,PV Calendar,ಐಂದ್ರ,10:37,kannada calendar.in,ಬಿಷ್ಟಿ,09:26,kannada calendar.in,ಉತ್ತರಾಯಣ,kannada calendar.in,ಮೇಷ,kannada calendar.in,ಮೀನ,kannada calendar.in,06:06,kannada calendar.in,18:32,kannada calendar.in,13:30 – 15:00,PV Calendar,09:00 – 10:30,PV Calendar,06:00 – 07:30,PV Calendar,,,09:27 – 10:58,kannada calendar.in,kannada calendar.in,ಸೌಮ್ಯತೆ,ತಾಳ್ಮೆ,ಅಲೆದಾಟ,ವಿಶ್ರಾಂತಿ,ಭಯ,ಸ್ನೇಹ,ಗೊಂದಲ,ಲಾಭ,ಯಶಸ್ಸು,ಯಶಸ,ಕೋರ್ಪ,ಅನುಕೂಲ
2026-04-17,ಚೈತ್ರ–ವೈಶಾಖ,kannada calendar.in,ಪರಾಭವ,kannada calendar.in,1948,kannada calendar.in,ಅಮಾವಾಸ್ಯೆ,17:35,PV Calendar,ಕೃಷ್ಣ,kannada calendar.in,ರೇವತಿ,12:07,PV Calendar,ಪ್ಲೌ್‌ಟಿಿ,07:22,kannada calendar.in,ಮ,06:50,kannada calendar.in,ಉತ್ತರಾಯಣ,kannada calendar.in,ಮೇಷ,kannada calendar.in,ಮೀನ,kannada calendar.in,06:06,kannada calendar.in,18:32,kannada calendar.in,10:30 – 12:00,PV Calendar,07:30 – 09:00,PV Calendar,15:00 – 16:30,PV Calendar,13:36 – 17:00,kannada calendar.in,09:50 – 11:18,kannada calendar.in,kannada calendar.in,ಒಳ್ಳೆಯದು,ಶ್ರೇಷ್ಠತೆ,ಆನಂದ,ಸಂಪತ್ತು,ಬಲ,ಕೋಪ,ನಿಷೇಧ,ಪ್ರೀತಿ,ಭಯ,ಲಾಭ,ಪ್ರೋತ್ಸಾಹ,ಅಭಿವೃದ್ಧಿ
2026-04-18,ಚೈತ್ರ–ವೈಶಾಖ,kannada calendar.in,ಪರಾಭವ,kannada calendar.in,1948,kannada calendar.in,ಪಾಡ್ಯ,15:31,PV Calendar,ಶುಕ್ಲ,kannada calendar.in,ಅಶ್ವಿನಿ,10:51,PV Calendar,ಶೀತ,02:56,kannada calendar.in,ಬಾಲವ,ಮರುದಿನ 00:31,kannada calendar.in,ಉತ್ತರಾಯಣ,kannada calendar.in,ಮೇಷ,kannada calendar.in,ಮೇಷ,kannada calendar.in,06:05,kannada calendar.in,18:32,kannada calendar.in,09:00 – 10:30,PV Calendar,06:00 – 07:30,PV Calendar,13:30 – 15:00,PV Calendar,12:06 – 13:30,kannada calendar.in,15:12 – 16:36,kannada calendar.in,kannada calendar.in,ಸಾಲ,ವಿಳಂಬ,ಖರ್ಚು,ಪ್ರೋತ್ಸಾಹ,ಸಂತೋಷ,ಯಶಸ್ಸು,ಒಳ್ಳೆಯ ಕೆಲಸ,ಅನುಕೂಲ,ಶಾಂತಿ,ಪ್ರೀತಿ,ಭಕ್ತಿ,ಕರುಣೆ
2026-04-19,ಚೈತ್ರ–ವೈಶಾಖ,kannada calendar.in,ಪರಾಭವ,kannada calendar.in,1948,kannada calendar.in,ಬಿದಿಗೆ,13:27,PV Calendar,ಶುಕ್ಲ,kannada calendar.in,ಭರಣಿ,09:35,PV Calendar,ಆಯುಷ್ಕಾನ,20:02,kannada calendar.in,ತೈತಿಲ,21:08,kannada calendar.in,ಉತ್ತರಾಯಣ,kannada calendar.in,ಮೇಷ,kannada calendar.in,ಮೇಷ,kannada calendar.in,06:05,kannada calendar.in,18:32,kannada calendar.in,16:30 – 18:00,PV Calendar,15:00 – 16:30,PV Calendar,12:00 – 13:30,PV Calendar,,,02:52 – 04:18,kannada calendar.in,kannada calendar.in,ಯಶಸ್ಸು,ಆತಂಕ,ಭಯ,ಸ್ನೇಹ,ಪ್ರಗತಿ,ಸಂತೋಷ,ವಿಳಂಬ,ಸಂತೋಷ,ಸಾಲ,ಸಮಸ್ಯೆ,ಶುಭ್‌,ಪ್ರತಿರೋಧ
2026-04-20,ಚೈತ್ರ–ವೈಶಾಖ,kannada calendar.in,ಪರಾಭವ,kannada calendar.in,1948,kannada calendar.in,ತದಿಗೆ,11:07,PV Calendar,ಶುಕ್ಲ,kannada calendar.in,ಕೃತ್ತಿಕಾ,08:02,PV Calendar,ಸೌಭಾಗ್ಯ,16:11,kannada calendar.in,ವಣಿಜ,17:50,kannada calendar.in,ಉತ್ತರಾಯಣ,kannada calendar.in,ಮೇಷ,kannada calendar.in,ವೃಷಭ,kannada calendar.in,06:04,kannada calendar.in,18:32,kannada calendar.in,07:30 – 09:00,PV Calendar,13:30 – 15:00,PV Calendar,10:30 – 12:00,PV Calendar,,,12:44 – 15:52,kannada calendar.in,kannada calendar.in,ಸಮಸ್ಥೆ,ಪ್ರೋತ್ಸಾಹ,ಬಿನಯ,ನಿರಾಶೆ,ಲಾಭ,ಖರ್ಚು,ಸಂತೋಷ,ಆತಂಕ,ಯಶಸ್ಸು,ಪಯತ,ಅನುಕೂಲ,ಭಯ
2026-04-21,ಚೈತ್ರ–ವೈಶಾಖ,kannada calendar.in,ಪರಾಭವ,kannada calendar.in,1948,kannada calendar.in,ಪಂಚಮಿ,05:13,PV Calendar,ಶುಕ್ಲ,kannada calendar.in,ರೋಹಿಣಿ,06:23,PV Calendar,ಶೋಭನ,12:31,kannada calendar.in,ಬವ,14:45,kannada calendar.in,ಉತ್ತರಾಯಣ,kannada calendar.in,ಮೇಷ,kannada calendar.in,ವೃಷಭ,kannada calendar.in,06:04,kannada calendar.in,18:33,kannada calendar.in,15:00 – 16:30,PV Calendar,12:00 – 13:30,PV Calendar,09:00 – 10:30,PV Calendar,07:36 – 09:00,kannada calendar.in,15:58 – 17:25,kannada calendar.in,kannada calendar.in,ವಿಳಂಬ,ಲಾಭ,ಭಯ,ಪ್ರತಿರೋಧ,ಸಾಲ,ಪ ಮೆಚ್ಚುಗೆ,ಖರ್ಚು,ಲಾಭ,ಸಂತೋಷ,ಕೀರ್ತಿ,ಪ್ರೀತಿ,ಒಳ್ಳೆಯದು
2026-04-22,ಚೈತ್ರ–ವೈಶಾಖ,kannada calendar.in,ಪರಾಭವ,kannada calendar.in,1948,kannada calendar.in,ಷಷ್ಠಿ,ಮರುದಿನ 03:47,PV Calendar,ಶುಕ್ಲ,kannada calendar.in,ಆರಿದ್ರಾ,ಮರುದಿನ 03:10,PV Calendar,ಅತಿಗಂಡ,—,kannada calendar.in,ಕೌಲವ,12:02,kannada calendar.in,ಉತ್ತರಾಯಣ,kannada calendar.in,ಮೇಷ,kannada calendar.in,ಮಿಥುನ,kannada calendar.in,06:03,kannada calendar.in,18:33,kannada calendar.in,12:00 – 13:30,PV Calendar,10:30 – 12:00,PV Calendar,07:30 – 09:00,PV Calendar,06:00 – 07:30,kannada calendar.in,12:57 – 14:26,kannada calendar.in,kannada calendar.in,ಆಲೋಚನೆ,ಸಾಲ,ವಿಳಂಬ,ಖರ್ಚು,ಪ್ರೋತ್ಸಾಹ,ಪ್ರಯತ್ನ,ಯಶಸ್ಸು,ಶ್ರೇಷ್ಠತೆ,ಸ್ಪರ್ಧೆ,ಅನಾರೋಗ,ಪ್ರೀತಿ,ಪ್ರಾಮಾಣಿಕತೆ
2026-04-23,ಚೈತ್ರ–ವೈಶಾಖ,kannada calendar.in,ಪರಾಭವ,kannada calendar.in,1948,kannada calendar.in,ಸಪ್ತಮಿ,ಮರುದಿನ 01:38,PV Calendar,ಶುಕ್ಲ,kannada calendar.in,ಪುನರ್ವಸು,ಮರುದಿನ 01:36,PV Calendar,ಬ್‌,06:08,kannada calendar.in,ಗರಜ,09:46,kannada calendar.in,ಉತ್ತರಾಯಣ,kannada calendar.in,ಮೇಷ,kannada calendar.in,ಮಿಥುನ,kannada calendar.in,06:02,kannada calendar.in,18:33,kannada calendar.in,13:30 – 15:00,PV Calendar,09:00 – 10:30,PV Calendar,06:00 – 07:30,PV Calendar,,,18:41 – 20:11,kannada calendar.in,kannada calendar.in,ಯಶಸ್ಸು,ಲಾಭ,ಶಾಂತಿ,ಧೈರ್ಯ,ಸಾಲ,ವಿಳಂಬ,ಒಳ್ಳೆಯ ಕೆಲಸ,ಪ್ರೋತ್ಸಾಹ,ಅನುಕೂಲ,ಕೋಪ,ಮರೆವು,ಸ್ಪರ್ಧೆ
2026-04-24,ಚೈತ್ರ–ವೈಶಾಖ,kannada calendar.in,ಪರಾಭವ,kannada calendar.in,1948,kannada calendar.in,ಅಷ್ಟಮಿ,23:39,PV Calendar,ಶುಕ್ಲ,kannada calendar.in,ಪುಷ್ಯ,ಮರುದಿನ 00:22,PV Calendar,ಶೂಲ,ಮರುದಿನ 01:24,kannada calendar.in,ಏಿಷ್ಟಿ,08:02,kannada calendar.in,ಉತ್ತರಾಯಣ,kannada calendar.in,ಮೇಷ,kannada calendar.in,ಕರ್ಕ,kannada calendar.in,06:02,kannada calendar.in,18:33,kannada calendar.in,10:30 – 12:00,PV Calendar,07:30 – 09:00,PV Calendar,15:00 – 16:30,PV Calendar,13:36 – 17:00,kannada calendar.in,14:01 – 15:35,kannada calendar.in,kannada calendar.in,ಪ್ರೀತಿ,ಆತಂಕ,ಯಶಸ್ಸು,ದಯೆ,ಒಳ್ಳೆಯದು,ಸ್ನೇಹ,ಪ್ರೀತಿ,ಒಳ್ಳೆಯ ಸುದ್ದಿ,ಆಸಕ್ತಿ,ಪೋತಾಹ,ಸಂತೋಷ,ಲಾಭ
2026-04-25,ಚೈತ್ರ–ವೈಶಾಖ,kannada calendar.in,ಪರಾಭವ,kannada calendar.in,1948,kannada calendar.in,ನವಮಿ,22:02,PV Calendar,ಶುಕ್ಲ,kannada calendar.in,ಆಶ್ಲೇಷ,23:29,PV Calendar,ಗಂಡ,23:43,kannada calendar.in,ಬಾಲವ,06:51,kannada calendar.in,ಉತ್ತರಾಯಣ,kannada calendar.in,ಮೇಷ,kannada calendar.in,ಕರ್ಕ,kannada calendar.in,06:01,kannada calendar.in,18:33,kannada calendar.in,09:00 – 10:30,PV Calendar,06:00 – 07:30,PV Calendar,13:30 – 15:00,PV Calendar,12:06 – 13:30,kannada calendar.in,06:29 – 08:04,kannada calendar.in,kannada calendar.in,ಯಶಸ್ಸು,ಲಾಭ,ಅಭಿವೃದ್ದಿ,ಶಾಂತಿ,ಸಂತೋಷ,ಸಾಲ,ಗಮನ,ಸಂತೋಷ,ಯಶಸ್ಸು,ಪ್ರೀತಿ,ಸೌಮ್ಯತ,ಸ್ನೇಹ
2026-04-26,ಚೈತ್ರ–ವೈಶಾಖ,kannada calendar.in,ಪರಾಭವ,kannada calendar.in,1948,kannada calendar.in,ದಶಮಿ,20:44,PV Calendar,ಶುಕ್ಲ,kannada calendar.in,ಮಘ,22:57,PV Calendar,ವೃಡ್ವಿ,02:28,kannada calendar.in,ತೈತಿಲ,06:14,kannada calendar.in,ಉತ್ತರಾಯಣ,kannada calendar.in,ಮೇ,kannada calendar.in,ಸಿಂಹ,kannada calendar.in,06:01,kannada calendar.in,18:23,kannada calendar.in,16:30 – 18:00,PV Calendar,15:00 – 16:30,PV Calendar,12:00 – 13:30,PV Calendar,,,06:01 – 07:38,kannada calendar.in,kannada calendar.in,ಸಮಸ್ಯೆ,ಪ್ರೋತ್ಸಾಹ,ನಿರಾಶೆ,ಅಭಿವೃದ್ದಿ,ಲಾಭ,ಖರ್ಚು,ಸಂತೋಷ,ಆತಂಕ,ಅನುಕೂಲ,ಸಂತೋಷ,ಯೋಗ,ಕೋಪ
2026-04-27,ಚೈತ್ರ–ವೈಶಾಖ,kannada calendar.in,ಪರಾಭವ,kannada calendar.in,1948,kannada calendar.in,ಏಕಾದಶಿ,19:54,PV Calendar,ಶುಕ್ಲ,kannada calendar.in,ಪುಬ್ಬ,22:52,PV Calendar,ಧ್ರುವ,21:36,kannada calendar.in,ವಣಿಜ,06:08,kannada calendar.in,ಉತ್ತರಾಯಣ,kannada calendar.in,ಮೇ,kannada calendar.in,ಸಿಂಹ,kannada calendar.in,06:00,kannada calendar.in,18:34,kannada calendar.in,07:30 – 09:00,PV Calendar,13:30 – 15:00,PV Calendar,10:30 – 12:00,PV Calendar,,,14:41 – 16:20,kannada calendar.in,kannada calendar.in,ಚಿಂತೆ,ಆತಂಕ,ಭಯ,ಸಾಲ,ಭಯ,ಕೀರ್ತಿ,ಪ್ರೋತ್ಸಾಹ,ಪ್ರತಿರೋಧ,ಕೀರ್ತಿ,ಆನಂದ,ವಿಶ್ರಾಂತಿ,ಗೌರವ
2026-04-28,ಚೈತ್ರ–ವೈಶಾಖ,kannada calendar.in,ಪರಾಭವ,kannada calendar.in,1948,kannada calendar.in,ದ್ವಾದಶಿ,19:29,PV Calendar,ಶುಕ್ಲ,kannada calendar.in,ಉತ್ತರಾ,23:12,PV Calendar,ವ್ಯಾಘಾತ,21:04,kannada calendar.in,ಬವ,06:31,kannada calendar.in,ಉತ್ತರಾಯಣ,kannada calendar.in,ಮೇ,kannada calendar.in,ಕನ್ಯಾ,kannada calendar.in,06:00,kannada calendar.in,18:34,kannada calendar.in,15:00 – 16:30,PV Calendar,12:00 – 13:30,PV Calendar,09:00 – 10:30,PV Calendar,07:36 – 09:00,kannada calendar.in,15:01 – 16:42,kannada calendar.in,kannada calendar.in,ಸಾಲ,ವಿಳಂಬ,ಖರ್ಚು,ಪ್ರೋತ್ಸಾಹ,ಪ್ರೀತಿ,ಯಶಸ್ಸು,ಪ್ರೀತಿ,ಶ್ರೇಷ್ಠತೆ,ಶಾಂತಿ,ಕೀರ್ತಿ,ಸಮಸ್ಯೆ,ಒಳ್ಳೆಯದು
2026-04-29,ಚೈತ್ರ–ವೈಶಾಖ,kannada calendar.in,ಪರಾಭವ,kannada calendar.in,1948,kannada calendar.in,ತ್ರಯೋದಶಿ,19:37,PV Calendar,ಶುಕ್ಲ,kannada calendar.in,ಹಸ್ತಾ,ಮರುದಿನ 00:06,PV Calendar,ಹರ್ಷಣ,20:15,kannada calendar.in,ಕೌಲವ,07:19,kannada calendar.in,ಉತ್ತರಾಯಣ,kannada calendar.in,ಮೇ,kannada calendar.in,ಕನ್ಯಾ,kannada calendar.in,06:00,kannada calendar.in,18:34,kannada calendar.in,12:00 – 13:30,PV Calendar,10:30 – 12:00,PV Calendar,07:30 – 09:00,PV Calendar,06:00 – 07:30,kannada calendar.in,05:51 – 07:34,kannada calendar.in,kannada calendar.in,ಪ್ರತಿರೋಧ,ಯಶಸ್ಸು,ಪ್ರೀತಿ,ಸೆರಮ್ಯತೆ,ಸ್ನೇಹ,ಒಳ್ಳೆಯದು,ಸಂತೋಷ,ವಿಳಂಬ,ಸಂತೋಷ,ಸಾಲ,ಸ್ಪರ್ಧೆ,ತಾಳ್ಮೆ
2026-04-30,ಚೈತ್ರ–ವೈಶಾಖ,kannada calendar.in,ಪರಾಭವ,kannada calendar.in,1948,kannada calendar.in,ಚತುರ್ದಶಿ,20:14,PV Calendar,ಶುಕ್ಲ,kannada calendar.in,ಚಿತ್ತಾ,ಮರುದಿನ 01:27,PV Calendar,ವಜ್ರ,20:55,kannada calendar.in,ಗರಜ,08:30,kannada calendar.in,ಉತ್ತರಾಯಣ,kannada calendar.in,ಮೇ,kannada calendar.in,ಕನ್ಯಾ,kannada calendar.in,05:59,kannada calendar.in,18:34,kannada calendar.in,13:30 – 15:00,PV Calendar,09:00 – 10:30,PV Calendar,06:00 – 07:30,PV Calendar,,,07:20 – 09:04,kannada calendar.in,kannada calendar.in,ವಿಳಂಬ,ಪ್ರತಿರೋಧ,ಅನುಕೂಲ,ಖರ್ಚು,ಲಾಭ,ಸಾಲ,ತಾಳ್ಮೆ,ಯಶಸ್ಸು,ಆಸಕ್ತಿ,ಸಂಪತು,ಚಿಂತೆ,ಮೆಚ್ಚುಗೆ
2026-05-01,ವೈಶಾಖ–ಅಧಿಕ ಜ್ಯೇಷ್ಠ,kannada calendar.in,ಪರಾಭವ,kannada calendar.in,1948,kannada calendar.in,ಪೂರ್ಣಿಮಾ,21:15,PV Calendar,ಶುಕ್ಲ,kannada calendar.in,ಸ್ವಾತಿ,ಮರುದಿನ 03:16,PV Calendar,ಸಿದ್ಧಿ,21:13,kannada calendar.in,ವಿಷ್ಟಿ,10:01,kannada calendar.in,ಉತ್ತರಾಯಣ,kannada calendar.in,ಮೇಷ,kannada calendar.in,ತುಲಾ,kannada calendar.in,05:59,kannada calendar.in,18:34,kannada calendar.in,10:30 – 12:00,PV Calendar,07:30 – 09:00,PV Calendar,15:00 – 16:30,PV Calendar,13:30 – 15:00,kannada calendar.in,06:56 – 08:41,kannada calendar.in,kannada calendar.in,ಸ್ನೇಹ,ಒಳ್ಳೆಯದು,ತಾಳ್ಮೆ,ಅನುಕೂಲ,ಯಶಸ್ಸು,ಸಂತೋಷ,ಶಾಂತಿ,ಶುಭ,ಯೋಗ,ಸೌಮೃತೆ,ಸಾಲೆ,ಪ್ರತಿರೋಧ
2026-05-02,ವೈಶಾಖ–ಅಧಿಕ ಜ್ಯೇಷ್ಠ,kannada calendar.in,ಪರಾಭವ,kannada calendar.in,1948,kannada calendar.in,ಪಾಡ್ಯ,22:52,PV Calendar,ಕೃಷ್ಣ,kannada calendar.in,ವಿಶಾಖ,ಮರುದಿನ 05:39,PV Calendar,ವ್ಯತೀಪಾತ,21:45,kannada calendar.in,ಬಾಲವ,03:56,kannada calendar.in,ಉತ್ತರಾಯಣ,kannada calendar.in,ಮೇಷ,kannada calendar.in,ತುಲಾ,kannada calendar.in,05:58,kannada calendar.in,18:34,kannada calendar.in,09:00 – 10:30,PV Calendar,06:00 – 07:30,PV Calendar,13:30 – 15:00,PV Calendar,12:00 – 13:30,kannada calendar.in,09:25 – 11:11,kannada calendar.in,kannada calendar.in,ವಿಳಂಬ,ಲಾಭ,ಆಲೋಚನೆ,ಪರಿಶ್ರಮ,ಸಹಾಯ,ದುರಾಸೆ,ವಿಭಾಗ,ಬುದ್ದಿವಂತಿಕೆ,ಸಂತೋಷ,ನಿರಾಶೆ,ಸಾಧನೆ,ಸ್ನೇಹ
2026-05-03,ವೈಶಾಖ–ಅಧಿಕ ಜ್ಯೇಷ್ಠ,kannada calendar.in,ಪರಾಭವ,kannada calendar.in,1948,kannada calendar.in,ಬಿದಿಗೆ,ಮರುದಿನ 00:46,PV Calendar,ಕೃಷ್ಣ,kannada calendar.in,ಅನೂರಾಧ,—,PV Calendar,ವರೀಯಾನ,22:28,kannada calendar.in,ತೈತಿಲ,13:35,kannada calendar.in,ಉತ್ತರಾಯಣ,kannada calendar.in,ಮೇಷ,kannada calendar.in,ವೃಶ್ಚಿಕ,kannada calendar.in,05:58,kannada calendar.in,18:25,kannada calendar.in,16:30 – 18:00,PV Calendar,15:00 – 16:30,PV Calendar,12:00 – 13:30,PV Calendar,,,10:21 – 12:08,kannada calendar.in,kannada calendar.in,ಖರ್ಚು,ಪ್ರಯತ್ನ,ಕೀರ್ತಿ,ಪ್ರಯಾಣ,ಗೊಂದಲ,ಸಂಪತ್ತು,ಉಡುಗೊರೆ,ಆಲೋಚನೆ,ಗಮನ,ಪ್ರಗತಿ,ಭಕ್ತಿ,ವಿಶ್ರಾಂತಿ
2026-05-04,ವೈಶಾಖ–ಅಧಿಕ ಜ್ಯೇಷ್ಠ,kannada calendar.in,ಪರಾಭವ,kannada calendar.in,1948,kannada calendar.in,ತದಿಗೆ,ಮರುದಿನ 02:48,PV Calendar,ಕೃಷ್ಣ,kannada calendar.in,ಅನೂರಾಧ,08:04,PV Calendar,ಪರಿಘ,02:20,kannada calendar.in,ವಣೆಜ,16:13,kannada calendar.in,ಉತ್ತರಾಯಣ,kannada calendar.in,ಮೇಷ,kannada calendar.in,ವೃಶ್ಚಿಕ,kannada calendar.in,05:57,kannada calendar.in,18:25,kannada calendar.in,07:30 – 09:00,PV Calendar,13:30 – 15:00,PV Calendar,10:30 – 12:00,PV Calendar,09:00 – 10:30,kannada calendar.in,,,kannada calendar.in,ಆನಂದ,ಸಾಲ,ತೊಂದರೆ,ಸಂತೋಷ,ಗಮನ,ಕುತೂಹಲ,ಆಸಕ್ತಿ,ಸ್ನೇಹ,ಖರ್ಚು,ಯಶಸ್ಸು,ಮೆಚ್ಚುಗೆ,ಶುಭ
2026-05-05,ವೈಶಾಖ–ಅಧಿಕ ಜ್ಯೇಷ್ಠ,kannada calendar.in,ಪರಾಭವ,kannada calendar.in,1948,kannada calendar.in,ಚೌತಿ,ಮರುದಿನ 04:52,PV Calendar,ಕೃಷ್ಣ,kannada calendar.in,ಜ್ಯೇಷ್ಠ,10:42,PV Calendar,ಶಿವ,ಮರುದಿನ 00:16,kannada calendar.in,ಬವ,15:38,kannada calendar.in,ಉತ್ತರಾಯಣ,kannada calendar.in,ಮೇಷ,kannada calendar.in,ವೃಶ್ಚಿಕ,kannada calendar.in,05:57,kannada calendar.in,18:25,kannada calendar.in,15:00 – 16:30,PV Calendar,12:00 – 13:30,PV Calendar,09:00 – 10:30,PV Calendar,,,03:02 – 04:49,kannada calendar.in,kannada calendar.in,ಯಶಸ್ಸು,ಯಶಸ್ಸು,ಸೌಮೃತೆ,ಗೊಂದಲ,ಭಯ,ಪ್ರತಿರೋಧ,ಸಹಾಯ,ಪ್ರೀತಿ,ಪ್ರಯತ್ನ,ತೊಂದರೆ,ಒಳ್ಳೆಯ ಕೆಲಸ,ತಾಳ್ಮೆ
2026-05-06,ವೈಶಾಖ–ಅಧಿಕ ಜ್ಯೇಷ್ಠ,kannada calendar.in,ಪರಾಭವ,kannada calendar.in,1948,kannada calendar.in,ಪಂಚಮಿ,—,PV Calendar,ಕೃಷ್ಣ,kannada calendar.in,ಮೂಲ,13:15,PV Calendar,ಸಿದ್ದ ೫,ಮರುದಿನ 01:12,kannada calendar.in,ಕೌಲವ,21:04,kannada calendar.in,ಉತ್ತರಾಯಣ,kannada calendar.in,ಮೇಷ,kannada calendar.in,ಧನು,kannada calendar.in,05:57,kannada calendar.in,18:25,kannada calendar.in,12:00 – 13:30,PV Calendar,10:30 – 12:00,PV Calendar,07:30 – 09:00,PV Calendar,06:00 – 07:30,kannada calendar.in,08:42 – 10:30,kannada calendar.in,kannada calendar.in,ಶಾಂತಿ,ಪ್ರೋತ್ಸಾಹ,ಕರುಣೆ,ದಾನ,ಸಹಾಯ,ಪ್ರೋತ್ಸಾಹ,ನಿರಾಶೆ,ಪ್ರತಿರೋಧ,ಮೆಚ್ಚುಗೆ,ಗಮನ,ಯಶಸ್ಸು,ಚಿಂತೆ
2026-05-07,ವೈಶಾಖ–ಅಧಿಕ ಜ್ಯೇಷ್ಠ,kannada calendar.in,ಪರಾಭವ,kannada calendar.in,1948,kannada calendar.in,ಪಂಚಮಿ,06:35,PV Calendar,ಕೃಷ್ಣ,kannada calendar.in,ಪೂರ್ವಾಷಾಢ,15:59,PV Calendar,ಸಾಧ್ಯ,02:55,kannada calendar.in,ಗರಜ,23:21,kannada calendar.in,ಉತ್ತರಾಯಣ,kannada calendar.in,ಮೇಷ,kannada calendar.in,ಧನು,kannada calendar.in,05:56,kannada calendar.in,18:25,kannada calendar.in,13:30 – 15:00,PV Calendar,09:00 – 10:30,PV Calendar,06:00 – 07:30,PV Calendar,,,13:23 – 15:11,kannada calendar.in,kannada calendar.in,ಲಾಭ,ಪ್ರೀತಿ,ಒಳ್ಳೆಯದು,ಯಶಸ್ಸು,ಅಭಿವೃದ್ದಿ,ಪ ಆಸಕ್ತಿ,ಸಂತೋಷ,ಸಮಸ್ಯೆ,ಪ್ರತಿರೋಧ,ಆಲೋಚನೆ,ಶ್ರೇಷ್ಠತೆ,ಬಿಶ್ರಾಂತಿ
2026-05-08,ವೈಶಾಖ–ಅಧಿಕ ಜ್ಯೇಷ್ಠ,kannada calendar.in,ಪರಾಭವ,kannada calendar.in,1948,kannada calendar.in,ಷಷ್ಠಿ,08:19,PV Calendar,ಕೃಷ್ಣ,kannada calendar.in,ಉತ್ತರಾಷಾಢ,17:41,PV Calendar,ಶುಭ,ಮರುದಿನ 02:30,kannada calendar.in,ಏಿಷ್ಟಿ,ಮರುದಿನ 01:17,kannada calendar.in,ಉತ್ತರಾಯಣ,kannada calendar.in,ಮೇಷ,kannada calendar.in,ಮಕರ,kannada calendar.in,05:56,kannada calendar.in,18:36,kannada calendar.in,10:30 – 12:00,PV Calendar,07:30 – 09:00,PV Calendar,15:00 – 16:30,PV Calendar,13:30 – 15:00,kannada calendar.in,14:15 – 16:01,kannada calendar.in,kannada calendar.in,ಸಂಪತ್ತು,ಪ್ರಯತ್ನ,ಯಶಸ್ಸು,ವಿಶ್ರಾಂತಿ,ಅನಾರೋಗ್ಯ,ಯೋಗ,ಕೀರ್ತಿ,ಸ್ನೇಹ,ಸ್ಪರ್ಧೆ,ಸಾಲ,ಒಳ್ಳೆಯ ಸುದ್ದಿ,ಯಶಸ್ಸು
2026-05-09,ವೈಶಾಖ–ಅಧಿಕ ಜ್ಯೇಷ್ಠ,kannada calendar.in,ಪರಾಭವ,kannada calendar.in,1948,kannada calendar.in,ಸಪ್ತಮಿ,09:28,PV Calendar,ಕೃಷ್ಣ,kannada calendar.in,ಶ್ರವಣ,19:14,PV Calendar,ಶುಕ್ಲ,ಮರುದಿನ 02:36,kannada calendar.in,ಬಾಲವ,ಮರುದಿನ 02:40,kannada calendar.in,ಉತ್ತರಾಯಣ,kannada calendar.in,ಮೇಷ,kannada calendar.in,ಮಕರ,kannada calendar.in,05:56,kannada calendar.in,18:36,kannada calendar.in,09:00 – 10:30,PV Calendar,06:00 – 07:30,PV Calendar,13:30 – 15:00,PV Calendar,12:00 – 13:30,kannada calendar.in,12:06 – 13:51,kannada calendar.in,kannada calendar.in,ಭಕ್ತಿ,ಭಯ,ಉಡುಗೊರೆ,ಯಶಸ್ಸು,ಕರುಣೆ,ಗೌರವ,ಲಾಭ,ಶಾಂತಿ,ಗಮನ,ಸಂತೋಷ,ಆಸಕ್ತಿ,ನಷ್ಟ
2026-05-10,ವೈಶಾಖ–ಅಧಿಕ ಜ್ಯೇಷ್ಠ,kannada calendar.in,ಪರಾಭವ,kannada calendar.in,1948,kannada calendar.in,ಅಷ್ಟಮಿ,10:06,PV Calendar,ಕೃಷ್ಣ,kannada calendar.in,ಧನಿಷ್ಠ,20:22,PV Calendar,ಅಹ್ಮಾ,ಮರುದಿನ 02:00,kannada calendar.in,ತೈಕಿಲ,07:22,kannada calendar.in,ಉತ್ತರಾಯಣ,kannada calendar.in,ಮೇಷ,kannada calendar.in,ಮಕರ,kannada calendar.in,05:55,kannada calendar.in,18:36,kannada calendar.in,16:30 – 18:00,PV Calendar,15:00 – 16:30,PV Calendar,12:00 – 13:30,PV Calendar,,,13:49 – 15:30,kannada calendar.in,kannada calendar.in,ಗೊಂದಲ,ಸಾಲ,ಗೌರವ,ಪ್ರೀತಿ,ಪ್ರತಿರೋಧ,ವಿನಯ,ಅನುಕೂಲ,ಒಳ್ಳೆಯದು,ಯಶಸ್ಸು,ಅಭಿವದಿ,ಯಶಸ್ಸು,ಪ್ರೀತಿ
2026-05-11,ವೈಶಾಖ–ಅಧಿಕ ಜ್ಯೇಷ್ಠ,kannada calendar.in,ಪರಾಭವ,kannada calendar.in,1948,kannada calendar.in,ನವಮಿ,10:17,PV Calendar,ಕೃಷ್ಣ,kannada calendar.in,ಶತಭಿಷ,20:58,PV Calendar,ಐಂದ್ರ,ಮರುದಿನ 01:04,kannada calendar.in,ವಣೆ,07:15,kannada calendar.in,ಉತ್ತರಾಯಣ,kannada calendar.in,ಮೇಷ,kannada calendar.in,ಕುಂಭ,kannada calendar.in,05:55,kannada calendar.in,18:36,kannada calendar.in,07:30 – 09:00,PV Calendar,13:30 – 15:00,PV Calendar,10:30 – 12:00,PV Calendar,09:00 – 10:30,kannada calendar.in,06:05 – 07:43,kannada calendar.in,kannada calendar.in,ಸಾಲ,ಭಕ್ತಿ,ವಿಶ್ರಾಂತಿ,ಅಭಿವೃದ್ಧಿ,ಧೈಯನ,ಸ್ಪರ್ಧೆ,ಲಾಭ,ಶ್ರೇಷ್ಠತೆ,ಆನಂದ,ಆತಂಕ,ಯಶಸ್ಸು,ದಯೆ
2026-05-12,ವೈಶಾಖ–ಅಧಿಕ ಜ್ಯೇಷ್ಠ,kannada calendar.in,ಪರಾಭವ,kannada calendar.in,1948,kannada calendar.in,ದಶಮಿ,09:55,PV Calendar,ಕೃಷ್ಣ,kannada calendar.in,ಪೂರ್ವಾಭಾದ್ರ,21:07,PV Calendar,ವೈಢ್ಯತಿ,02:19,kannada calendar.in,ಬವ,ಮರುದಿನ 02:18,kannada calendar.in,ಉತ್ತರಾಯಣ,kannada calendar.in,ಮೇಷ,kannada calendar.in,ಕುಂಭ,kannada calendar.in,05:55,kannada calendar.in,18:37,kannada calendar.in,15:00 – 16:30,PV Calendar,12:00 – 13:30,PV Calendar,09:00 – 10:30,PV Calendar,,,05:21 – 06:56,kannada calendar.in,kannada calendar.in,ಯಶಸ್ಸು,ಪರೀಕ್ಷೆ,ಪ್ರೀತಿ,ಆತಂಕ,ಸ್ಪರ್ಧೆ,ಲಾಭ,ಆಸಕ್ತಿ,ಸಾಲ,ಭಕ್ತಿ,ಒಳ್ಳೆಯದು,ಸಂತೋಷ,ಸ್ನೇಹ
2026-05-13,ವೈಶಾಖ–ಅಧಿಕ ಜ್ಯೇಷ್ಠ,kannada calendar.in,ಪರಾಭವ,kannada calendar.in,1948,kannada calendar.in,ಏಕಾದಶಿ,09:05,PV Calendar,ಕೃಷ್ಣ,kannada calendar.in,ಉತ್ತರಾಭಾದ್ರ,20:47,PV Calendar,ಎಿಷೃಂಭ,20:55,kannada calendar.in,ಕಲವ,ಮರುದಿನ 00:31,kannada calendar.in,ಉತ್ತರಾಯಣ,kannada calendar.in,ಮೇಷ,kannada calendar.in,ಮೀನ,kannada calendar.in,05:54,kannada calendar.in,18:37,kannada calendar.in,12:00 – 13:30,PV Calendar,10:30 – 12:00,PV Calendar,07:30 – 09:00,PV Calendar,06:00 – 07:30,kannada calendar.in,07:41 – 09:13,kannada calendar.in,kannada calendar.in,ಅನುಕೂಲ,ಶಾಂತಿ,ಮೆಚ್ಚುಗೆ,ಗೌರವ,ಸಂತೋಷ,ಪ್ರಯತ್ನ,ಯಶಸ್ಸು,ಅನಾರೋಗ್ಯ,ಸಾಲ,ಸಂಪತ್ತು,ಒಳ್ಳೆಯದು,ಲಾಭ
2026-05-14,ವೈಶಾಖ–ಅಧಿಕ ಜ್ಯೇಷ್ಠ,kannada calendar.in,ಪರಾಭವ,kannada calendar.in,1948,kannada calendar.in,ದ್ವಾದಶಿ,07:48,PV Calendar,ಕೃಷ್ಣ,kannada calendar.in,ರೇವತಿ,20:02,PV Calendar,ಪ್ರೀತಿ,01:53,kannada calendar.in,ಗರಜ,22:01,kannada calendar.in,ಉತ್ತರಾಯಣ,kannada calendar.in,ಮೇಷ,kannada calendar.in,ಮೀನ,kannada calendar.in,05:54,kannada calendar.in,18:37,kannada calendar.in,13:30 – 15:00,PV Calendar,09:00 – 10:30,PV Calendar,06:00 – 07:30,PV Calendar,,,08:20 – 09:49,kannada calendar.in,kannada calendar.in,ಭಯ,ದಯೆ,ವಿಶ್ರಾಂತಿ,ಕೋಪ,ಲಾಭ,ಸಾಲ,ಉಡುಗೊರೆ,ಯಶಸ್ಸು,ಸಹಾಯ,ಅನುಕೂಲ,ಯಶಸ್ಸು,ತಾಳ್ಮೆ
2026-05-15,ವೈಶಾಖ–ಅಧಿಕ ಜ್ಯೇಷ್ಠ,kannada calendar.in,ಪರಾಭವ,kannada calendar.in,1948,kannada calendar.in,ಚತುರ್ದಶಿ,ಮರುದಿನ 04:17,PV Calendar,ಕೃಷ್ಣ,kannada calendar.in,ಅಶ್ವಿನಿ,19:10,PV Calendar,ಆಯುಷ್ಠಾನ,14:21,kannada calendar.in,ವಿಷ್ಟಿ,18:55,kannada calendar.in,ಉತ್ತರಾಯಣ,kannada calendar.in,ಮೇಷ,kannada calendar.in,ಮೇಷ,kannada calendar.in,05:54,kannada calendar.in,18:37,kannada calendar.in,10:30 – 12:00,PV Calendar,07:30 – 09:00,PV Calendar,15:00 – 16:30,PV Calendar,13:30 – 15:00,kannada calendar.in,13:44 – 15:11,kannada calendar.in,kannada calendar.in,ಉತ್ಸಾಹ,ಒಳ್ಳೆಯದು,ಸಹಾಯ,ಅನುಕೂಲ,ಉಡುಗೊರೆ,ಪ ಮೆಚ್ಚುಗೆ,ಅಭಿವೃದ್ದಿ,ಮಧುರ ಮಾತು,ಗಮನ,ಕೀರ್ತಿ,ಗೌರವ,ಒಳ್ಳೆಯ ಕೆಲಸ
2026-05-16,ವೈಶಾಖ–ಅಧಿಕ ಜ್ಯೇಷ್ಠ,kannada calendar.in,ಪರಾಭವ,kannada calendar.in,1948,kannada calendar.in,ಅಮಾವಾಸ್ಯೆ,ಮರುದಿನ 02:01,PV Calendar,ಕೃಷ್ಣ,kannada calendar.in,ಭರಣಿ,17:42,PV Calendar,ಸೌಭಾಗ್ಯ,10:26,kannada calendar.in,ಚತುಷ್ಪಾದ,15:23,kannada calendar.in,ಉತ್ತರಾಯಣ,kannada calendar.in,ವೃಷಭ,kannada calendar.in,ಮೇಷರಾ,kannada calendar.in,05:54,kannada calendar.in,18:38,kannada calendar.in,09:00 – 10:30,PV Calendar,06:00 – 07:30,PV Calendar,13:30 – 15:00,PV Calendar,12:00 – 13:30,kannada calendar.in,13:15 – 14:40,kannada calendar.in,kannada calendar.in,ಲಾಭ,ಅನುಕೂಲ,ಪರಿಶ್ರಮ,ಗಮನ,ಪ್ರೀತಿ,ಪ ಕೀರ್ತಿ,ಯಶಸ್ಸು,ಶಾಂತಿ,ಆತಂಕ,ವಿಶ್ರಾಂತಿ,ಕೀರ್ತಿ,ಯಶಸ್ಸು
2026-05-17,ವೈಶಾಖ–ಅಧಿಕ ಜ್ಯೇಷ್ಠ,kannada calendar.in,ಪರಾಭವ,kannada calendar.in,1948,kannada calendar.in,ಪಾಡ್ಯ,23:41,PV Calendar,ಕೃಷ್ಣ,kannada calendar.in,ಕೃತ್ತಿಕಾ,16:13,PV Calendar,೫೩೩,06:15,kannada calendar.in,ಕೆಂಸ್ತುಘ್ನ,11:37,kannada calendar.in,ಉತ್ತರಾಯಣ,kannada calendar.in,ವಷಭ,kannada calendar.in,ವೃಷಭ,kannada calendar.in,05:54,kannada calendar.in,18:38,kannada calendar.in,16:30 – 18:00,PV Calendar,15:00 – 16:30,PV Calendar,12:00 – 13:30,PV Calendar,,,12:26 – 13:50,kannada calendar.in,kannada calendar.in,ಪ್ರಯತ್ನ,ಮಧುರ ಮಾತು,ತಾಳ್ಮೆ,ಪ್ರೀತಿ,ವಿಶ್ರಾಂತಿ,ಯಶಸ್ಸು,ಪ್ರತಿರೋಧ,ಅನುಕೂಲ,ಚಿಂತೆ,ಅಭಿವದಿ,ಭಕ್ತ,ಸಂತೋಷ
2026-05-18,ವೈಶಾಖ–ಅಧಿಕ ಜ್ಯೇಷ್ಠ,kannada calendar.in,ಪರಾಭವ,kannada calendar.in,1948,kannada calendar.in,ಬಿದಿಗೆ,21:10,PV Calendar,ಕೃಷ್ಣ,kannada calendar.in,ರೋಹಿಣಿ,14:32,PV Calendar,ಸುಕರ್ಮಾ,21:48,kannada calendar.in,ದಾವ,07:46,kannada calendar.in,ಉತ್ತರಾಯಣ,kannada calendar.in,ವೃಷಭ,kannada calendar.in,ವೃಷಭ,kannada calendar.in,05:53,kannada calendar.in,18:38,kannada calendar.in,07:30 – 09:00,PV Calendar,13:30 – 15:00,PV Calendar,10:30 – 12:00,PV Calendar,09:00 – 10:30,kannada calendar.in,08:44 – 10:08,kannada calendar.in,kannada calendar.in,ಒಳ್ಳೆಯದು,ಕೋಪ,ಉತ್ಪಾಹ,ಯಶಸ್ಸು,ಪ್ರಯತ್ನ,ಕೋಪ,ಅನುಕೂಲ,ಅಭಿವೃದ್ದಿ,ಕೀರ್ತಿ,ಸಂತೋಷ,ಶಾಂತಿ,ತಾಳ್ಮೆ
2026-05-19,ವೈಶಾಖ–ಅಧಿಕ ಜ್ಯೇಷ್ಠ,kannada calendar.in,ಪರಾಭವ,kannada calendar.in,1948,kannada calendar.in,ತದಿಗೆ,18:42,PV Calendar,ಕೃಷ್ಣ,kannada calendar.in,ಮೃಗಶಿರ,12:51,PV Calendar,ಕಿ,07:00,kannada calendar.in,ವಣಿಜ,ಮರುದಿನ 00:40,kannada calendar.in,ಉತ್ತರಾಯಣ,kannada calendar.in,ವೃಷಭ,kannada calendar.in,ಮಿಥುನ,kannada calendar.in,05:53,kannada calendar.in,18:38,kannada calendar.in,15:00 – 16:30,PV Calendar,12:00 – 13:30,PV Calendar,09:00 – 10:30,PV Calendar,,,12:56 – 14:20,kannada calendar.in,kannada calendar.in,ಆನಂದ,ಶುಭ,ಅಭಿವುದ್ದಿ,ಯಶಸ್ಸು,ಒಳ್ಳೆಯದು,ಅನುಕೂಲ,ಶುಭಸಮಾಚಾರ,ಸ್ಪರ್ಧೆ,ತಾಳ್ಮೆ,ಶಮಧುರ ಮಾತು,ಲಾಭ,ಮೆಚ್ಚುಗೆ
2026-05-20,ವೈಶಾಖ–ಅಧಿಕ ಜ್ಯೇಷ್ಠ,kannada calendar.in,ಪರಾಭವ,kannada calendar.in,1948,kannada calendar.in,ಚೌತಿ,16:23,PV Calendar,ಕೃಷ್ಣ,kannada calendar.in,ಆರಿದ್ರಾ,11:15,PV Calendar,ಶೂಲ,14:10,kannada calendar.in,ಬವ,21:43,kannada calendar.in,ಉತ್ತರಾಯಣ,kannada calendar.in,ವಷಭ,kannada calendar.in,ಮಿಥುನ,kannada calendar.in,05:53,kannada calendar.in,18:39,kannada calendar.in,12:00 – 13:30,PV Calendar,10:30 – 12:00,PV Calendar,07:30 – 09:00,PV Calendar,06:00 – 07:30,kannada calendar.in,,,kannada calendar.in,ಸಾಲ,ಅನುಕೂಲ,ಪ್ರಯತ್ರ,ಧೈರ್ಯ,ಒಳ್ಳೆಯ ಸುದ್ದಿ,ಶ್ರೇಷ್ಠತೆ,ಭಕ್ತಿ,ಉತ್ಸಾಹ,ದುರಾಸೆ,ಪ್ರೋತ್ಸಾಹ,ಭಯ,ಅಭಿವೃದ್ಧಿ
2026-05-21,ವೈಶಾಖ–ಅಧಿಕ ಜ್ಯೇಷ್ಠ,kannada calendar.in,ಪರಾಭವ,kannada calendar.in,1948,kannada calendar.in,ಪಂಚಮಿ,14:10,PV Calendar,ಶುಕ್ಲ,kannada calendar.in,ಪುನರ್ವಸು,09:47,PV Calendar,ಗಂಡ,10:59,kannada calendar.in,ಕೌಲವ,19:21,kannada calendar.in,ಉತ್ತರಾಯಣ,kannada calendar.in,ವೃಷಭ,kannada calendar.in,ಕರ್ಕ,kannada calendar.in,05:53,kannada calendar.in,18:39,kannada calendar.in,13:30 – 15:00,PV Calendar,09:00 – 10:30,PV Calendar,06:00 – 07:30,PV Calendar,15:00 – 16:30,kannada calendar.in,02:00 – 03:28,kannada calendar.in,kannada calendar.in,ಭಕ್ತಿ,ಸಂಪತ್ತು,ಆಸಕ್ತಿ,ಶುಭಸಮಾಚಾರ,ಸಹಾಯ,ಪ್ರಯಾಣ,ಪ್ರಗತಿ,ಉಡುಗೊರೆ,ಮೆಚ್ಚುಗೆ,ಯಶಸ್ಸು,ಪರಿಶ್ರಮ,ಶ್ರೇಷ್ಠತೆ
2026-05-22,ವೈಶಾಖ–ಅಧಿಕ ಜ್ಯೇಷ್ಠ,kannada calendar.in,ಪರಾಭವ,kannada calendar.in,1948,kannada calendar.in,ಷಷ್ಠಿ,12:11,PV Calendar,ಶುಕ್ಲ,kannada calendar.in,ಪುಷ್ಯ,08:31,PV Calendar,ವೃಡ್ಧಿ,06:19,kannada calendar.in,ಗರಜ,17:40,kannada calendar.in,ಉತ್ತರಾಯಣ,kannada calendar.in,ವಷಭ,kannada calendar.in,ಕರ್ಕ,kannada calendar.in,05:53,kannada calendar.in,18:39,kannada calendar.in,10:30 – 12:00,PV Calendar,07:30 – 09:00,PV Calendar,15:00 – 16:30,PV Calendar,13:30 – 15:00,kannada calendar.in,,,kannada calendar.in,ಆನಂದ,ಸಾಲ,ಲಾಭ,ಸಂತೋಷ,ಉತ್ಸಾಹ,ಆತಂಕ,ತೊಂದರೆ,ಪ್ರೋತ್ಸಾಹ,ಯಶಸ್ಸು,ಸ್ಪರ್ಧೆ,ತಾಳ್ಮೆ,ನಿರಾಶೆ
2026-05-23,ವೈಶಾಖ–ಅಧಿಕ ಜ್ಯೇಷ್ಠ,kannada calendar.in,ಪರಾಭವ,kannada calendar.in,1948,kannada calendar.in,ಸಪ್ತಮಿ,10:29,PV Calendar,ಶುಕ್ಲ,kannada calendar.in,ಆಶ್ಲೇಷ,07:23,PV Calendar,ಈೆ,06:14,kannada calendar.in,ಏಿಷ್ಟಿ,16:41,kannada calendar.in,ಉತ್ತರಾಯಣ,kannada calendar.in,ವಷಭ,kannada calendar.in,ಸಿಂಹ,kannada calendar.in,05:53,kannada calendar.in,18:40,kannada calendar.in,09:00 – 10:30,PV Calendar,06:00 – 07:30,PV Calendar,13:30 – 15:00,PV Calendar,12:00 – 13:30,kannada calendar.in,12:34 – 14:08,kannada calendar.in,kannada calendar.in,ಒಳ್ಳೆಯ ಕೆಲಸ,ಮೆಚ್ಚುಗೆ,ಉಡುಗೊರೆ,ಅನುಕೂಲ,ಯಶಸ್ಸು,ಆಸಕ್ತಿ,ಪ್ರಯತ್ನ,ಗೌರವ,ಸಾಲ,ಒಳ್ಳೆಯದು,ಭಕ್ತಿ,ಕೀರ್ತಿ
2026-05-24,ವೈಶಾಖ–ಅಧಿಕ ಜ್ಯೇಷ್ಠ,kannada calendar.in,ಪರಾಭವ,kannada calendar.in,1948,kannada calendar.in,ಅಷ್ಟಮಿ,09:10,PV Calendar,ಕೃಷ್ಣ,kannada calendar.in,ಮಘ,06:55,PV Calendar,ಹರ್ಷಣ,ಮರುದಿನ 03:45,kannada calendar.in,ಬಾಲವ,16:25,kannada calendar.in,ಉತ್ತರಾಯಣ,kannada calendar.in,ವಷಭ,kannada calendar.in,ಸಿಂಹ,kannada calendar.in,05:52,kannada calendar.in,18:40,kannada calendar.in,16:30 – 18:00,PV Calendar,15:00 – 16:30,PV Calendar,12:00 – 13:30,PV Calendar,,,08:16 – 09:54,kannada calendar.in,kannada calendar.in,ಒಳ್ಳೆಯದು,ಪ್ರಯಾಣ,ಪ್ರಯತ್ರ,ಲಾಭ,ತೊಂದರೆ,ಉಡುಗೊರೆ,ಆತಂಕ,ಆಸಕ್ತಿ,ಸ್ಪರ್ಧೆ,ಅನುಕೂಲ,ಅನುಕೂಲ,ತಾಳ್ಮೆ
2026-05-25,ವೈಶಾಖ–ಅಧಿಕ ಜ್ಯೇಷ್ಠ,kannada calendar.in,ಪರಾಭವ,kannada calendar.in,1948,kannada calendar.in,ನವಮಿ,08:16,PV Calendar,ಕೃಷ್ಣ,kannada calendar.in,ಪುಬ್ಬ,06:44,PV Calendar,ಶಜ್ರ,02:15,kannada calendar.in,ತೈಕಿಲ,16:47,kannada calendar.in,ಉತ್ತರಾಯಣ,kannada calendar.in,ವಷಭ,kannada calendar.in,ಸಿಂಹ,kannada calendar.in,05:52,kannada calendar.in,18:40,kannada calendar.in,07:30 – 09:00,PV Calendar,13:30 – 15:00,PV Calendar,10:30 – 12:00,PV Calendar,09:00 – 10:30,kannada calendar.in,08:33 – 10:14,kannada calendar.in,kannada calendar.in,ಯಶಸ್ಸು,ಮೆಚ್ಚುಗೆ,ಸಾಲ,ಒಳ್ಳೆಯದು,ಲಾಭ,ಸಂತೋಷ,ಲಾಭ,ಉಡುಗೊರೆ,ಅನುಕೂಲ,ಸಂತೋಷ,ಸಂತೋಷ,ಗೌರವ
2026-05-26,ವೈಶಾಖ–ಅಧಿಕ ಜ್ಯೇಷ್ಠ,kannada calendar.in,ಪರಾಭವ,kannada calendar.in,1948,kannada calendar.in,ದಶಮಿ,07:49,PV Calendar,ಶುಕ್ಲ,kannada calendar.in,ಉತ್ತರ,06:58,PV Calendar,ದ್ಧ,07:16,kannada calendar.in,ವಣಿಜ,17:43,kannada calendar.in,ಉತ್ತರಾಯಣ,kannada calendar.in,ವೃಷಭ,kannada calendar.in,ಕನ್ಯಾ,kannada calendar.in,05:52,kannada calendar.in,18:40,kannada calendar.in,15:00 – 16:30,PV Calendar,12:00 – 13:30,PV Calendar,09:00 – 10:30,PV Calendar,,,11:29 – 13:13,kannada calendar.in,kannada calendar.in,ಸಹಾಯ,ಭಕ್ತಿ,ಅಭಿವುದ್ದಿ,ಕೋಪ್ಪ,ಆನಂದ,ನಿಷೇಧ,ಯಶಸ್ಸು,ಪ್ರೀತಿ,ಆಸಕ್ತಿ,ಪ್ರಯತ್ನ,ಗೊಂದಲ,ಶ್ರೇಷ್ಠತೆ
2026-05-27,ವೈಶಾಖ–ಅಧಿಕ ಜ್ಯೇಷ್ಠ,kannada calendar.in,ಪರಾಭವ,kannada calendar.in,1948,kannada calendar.in,ಏಕಾದಶಿ,07:55,PV Calendar,ಕೃಷ್ಣ,kannada calendar.in,ಹಸ್ತಾ,07:45,PV Calendar,ಕಕೀಪಾತ,ಮರುದಿನ 03:25,kannada calendar.in,ಜವ,19:07,kannada calendar.in,ಉತ್ತರಾಯಣ,kannada calendar.in,ವಷಭ,kannada calendar.in,ಕನ್ಯಾ,kannada calendar.in,05:52,kannada calendar.in,18:41,kannada calendar.in,12:00 – 13:30,PV Calendar,10:30 – 12:00,PV Calendar,07:30 – 09:00,PV Calendar,06:00 – 07:30,kannada calendar.in,,,kannada calendar.in,ಸಂತೋಷ,ಲಾಭ,ಭಯ,ಅನುಕೂಲ,ಪ್ರತಿರೋಧ,ಯಶಸ್ಸು,ಒಳ್ಳೆಯದು,ಅಭಿವೃದ್ಧಿ,ದಾನ,ಮರೆವ,ದಯೆ,ಸೌಮ್ಯತೆ
2026-05-28,ವೈಶಾಖ–ಅಧಿಕ ಜ್ಯೇಷ್ಠ,kannada calendar.in,ಪರಾಭವ,kannada calendar.in,1948,kannada calendar.in,ದ್ವಾದಶಿ,08:30,PV Calendar,ಕೃಷ್ಣ,kannada calendar.in,ಚಿತ್ತಾ,09:01,PV Calendar,ವರೀಯಾನ,ಮರುದಿನ 03:55,kannada calendar.in,ಕೌಲವ,20:52,kannada calendar.in,ಉತ್ತರಾಯಣ,kannada calendar.in,ವಷಭ,kannada calendar.in,ತುಲಾ,kannada calendar.in,05:52,kannada calendar.in,18:41,kannada calendar.in,13:30 – 15:00,PV Calendar,09:00 – 10:30,PV Calendar,06:00 – 07:30,PV Calendar,15:00 – 16:30,kannada calendar.in,01:09 – 02:54,kannada calendar.in,kannada calendar.in,ಪ್ರೀತಿ,ಯಶಸ್ಸು,ಕರುಣೆ,ಶ್ರೇಷ್ಠತೆ,ಪ್ರೋತ್ಸಾಹ,ಅಸೂಯೆ,ಖರ್ಚು,ಅನುಕೂಲ,ಒಳ್ಳೆಯ ಕೆಲಸ,ಸ್ಪರ್ಧೆ,ಅಭಿವೃದ್ಧಿ,ಒಳ್ಳೆಯ ಸುದ್ದಿ
2026-05-29,ವೈಶಾಖ–ಅಧಿಕ ಜ್ಯೇಷ್ಠ,kannada calendar.in,ಪರಾಭವ,kannada calendar.in,1948,kannada calendar.in,ತ್ರಯೋದಶಿ,09:25,PV Calendar,ಶುಕ್ಲ,kannada calendar.in,ಸ್ವಾತಿ,10:46,PV Calendar,ಪರಿಘ,ಮರುದಿನ 04:36,kannada calendar.in,ಗರಜ,22:53,kannada calendar.in,ಉತ್ತರಾಯಣ,kannada calendar.in,ವಷಭ,kannada calendar.in,ತುಲಾ,kannada calendar.in,05:52,kannada calendar.in,18:41,kannada calendar.in,10:30 – 12:00,PV Calendar,07:30 – 09:00,PV Calendar,15:00 – 16:30,PV Calendar,13:30 – 15:00,kannada calendar.in,,,kannada calendar.in,ಆನಂದ,ದುರದೃಷ್ಟ,ಸಂತೋಷ,ಭಯ,ಪ್ರತಿರೋಧ,ಸಂಪತ್ತು,ಶಾಂತಿ,ಜೀವನ,ಕೋಪ,ಅನುಕೂಲ,ಸಹಾಯ,ಮರವು
2026-05-30,ವೈಶಾಖ–ಅಧಿಕ ಜ್ಯೇಷ್ಠ,kannada calendar.in,ಪರಾಭವ,PV Calendar,1948,PV Calendar,ಚತುರ್ದಶಿ,11:05,PV Calendar,,,ವಿಶಾಖ,12:54,PV Calendar,—,—,,—,—,,,,,,,,—,,—,,09:00 – 10:30,PV Calendar,06:00 – 07:30,PV Calendar,13:30 – 15:00,PV Calendar,,,,,,,,,,,,,,,,,
2026-05-31,ವೈಶಾಖ–ಅಧಿಕ ಜ್ಯೇಷ್ಠ,kannada calendar.in,ಪರಾಭವ,kannada calendar.in,1948,kannada calendar.in,ಪೂರ್ಣಿಮಾ,12:54,PV Calendar,ಶುಕ್ಲ,kannada calendar.in,ಅನೂರಾಧ,15:21,PV Calendar,ಸಿದ್ಧ,—,kannada calendar.in,ಬಾಲವ,ಮರುದಿನ 03:26,kannada calendar.in,ಉತ್ತರಾಯಣ,kannada calendar.in,ಮೇಷ,kannada calendar.in,ವೃಶ್ಚಿಕ,kannada calendar.in,05:52,kannada calendar.in,18:42,kannada calendar.in,16:30 – 18:00,PV Calendar,15:00 – 16:30,PV Calendar,12:00 – 13:30,PV Calendar,10:30 – 12:00,kannada calendar.in,04:33 – 06:21,kannada calendar.in,kannada calendar.in,ಆಲೋಚನೆ,ದಯೆ,ಯೋಗ,ಗಮನ,ಕೀರ್ತಿ,ತಾಳ್ಮೆ,ಭಯ,ಲಾಭ,ಆನಂದ,ಒಳ್ಳೆಯ ಸುದ್ದಿ,ಸಮಸ್ಯೆ,ಅನುಕೂಲ
2026-06-01,ಅ.ಜ್ಯೇಷ್ಠ/ನಿ.ಜ್ಯೇಷ್ಠ,kannada calendar.in,ಪರಾಭವ ನಾಮ,kannada calendar.in,1948,kannada calendar.in,ಪಾಡ್ಯ,14:53,PV Calendar,ಕೃಷ್ಣ,kannada calendar.in,ಜ್ಯೇಷ್ಠ,17:57,PV Calendar,ಸಿದ್ಧ,06:19,kannada calendar.in,ತೈತಿಲ,ಮರುದಿನ 05:50,kannada calendar.in,ಉತ್ತರಾಯಣ,kannada calendar.in,ವಷಭ,kannada calendar.in,ವೃಶ್ಚಿಕ,kannada calendar.in,05:52,kannada calendar.in,18:42,kannada calendar.in,07:30 – 09:00,PV Calendar,13:30 – 15:00,PV Calendar,10:30 – 12:00,PV Calendar,09:00 – 10:30,kannada calendar.in,09:16 – 11:03,kannada calendar.in,kannada calendar.in,ಅನುಕೂಲ,ವಿಳಂಬ,ಯಶಸ್ತು,ಗೊಂದಲ,ಭಕ್ತಿ,ದುರಾಸೆ,ಚಿಂತೆ,ಯಶಸ್ಸು,ಒಳ್ಳೆಯದು,ಆಸಕ್ಕಿ,ತಾಳ್ಮೆ,ವಿಶ್ರಾಂತಿ
2026-06-02,ಅ.ಜ್ಯೇಷ್ಠ/ನಿ.ಜ್ಯೇಷ್ಠ,kannada calendar.in,ಪರಾಭವ ನಾಮ,kannada calendar.in,1948,kannada calendar.in,ಬಿದಿಗೆ,16:55,PV Calendar,ಕೃಷ್ಣ,kannada calendar.in,ಮೂಲ,20:32,PV Calendar,ಸಾಧ್ಯ,07:16,kannada calendar.in,ವಣಿಜ,—,kannada calendar.in,ಉತ್ತರಾಯಣ,kannada calendar.in,ವಷಭ,kannada calendar.in,ಧನು,kannada calendar.in,05:52,kannada calendar.in,18:43,kannada calendar.in,15:00 – 16:30,PV Calendar,12:00 – 13:30,PV Calendar,09:00 – 10:30,PV Calendar,07:30 – 09:00,kannada calendar.in,14:55 – 16:45,kannada calendar.in,kannada calendar.in,ಸೌಮೃತೆ,ಯಶಸ್ಸು,ಅಬಿವದಿ,ಲಾಭ,ಅಭಿವೃದ್ಧಿ,ಪ್ರಯತ್ನ,ಯೋಗ,ದಯೆ,ಪ್ರೀತಿ,ಅನುಕೂಲ,ಸ್ನೇಹ,ಭಕ್ತಿ
2026-06-03,ಅ.ಜ್ಯೇಷ್ಠ/ನಿ.ಜ್ಯೇಷ್ಠ,kannada calendar.in,ಪರಾಭವ ನಾಮ,kannada calendar.in,1948,kannada calendar.in,ತದಿಗೆ,18:43,PV Calendar,ಕೃಷ್ಣ,kannada calendar.in,ಪೂರ್ವಾಷಾಢ,22:57,PV Calendar,ಶುಭ,08:12,kannada calendar.in,ವಣಿಜ,08:13,kannada calendar.in,ಉತ್ತರಾಯಣ,kannada calendar.in,ವಷಭ,kannada calendar.in,ಧನು,kannada calendar.in,05:52,kannada calendar.in,18:43,kannada calendar.in,12:00 – 13:30,PV Calendar,10:30 – 12:00,PV Calendar,07:30 – 09:00,PV Calendar,06:00 – 07:30,kannada calendar.in,07:37 – 09:24,kannada calendar.in,kannada calendar.in,ಮೆಚ್ಚುಗೆ,ದಯೆ,ಅನುಕೂಲ,ಪ್ರತಿರೋಧ,ಯೋಗ,ಸಾಲ,ಒಳ್ಳೆಯದು,ಶ್ರೇಷ್ಠತೆ,ಆಲೋಚನೆ,ಗಮನ,ಗೌರವ,ಪ್ರತಿಭೆ
2026-06-04,ಅ.ಜ್ಯೇಷ್ಠ/ನಿ.ಜ್ಯೇಷ್ಠ,kannada calendar.in,ಪರಾಭವ ನಾಮ,kannada calendar.in,1948,kannada calendar.in,ಚೌತಿ,20:18,PV Calendar,ಕೃಷ್ಣ,kannada calendar.in,ಉತ್ತರಾಷಾಢ,ಮರುದಿನ 01:09,PV Calendar,ಶುಕ್ಹ,09:60,kannada calendar.in,ಬವ,10:28,kannada calendar.in,ಉತ್ತರಾಯಣ,kannada calendar.in,ವಷಭ,kannada calendar.in,ಧನು,kannada calendar.in,05:52,kannada calendar.in,18:43,kannada calendar.in,13:30 – 15:00,PV Calendar,09:00 – 10:30,PV Calendar,06:00 – 07:30,PV Calendar,,,08:34 – 10:21,kannada calendar.in,kannada calendar.in,ಅಭಿವೃದ್ದಿ,ಒಳ್ಳೆಯದು,ಯಶಸ್ತು,ಪ್ರೀತಿ,ಸಹಾಯ,ಸ್ಪರ್ಧೆ,ಕೋಪ,ಮರೆವು,ಆಸಕ್ತಿ,ವಿಶ್ರಾಂತಿ,ಭಕ್ತ,ಮೆಚ್ಚುಗೆ
2026-06-05,ಅ.ಜ್ಯೇಷ್ಠ/ನಿ.ಜ್ಯೇಷ್ಠ,kannada calendar.in,ಪರಾಭವ ನಾಮ,kannada calendar.in,1948,kannada calendar.in,ಪಂಚಮಿ,21:14,PV Calendar,ಕೃಷ್ಣ,kannada calendar.in,ಶ್ರವಣ,ಮರುದಿನ 02:39,PV Calendar,ಬ್ರಹ್ಮಾ,09:43,kannada calendar.in,ಕೌಲವ,12:29,kannada calendar.in,ಉತ್ತರಾಯಣ,kannada calendar.in,ವಷಭ,kannada calendar.in,ಮಕರ,kannada calendar.in,05:52,kannada calendar.in,18:43,kannada calendar.in,10:30 – 12:00,PV Calendar,07:30 – 09:00,PV Calendar,15:00 – 16:30,PV Calendar,,,06:38 – 08:23,kannada calendar.in,kannada calendar.in,ಗೊಂದಲ,ಕರುಣೆ,ಆಯಾಸ,ಆತಂಕ,ಆನಂದ,ಧೈರ್ಯ,ನೋವು,ಲಾಭ,ಅನುಕೂಲ,ಕೋಪ,ಅನುಕೂಲ,ಸಂತೋಷ
2026-06-06,ಅ.ಜ್ಯೇಷ್ಠ/ನಿ.ಜ್ಯೇಷ್ಠ,kannada calendar.in,ಪರಾಭವ ನಾಮ,kannada calendar.in,1948,kannada calendar.in,ಷಷ್ಠಿ,22:08,PV Calendar,ಕೃಷ್ಣ,kannada calendar.in,ಧನಿಷ್ಠ,ಮರುದಿನ 04:07,PV Calendar,ಐಂದ್ರ,10:05,kannada calendar.in,ಗರಜ,14:05,kannada calendar.in,ಉತ್ತರಾಯಣ,kannada calendar.in,ವಷಭ,kannada calendar.in,ಮಕರ,kannada calendar.in,05:52,kannada calendar.in,18:44,kannada calendar.in,09:00 – 10:30,PV Calendar,06:00 – 07:30,PV Calendar,13:30 – 15:00,PV Calendar,,,08:43 – 10:26,kannada calendar.in,kannada calendar.in,ಪ್ರಯತ್ನ,ಸೌಮ್ಯತ,ಗೌರವ,ಶ್ರೇಷ್ಠತೆ,ಯಶಸ್ಸು,ಯೋಗ,ಸಹಾಯ,ಪರಿಶ್ರಮ,ಕರುಣೆ,ಸ್ಟ್ರೇಹ,ಕೋಪ,ತೊಂದರೆ
2026-06-07,ಅ.ಜ್ಯೇಷ್ಠ/ನಿ.ಜ್ಯೇಷ್ಠ,kannada calendar.in,ಪರಾಭವ ನಾಮ,kannada calendar.in,1948,kannada calendar.in,ಸಪ್ತಮಿ,22:16,PV Calendar,ಕೃಷ್ಣ,kannada calendar.in,ಶತಭಿಷ,ಮರುದಿನ 04:49,PV Calendar,ವೈಧ್ಯತಿ,10:02,kannada calendar.in,ವಿಷ್ಠಿ,15:60,kannada calendar.in,ಉತ್ತರಾಯಣ,kannada calendar.in,ವಷಭ,kannada calendar.in,ಕುಂಭ,kannada calendar.in,05:52,kannada calendar.in,18:44,kannada calendar.in,16:30 – 18:00,PV Calendar,15:00 – 16:30,PV Calendar,12:00 – 13:30,PV Calendar,10:30 – 12:00,kannada calendar.in,,,kannada calendar.in,ಸ್ನೇಹ,ಭಯ,ತಾಳ್ಮೆ,ಅನುಕೊಲ,ಯಶಸ್ಸು,ಒಳ್ಳೆಯದು,ಶಾಂತಿ,ಯೋಗ,ಗೌರವ,ಸೌಮೃತೆ,ಸಾಲ,ಪ್ರತಿರೋಧ
2026-06-08,ಅ.ಜ್ಯೇಷ್ಠ/ನಿ.ಜ್ಯೇಷ್ಠ,kannada calendar.in,ಪರಾಭವ ನಾಮ,kannada calendar.in,1948,kannada calendar.in,ಅಷ್ಟಮಿ,21:57,PV Calendar,ಕೃಷ್ಣ,kannada calendar.in,ಪೂರ್ವಾಭಾದ್ರ,ಮರುದಿನ 05:16,PV Calendar,ವಿಷ್ಕಂಭ,09:20,kannada calendar.in,ಬಾಲವ,15:30,kannada calendar.in,ಉತ್ತರಾಯಣ,kannada calendar.in,ವಷಭ,kannada calendar.in,ಕುಂಭ,kannada calendar.in,05:52,kannada calendar.in,18:44,kannada calendar.in,07:30 – 09:00,PV Calendar,13:30 – 15:00,PV Calendar,10:30 – 12:00,PV Calendar,09:00 – 10:30,kannada calendar.in,,,kannada calendar.in,ವಿಳಂಬ,ಲಾಭ,ಆಲೋಚನೆ,ಪರಿಶ್ರಮ,ಸಹಾಯ,ದುರಾಸೆ,ಪ್ರಯಾಣ,ಜುದ್ದಿವಂತಿಕೆ,ಸಂತೋಷ,ನಿರಾಶೆ,ಸಾಧನೆ,ಅಭಿವೃದ್ಧಿ
2026-06-09,ಅ.ಜ್ಯೇಷ್ಠ/ನಿ.ಜ್ಯೇಷ್ಠ,kannada calendar.in,ಪರಾಭವ ನಾಮ,kannada calendar.in,1948,kannada calendar.in,ನವಮಿ,21:04,PV Calendar,ಕೃಷ್ಣ,kannada calendar.in,ಉತ್ತರಾಭಾದ್ರ,ಮರುದಿನ 04:39,PV Calendar,ಶ್ರೀತಿ,08:15,kannada calendar.in,ತೈತಿಲ,15:06,kannada calendar.in,ಉತ್ತರಾಯಣ,kannada calendar.in,ವಷಭ,kannada calendar.in,ಮೀನ,kannada calendar.in,05:52,kannada calendar.in,18:45,kannada calendar.in,15:00 – 16:30,PV Calendar,12:00 – 13:30,PV Calendar,09:00 – 10:30,PV Calendar,07:30 – 09:00,kannada calendar.in,01:29 – 03:07,kannada calendar.in,kannada calendar.in,ಖರ್ಚು,ಪ್ರಯತ್ನ,ಕೀರ್ತಿ,ಅಲೆದಾಟ,ಗೊಂದಲ,ಕೋಪ,ಉಡುಗೊರೆ,ಅಲೋಚನೆ,ಗಮನ,ಪ್ರಗತಿ,ಭಕ್ತಿ,ವಿಶ್ರಾಂತಿ
2026-06-10,ಅ.ಜ್ಯೇಷ್ಠ/ನಿ.ಜ್ಯೇಷ್ಠ,kannada calendar.in,ಪರಾಭವ ನಾಮ,kannada calendar.in,1948,kannada calendar.in,ದಶಮಿ,19:41,PV Calendar,ಕೃಷ್ಣ,kannada calendar.in,ರೇವತಿ,ಮರುದಿನ 04:13,PV Calendar,ಯ್‌,06:30,kannada calendar.in,ವಣೆಜ,13:35,kannada calendar.in,ಉತ್ತರಾಯಣ,kannada calendar.in,ವಷಭ,kannada calendar.in,ಮೀನ,kannada calendar.in,05:52,kannada calendar.in,18:45,kannada calendar.in,12:00 – 13:30,PV Calendar,10:30 – 12:00,PV Calendar,07:30 – 09:00,PV Calendar,06:00 – 07:30,kannada calendar.in,04:37 – 06:12,kannada calendar.in,kannada calendar.in,ಲಾಭ,ಭಯ,ಪ್ರತಿರೋಧದ,ಕಾಟರ್ಕು  ಸಾಲ,ಅನುಕೂಲ,ಸಹಾಯ,ಖರ್ಚು,ಲಾಭ,ಆತಂಕ,ವಿಳಂಬ,ಪ್ರೀತಿ,ಸಮಸ್ಯೆ
2026-06-11,ಅ.ಜ್ಯೇಷ್ಠ/ನಿ.ಜ್ಯೇಷ್ಠ,kannada calendar.in,ಪರಾಭವ ನಾಮ,kannada calendar.in,1948,kannada calendar.in,ಏಕಾದಶಿ,18:12,PV Calendar,ಕೃಷ್ಣ,kannada calendar.in,ಅಶ್ವಿನಿ,ಮರುದಿನ 03:10,PV Calendar,ಶೋಭನ,ಮರುದಿನ 01:00,kannada calendar.in,ಬವ,11:53,kannada calendar.in,ಉತ್ತರಾಯಣ,kannada calendar.in,ವಷಭ,kannada calendar.in,ಮೀನ,kannada calendar.in,05:53,kannada calendar.in,18:45,kannada calendar.in,13:30 – 15:00,PV Calendar,09:00 – 10:30,PV Calendar,06:00 – 07:30,PV Calendar,03:00 – 04:30,kannada calendar.in,,,kannada calendar.in,ಸಂತೋಷ,ಪ್ರತಿರೋಧ,ಯಶಸ್ತು,ಆತಂಕ,ಭಯ,ಸ್ನೇಹ,ಪ್ರಗತಿ,ಸತೋಷ,ವಿಳಂಬ,ಸೌಮೃತೆ,ಪ್ರಯತ್ನ,ತಾಳ್ಮೆ
2026-06-12,ಅ.ಜ್ಯೇಷ್ಠ/ನಿ.ಜ್ಯೇಷ್ಠ,kannada calendar.in,ಪರಾಭವ ನಾಮ,kannada calendar.in,1948,kannada calendar.in,ದ್ವಾದಶಿ,16:17,PV Calendar,ಕೃಷ್ಣ,kannada calendar.in,ಭರಣಿ,ಮರುದಿನ 01:55,PV Calendar,ಅತಿಗಂಡ,21:26,kannada calendar.in,ಲವ,06:11,kannada calendar.in,ಉತ್ತರಾಯಣ,kannada calendar.in,ವಷಭ,kannada calendar.in,ಮೇಷ,kannada calendar.in,05:53,kannada calendar.in,18:45,kannada calendar.in,10:30 – 12:00,PV Calendar,07:30 – 09:00,PV Calendar,15:00 – 16:30,PV Calendar,,,,,kannada calendar.in,ಗೌರವ,ಶುಭ,ಸಾಲ,ಯಶಸ್ಸು,ಯಶಸ್ಸು,ಶ್ರೇಷ್ಠತೆ,ಖರ್ಚು,ಸಮಸ್ಯೆ,ಸಂತೋಷ,ವಿಳಂಬ,ಆತಂಕ,ಅನಾರೋಗ್ಯ
2026-06-13,ಅ.ಜ್ಯೇಷ್ಠ/ನಿ.ಜ್ಯೇಷ್ಠ,kannada calendar.in,ಪರಾಭವ ನಾಮ,kannada calendar.in,1948,kannada calendar.in,ತ್ರಯೋದಶಿ,14:03,PV Calendar,ಕೃಷ್ಣ,kannada calendar.in,ಕೃತ್ತಿಕಾ,12:23,PV Calendar,ಸುಕರ್ಮಾ,17:25,kannada calendar.in,ಸಟ,05:56,kannada calendar.in,ಉತ್ತರಾಯಣ,kannada calendar.in,ವಷಭ,kannada calendar.in,ಮೇಷ,kannada calendar.in,05:53,kannada calendar.in,18:46,kannada calendar.in,09:00 – 10:30,PV Calendar,06:00 – 07:30,PV Calendar,13:30 – 15:00,PV Calendar,,,11:09 – 12:34,kannada calendar.in,kannada calendar.in,ಒಳ್ಳೆಯದು,ವಿಶ್ರಾಂತಿ,ಖರ್ಚು,ಸಹಾಯ,ಮರೆವು,ದಾನ,ಅನುಕೂಲ,ಯಶಸ್ಸು,ಶಾಂತಿ,ಪ್ರಯತ್ನ,ಆಭಿವೃದ್ಧಿ,ಪ್ರತಿರೋಧ
2026-06-14,ಅ.ಜ್ಯೇಷ್ಠ/ನಿ.ಜ್ಯೇಷ್ಠ,kannada calendar.in,ಪರಾಭವ ನಾಮ,kannada calendar.in,1948,kannada calendar.in,ಚತುರ್ದಶಿ,11:42,PV Calendar,ಕೃಷ್ಣ,kannada calendar.in,ರೋಹಿಣಿ,22:47,PV Calendar,ಠೃತಿ,03:15,kannada calendar.in,ಚತುಷ್ಪಾದ,02:22,kannada calendar.in,ಉತ್ತರಾಯಣ,kannada calendar.in,ವಷಭ,kannada calendar.in,ವೃಷಭ,kannada calendar.in,05:53,kannada calendar.in,18:46,kannada calendar.in,16:30 – 18:00,PV Calendar,15:00 – 16:30,PV Calendar,12:00 – 13:30,PV Calendar,10:30 – 12:00,kannada calendar.in,07:26 – 08:50,kannada calendar.in,kannada calendar.in,ಭಕ್ತಿ,ಪ್ರಯತ್ನ,ಸೌಾಮತೆ,ಸಂತೋಷ,ಗೌರವ,ಯಶಸ್ಸು,ಪ್ರೀತಿ,ಆಸ್ತಿ,ಕೀರ್ತಿ,ಸಾಲ,ಒಳ್ಳೆಯದು,ಭಯ
2026-06-15,ಅ.ಜ್ಯೇಷ್ಠ/ನಿ.ಜ್ಯೇಷ್ಠ,kannada calendar.in,ಪರಾಭವ ನಾಮ,kannada calendar.in,1948,kannada calendar.in,ಅಮಾವಾಸ್ಯೆ,09:17,PV Calendar,ಕೃಷ್ಣ,kannada calendar.in,ಮೃಗಶಿರ,21:06,PV Calendar,೫,08:56,kannada calendar.in,ಕಿಂಸ್ತುಘ್ಣ,18:27,kannada calendar.in,ಉತ್ತರಾಯಣ,kannada calendar.in,ವೃಷಭ,kannada calendar.in,ವೃಷಭ,kannada calendar.in,05:53,kannada calendar.in,18:46,kannada calendar.in,07:30 – 09:00,PV Calendar,13:30 – 15:00,PV Calendar,10:30 – 12:00,PV Calendar,09:00 – 10:30,kannada calendar.in,11:28 – 12:52,kannada calendar.in,kannada calendar.in,ಯಶಸ್ಸು,ಭಯ,ಆಸಕಿ,ಪ್ರೀತೆ,ಜಿವನ,ಅನುಕೂಲ,ಯಶಸ್ಸು,ಮೆಚ್ಚುಗೆ,ಗೌರವ,ಪ್ರತಿರೋಧ,ಅಭಿವೃದ್ಧಿ,ಅನಾರೋಗ್ಯ
2026-06-16,ಅ.ಜ್ಯೇಷ್ಠ/ನಿ.ಜ್ಯೇಷ್ಠ,kannada calendar.in,ಪರಾಭವ ನಾಮ,kannada calendar.in,1948,kannada calendar.in,ಬಿದಿಗೆ,ಮರುದಿನ 04:17,PV Calendar,ಶುಕ್ಲ,kannada calendar.in,ಆರಿದ್ರಾ,19:28,PV Calendar,ವೃದ್ಧಿ,ಮರುದಿನ 00:35,kannada calendar.in,ಬಾಲವ,14:40,kannada calendar.in,ಉತ್ತರಾಯಣ,kannada calendar.in,ಮಿಥುನ,kannada calendar.in,ಮಿಥುನ,kannada calendar.in,05:53,kannada calendar.in,18:47,kannada calendar.in,15:00 – 16:30,PV Calendar,12:00 – 13:30,PV Calendar,09:00 – 10:30,PV Calendar,07:30 – 09:00,kannada calendar.in,07:25 – 08:50,kannada calendar.in,kannada calendar.in,ಅಭಿವೃದ್ದಿ,ಯಶಸ್ಸು,ಅಬಿವದಿ,ಒಳ್ಳೆಯದು,ಕೋಪ,ಅನಾರೋಗ್ಯ,ಪ್ರತಿರೋಧ,ದುಃಖ,ಪ್ರೀತಿ,ಕರುಣೆ,ಗೊಂದಲ,ಪರೀಕ್ಷೆ
2026-06-17,ಅ.ಜ್ಯೇಷ್ಠ/ನಿ.ಜ್ಯೇಷ್ಠ,kannada calendar.in,ಪರಾಭವ ನಾಮ,kannada calendar.in,1948,kannada calendar.in,ತದಿಗೆ,ಮರುದಿನ 02:02,PV Calendar,ಶುಕ್ಲ,kannada calendar.in,ಪುನರ್ವಸು,17:59,PV Calendar,ಥ್ರುವ,20:51,kannada calendar.in,ತ್ಮೈತಿಲ,11:12,kannada calendar.in,ಉತ್ತರಾಯಣ,kannada calendar.in,ಮಿಥುನ,kannada calendar.in,ಮಿಥುನ,kannada calendar.in,05:54,kannada calendar.in,18:47,kannada calendar.in,12:00 – 13:30,PV Calendar,10:30 – 12:00,PV Calendar,07:30 – 09:00,PV Calendar,06:00 – 07:30,kannada calendar.in,11:28 – 12:54,kannada calendar.in,kannada calendar.in,ಅಲೆದಾಟ,ಚಿಂತೆ,ಅನುಕೂಲ,ಕಾಟರ್ಕು ಯಶಸ್ಸು,ಪ್ರೀತಿ,ಪ್ರಯತ್ನ,ಯಶಸ್ಸು,ಕುತೂಹಲ,ಕೀರ್ತಿ,ಗಮನ,ಸ್ಪರ್ಧೆ,ಆಲೋಚನೆ
2026-06-18,ಅ.ಜ್ಯೇಷ್ಠ/ನಿ.ಜ್ಯೇಷ್ಠ,kannada calendar.in,ಪರಾಭವ ನಾಮ,kannada calendar.in,1948,kannada calendar.in,ಚೌತಿ,ಮರುದಿನ 00:02,PV Calendar,ಶುಕ್ಲ,kannada calendar.in,ಪುಷ್ಯ,16:41,PV Calendar,ವ್ಯಾಘಾತ,17:35,kannada calendar.in,ವಣಿಜ,08:14,kannada calendar.in,ಉತ್ತರಾಯಣ,kannada calendar.in,ಮಿಥುನ,kannada calendar.in,ಕರ್ಕ,kannada calendar.in,05:54,kannada calendar.in,18:47,kannada calendar.in,13:30 – 15:00,PV Calendar,09:00 – 10:30,PV Calendar,06:00 – 07:30,PV Calendar,15:00 – 16:30,kannada calendar.in,05:41 – 07:09,kannada calendar.in,kannada calendar.in,ಮೆಚ್ಚುಗೆ,ಕೋಪ,ಸಾಲ,ಭಯ,ಪ್ರತಿಭೆ,ಸಮಸ್ಯೆ,ಆನಂದ,ಆಸಕ್ತಿ,ಪ್ರತಿರೋಧ,ಸಂತೋಷ,ಅಭಿವೃದ್ಧಿ,ಸಹಾಯ
2026-06-19,ಅ.ಜ್ಯೇಷ್ಠ/ನಿ.ಜ್ಯೇಷ್ಠ,kannada calendar.in,ಪರಾಭವ ನಾಮ,kannada calendar.in,1948,kannada calendar.in,ಪಂಚಮಿ,22:17,PV Calendar,ಶುಕ್ಲ,kannada calendar.in,ಆಶ್ಲೇಷ,15:38,PV Calendar,ಹರ್ಷಣ,14:53,kannada calendar.in,ಕೌಲವ,ಮರುದಿನ 04:18,kannada calendar.in,ಉತ್ತರಾಯಣ,kannada calendar.in,ಮಿಥುನ,kannada calendar.in,ಕರ್ಕ,kannada calendar.in,05:54,kannada calendar.in,18:47,kannada calendar.in,10:30 – 12:00,PV Calendar,07:30 – 09:00,PV Calendar,15:00 – 16:30,PV Calendar,13:30 – 15:00,kannada calendar.in,08:36 – 10:06,kannada calendar.in,kannada calendar.in,ಮರೆವು,ನಿರಾಶೆ,ವಿಬಾಗ,ಬುದ್ದಿವಂತಿಕೆ,ಶ್ರದ್ದೆ,ಗೊಂದಲ,ಆಸಕ್ತಿ,ಸಹಾಯ,ಪ್ರೋತ್ಸಾಹ,ತಾಳ್ಮೆ,ಬಿಶ್ರಾಂತಿ,ಭಯ
2026-06-20,ಅ.ಜ್ಯೇಷ್ಠ/ನಿ.ಜ್ಯೇಷ್ಠ,kannada calendar.in,ಪರಾಭವ ನಾಮ,kannada calendar.in,1948,kannada calendar.in,ಷಷ್ಠಿ,20:52,PV Calendar,ಶುಕ್ಲ,kannada calendar.in,ಮಘ,14:53,PV Calendar,ವಜ್ರ,12:48,kannada calendar.in,ಗರಜ,ಮರುದಿನ 03:28,kannada calendar.in,ಉತ್ತರಾಯಣ,kannada calendar.in,ಮಿಥುನ,kannada calendar.in,ಸಿಂಹ,kannada calendar.in,05:54,kannada calendar.in,18:48,kannada calendar.in,09:00 – 10:30,PV Calendar,06:00 – 07:30,PV Calendar,13:30 – 15:00,PV Calendar,12:00 – 13:30,kannada calendar.in,07:06 – 08:39,kannada calendar.in,kannada calendar.in,ಅನುಕೂಲ,ಸಂಪತ್ತು,ಭಯ,ಯಶಸ್ಸು,ಅನಾರೋಗ್ಯ,ಪ ಸೌಮ್ಯತೆ,ಸಮಸ್ಸೆ,ಪ್ರೋತ್ಸಾಹ,ಪ್ರೋತ್ಸಾಹ,ಸಹಾಯ,ಮರೆವು,ಶಾಂತಿ
2026-06-21,ಅ.ಜ್ಯೇಷ್ಠ/ನಿ.ಜ್ಯೇಷ್ಠ,kannada calendar.in,ಪರಾಭವ ನಾಮ,kannada calendar.in,1948,kannada calendar.in,ಸಪ್ತಮಿ,20:05,PV Calendar,ಶುಕ್ಲ,kannada calendar.in,ಪುಬ್ಬ,14:39,PV Calendar,ಸಿದ್ದಿ,11:21,kannada calendar.in,ವಿಷ್ಠಿ,ಮರುದಿನ 03:25,kannada calendar.in,ದಕ್ಷಿಣಾಯನ,kannada calendar.in,ಮಿಥುನ,kannada calendar.in,ಸಿಂಹ,kannada calendar.in,05:54,kannada calendar.in,18:48,kannada calendar.in,16:30 – 18:00,PV Calendar,15:00 – 16:30,PV Calendar,12:00 – 13:30,PV Calendar,10:30 – 12:00,kannada calendar.in,03:06 – 04:42,kannada calendar.in,kannada calendar.in,ಭಯ,ಲಾಭ,ಸಾಲ,ಅನುಕೂಲ,ಪ್ರತಿರೋಧ,ಕೋಪ,ಮರೆವು,ಭಕ್ತಿ,ಮೆಚ್ಚುಗೆ,ಯೋಗ,ಸಂತೋಷ,ಆಸಕ್ತಿ
2026-06-22,ಅ.ಜ್ಯೇಷ್ಠ/ನಿ.ಜ್ಯೇಷ್ಠ,kannada calendar.in,ಪರಾಭವ ನಾಮ,kannada calendar.in,1948,kannada calendar.in,ಅಷ್ಟಮಿ,19:34,PV Calendar,ಶುಕ್ಲ,kannada calendar.in,ಉತ್ತರ,14:48,PV Calendar,ವ್ಯಕೀಪಾತ,10:31,kannada calendar.in,ಬಾಲವ,ಮರುದಿನ 04:06,kannada calendar.in,ದಕ್ಷಿಣಾಯನ,kannada calendar.in,ಮಿಥುನ,kannada calendar.in,ಕನ್ಯಾ,kannada calendar.in,05:55,kannada calendar.in,18:48,kannada calendar.in,07:30 – 09:00,PV Calendar,13:30 – 15:00,PV Calendar,10:30 – 12:00,PV Calendar,09:00 – 10:30,kannada calendar.in,02:55 – 04:34,kannada calendar.in,kannada calendar.in,ಸಂಪತ್ತು,ಪ್ರೋತ್ಸಾಹ,ಸಂತೋಷ,ಭಯ,ಮರೆವು,ವಿಶ್ರಾಂತಿ,ವಿಭಾಗ,ದಾನ,ಸೌಮ್ಯತೆ,ಕೋಪ,ಶಾಂತಿ,ಶುಭ
2026-06-23,ಅ.ಜ್ಯೇಷ್ಠ/ನಿ.ಜ್ಯೇಷ್ಠ,kannada calendar.in,ಪರಾಭವ ನಾಮ,kannada calendar.in,1948,kannada calendar.in,ನವಮಿ,19:34,PV Calendar,ಶುಕ್ಲ,kannada calendar.in,ಹಸ್ತ,15:27,PV Calendar,ವರೀಯಾನ,16:10,kannada calendar.in,ತೈತಿಲ,ಮರುದಿನ 05:23,kannada calendar.in,ದಕ್ಷಿಣಾಯನ,kannada calendar.in,ಮಿಥುನ,kannada calendar.in,ಕನ್ಯಾ,kannada calendar.in,05:55,kannada calendar.in,18:48,kannada calendar.in,15:00 – 16:30,PV Calendar,12:00 – 13:30,PV Calendar,09:00 – 10:30,PV Calendar,07:30 – 09:00,kannada calendar.in,05:31 – 07:13,kannada calendar.in,kannada calendar.in,ಕರುಣೆ,ಸಹಾಯ,ಆನಂದ,ಪ್ರಯತ್ನ,ಪ್ರೀತಿ,ಪ ಬುದ್ಧವಂತಿಕೆ,ಉಡುಗೊರೆ,ಕುತೂಹಲ,ಅನುಕೂಲ,ಗೌರವ,ಯಶಸ್ಸು,ಅಭಿವೃದ್ಧಿ
2026-06-24,ಅ.ಜ್ಯೇಷ್ಠ/ನಿ.ಜ್ಯೇಷ್ಠ,kannada calendar.in,ಪರಾಭವ ನಾಮ,kannada calendar.in,1948,kannada calendar.in,ದಶಮಿ,20:08,PV Calendar,ಶುಕ್ಲ,kannada calendar.in,ಚಿತ್ತಾ,16:27,PV Calendar,ಪರಿಘ,10:23,kannada calendar.in,ವಣಿಜ,—,kannada calendar.in,ದಕ್ಷಿಣಾಯನ,kannada calendar.in,ಮಿಥುನ,kannada calendar.in,ತುಲಾ,kannada calendar.in,05:55,kannada calendar.in,18:48,kannada calendar.in,12:00 – 13:30,PV Calendar,10:30 – 12:00,PV Calendar,07:30 – 09:00,PV Calendar,06:00 – 07:30,kannada calendar.in,07:01 – 08:46,kannada calendar.in,kannada calendar.in,ಶಾಂತಿ,ಅಭಿವೃದ್ಧಿ,ಸಂತೋಷ,ಲಾಭ,ಸಾಲ,ಪ್ರೀತಿ,ಸ್ನೇಹ,ಖರ್ಚು,ಯಶಸ್ಸು,ಭಕ್ಷಿ,ಯಶಸ್ಸು,ಪ್ರತಿರೋಧ
2026-06-25,ಅ.ಜ್ಯೇಷ್ಠ/ನಿ.ಜ್ಯೇಷ್ಠ,kannada calendar.in,ಪರಾಭವ ನಾಮ,kannada calendar.in,1948,kannada calendar.in,ಏಕಾದಶಿ,21:08,PV Calendar,ಶುಕ್ಲ,kannada calendar.in,ಸ್ವಾತಿ,18:14,PV Calendar,ಶಿವ,10:54,kannada calendar.in,ವಣಿಜ,07:09,kannada calendar.in,ದಕ್ಷಿಣಾಯನ,kannada calendar.in,ಮಿಥುನ,kannada calendar.in,ತುಲಾ,kannada calendar.in,05:55,kannada calendar.in,18:40,kannada calendar.in,13:30 – 15:00,PV Calendar,09:00 – 10:30,PV Calendar,06:00 – 07:30,PV Calendar,15:00 – 16:30,kannada calendar.in,06:46 – 08:32,kannada calendar.in,kannada calendar.in,ಪ್ರೀತಿ,ದುರಾಸೆ,ಸರ್ಧೆ,ಅನುಕೂಲ,ಅಭಿವೃದ್ದಿ,ಬ ಸಾಲ್‌,ಖರ್ಚು,ಭರವಸೆ,ಪ್ರೋತ್ಸಾಹ,ಆಲೋಚನೆ,ಪ್ರಯತ್ನ,ಪ್ರೀತಿ
2026-06-26,ಅ.ಜ್ಯೇಷ್ಠ/ನಿ.ಜ್ಯೇಷ್ಠ,kannada calendar.in,ಪರಾಭವ ನಾಮ,kannada calendar.in,1948,kannada calendar.in,ದ್ವಾದಶಿ,22:35,PV Calendar,ಶುಕ್ಲ,kannada calendar.in,ವಿಶಾಖ,20:15,PV Calendar,ಸಿದ್ದ,11:36,kannada calendar.in,ಬವ,09:15,kannada calendar.in,ದಕ್ಷಿಣಾಯನ,kannada calendar.in,ಮಿಥುನ,kannada calendar.in,ತುಲಾ,kannada calendar.in,05:55,kannada calendar.in,18:40,kannada calendar.in,10:30 – 12:00,PV Calendar,07:30 – 09:00,PV Calendar,15:00 – 16:30,PV Calendar,13:30 – 15:00,kannada calendar.in,09:26 – 11:14,kannada calendar.in,kannada calendar.in,ನಿರಾಶೆ,ಜೀವನ,ಸೌಮೃ್ಯತೆ,ಭಯ,ನಿಷೇಧ,ಖರ್ಚು,ಬಲ,ಕಷ್ಟ,ಲಾಭ,ಲಾಭ,ಯಶಸ್ಸು,ಸಾಲ
2026-06-27,ಅ.ಜ್ಯೇಷ್ಠ/ನಿ.ಜ್ಯೇಷ್ಠ,kannada calendar.in,ಪರಾಭವ ನಾಮ,kannada calendar.in,1948,kannada calendar.in,ತ್ರಯೋದಶಿ,ಮರುದಿನ 00:23,PV Calendar,ಶುಕ್ಲ,kannada calendar.in,ಅನೂರಾಧ,22:39,PV Calendar,ಸಾಧ್ಯ,12:32,kannada calendar.in,ಕೌಲವ,11:33,kannada calendar.in,ದಕ್ಷಿಣಾಯನ,kannada calendar.in,ಮಿಥುನ,kannada calendar.in,ವೃಶ್ಚಿಕ,kannada calendar.in,05:56,kannada calendar.in,18:40,kannada calendar.in,09:00 – 10:30,PV Calendar,06:00 – 07:30,PV Calendar,13:30 – 15:00,PV Calendar,12:00 – 13:30,kannada calendar.in,10:31 – 12:19,kannada calendar.in,kannada calendar.in,ಪ್ರೋತ್ಸಾಹ,ಔಂತ,ಅನುಕೂಲ,ಪರಿಶ್ರಮ,ಸಂತೋಷ,ಯಶಸ್ಸು,ಗೊಂದಲ,ಲಾಭ,ಸಂತೋಷ,ಅನುಕೂಲ,ಭಯ,ಸ್ನೇಹ
2026-06-28,ಅ.ಜ್ಯೇಷ್ಠ/ನಿ.ಜ್ಯೇಷ್ಠ,kannada calendar.in,ಪರಾಭವ ನಾಮ,kannada calendar.in,1948,kannada calendar.in,ಚತುರ್ದಶಿ,ಮರುದಿನ 02:23,PV Calendar,ಶುಕ್ಲ,kannada calendar.in,ಜ್ಯೇಷ್ಠ,ಮರುದಿನ 01:15,PV Calendar,ಶುಭ,13:36,kannada calendar.in,ಗರಜ,13:56,kannada calendar.in,ದಕ್ಷಿಣಾಯನ,kannada calendar.in,ಮಿಥುನ,kannada calendar.in,ವೃಶ್ಚಿಕ,kannada calendar.in,05:56,kannada calendar.in,18:40,kannada calendar.in,16:30 – 18:00,PV Calendar,15:00 – 16:30,PV Calendar,12:00 – 13:30,PV Calendar,10:30 – 12:00,kannada calendar.in,15:15 – 17:03,kannada calendar.in,kannada calendar.in,ಪ್ರಗತಿ,ಸಂತೋಷ,ಪ್ರಯತ್ನ,ಸಂತೋಷ,ಸಾಲ,ಸಮಸ್ಯೆ,ಪ್ರತಿರೋಧ,ಯಶಸ್ಸು,ಸ್ಪರ್ಧೆ,ಗೌರವ,ಅಭಿವೃದ್ಧಿ,ಅನುಕೂಲ
2026-06-29,ಅ.ಜ್ಯೇಷ್ಠ/ನಿ.ಜ್ಯೇಷ್ಠ,kannada calendar.in,ಪರಾಭವ ನಾಮ,kannada calendar.in,1948,kannada calendar.in,ಪೂರ್ಣಿಮಾ,ಮರುದಿನ 04:26,PV Calendar,ಶುಕ್ಲ,kannada calendar.in,ಮೂಲ,ಮರುದಿನ 03:54,PV Calendar,ಶುಕ್ಹ,14:26,kannada calendar.in,ಏಿಷ್ಟಿ,16:17,kannada calendar.in,ದಕ್ಷಿಣಾಯನ,kannada calendar.in,ಮಿಥುನ,kannada calendar.in,ಧನು,kannada calendar.in,05:56,kannada calendar.in,18:40,kannada calendar.in,07:30 – 09:00,PV Calendar,13:30 – 15:00,PV Calendar,10:30 – 12:00,PV Calendar,09:00 – 10:30,kannada calendar.in,08:53 – 10:40,kannada calendar.in,kannada calendar.in,ಲಾಭ,ಪ್ರೋತ್ಸಾಹ,ಕೀರ್ತಿ,ಸಾಲ,ಆನಂದ,ಪ್ರೋತ್ಸಾಹ,ಯಶಸ್ಸು,ಸ್ನೇಹ,ಅಭಿವೃದ್ದಿ,ಪ್ರೋತ್ಸಾಹ,ಆಭಿವೃದ್ಧಿ,ಸಂಪತ್ತು
2026-06-30,ಅ.ಜ್ಯೇಷ್ಠ/ನಿ.ಜ್ಯೇಷ್ಠ,kannada calendar.in,ಪರಾಭವ ನಾಮ,kannada calendar.in,1948,kannada calendar.in,ಪಾಡ್ಯ,—,PV Calendar,ಕೃಷ್ಣ,kannada calendar.in,ಪೂರ್ವಾಷಾಢ,—,PV Calendar,ಜ್ರಹ್ಮಾ,15:16,kannada calendar.in,ಬಾಲವ,18:34,kannada calendar.in,ದಕ್ಷಿಣಾಯನ,kannada calendar.in,ಮಿಥುನ,kannada calendar.in,ಧನು,kannada calendar.in,05:57,kannada calendar.in,18:40,kannada calendar.in,15:00 – 16:30,PV Calendar,12:00 – 13:30,PV Calendar,09:00 – 10:30,PV Calendar,07:30 – 09:00,kannada calendar.in,,,kannada calendar.in,ಪ್ರಗತಿ,ನರಾಶೆ,ಪ್ರೀತಿ,ಆನಂದ,ಪ್ರೀತಿ,ಯಶಸ್ಸು,ಕೀರ್ತಿ,ಒಳ್ಳೆಯದು,ಮೆಚ್ಚುಗೆ,ಅಭಿವೃದಿ,ಪ್ರೋತ್ಸಾಹ,ತಾಳ್ಮೆ
2026-07-01,ನಿಜ ಜ್ಯೇಷ್ಠ/ಆಷಾಢ,kannada calendar.in,ಪರಾಭವ,kannada calendar.in,1948,kannada calendar.in,ಪಾಡ್ಯ,06:17,PV Calendar,ಕೃಷ್ಣ,kannada calendar.in,ಪೂರ್ವಾಷಾಢ,06:22,PV Calendar,ಐಂದ್ರ,16:04,kannada calendar.in,ತೈತಿಲ,20:40,kannada calendar.in,ದಕ್ಷಿಣಾಯನ,kannada calendar.in,ಮಿಹುನ,kannada calendar.in,ಧನು,kannada calendar.in,05:57,kannada calendar.in,18:49,kannada calendar.in,12:00 – 13:30,PV Calendar,10:30 – 12:00,PV Calendar,07:30 – 09:00,PV Calendar,06:00 – 07:30,kannada calendar.in,01:29 – 03:17,kannada calendar.in,kannada calendar.in,ಮೆಚ್ಚುಗೆ,ಪ್ರೋತ್ಸಾಹ,ಬಲ,ಲಾಭ,ವಿನಯ,ಗೌರವ,ಸ್ನೇಹ,ಯಶಸ್ಸು,ಒಳ್ಳೆಯ ಕೆಲಸ,ಒಳೆಯದು,ತಾಳ್ಮೆ,ಚಿಂತೆ
2026-07-02,ನಿಜ ಜ್ಯೇಷ್ಠ/ಆಷಾಢ,kannada calendar.in,ಪರಾಭವ,kannada calendar.in,1948,kannada calendar.in,ಬಿದಿಗೆ,07:52,PV Calendar,ಕೃಷ್ಣ,kannada calendar.in,ಉತ್ತರಾಷಾಢ,08:36,PV Calendar,ವೈಧೃತಿ,16:39,kannada calendar.in,ವಣಿಜ,22:32,kannada calendar.in,ದಕ್ಷಿಣಾಯನ,kannada calendar.in,ಮಿಹುನ,kannada calendar.in,ಮಕರ,kannada calendar.in,05:57,kannada calendar.in,18:50,kannada calendar.in,13:30 – 15:00,PV Calendar,09:00 – 10:30,PV Calendar,06:00 – 07:30,PV Calendar,,,02:21 – 04:08,kannada calendar.in,kannada calendar.in,ಒಳ್ಳೆಯ ಕೆಲಸ,ಯಶಸ್ಸು,ಸೌಮೃತೆ,ಸ್ಪರ್ಧೆ,ಲಾಭ,ಅಸೂಯೆ,ಸಮಸ್ಯೆ,ಪ್ರಯತ್ನ,ಭಕ್ತಿ,ವಿನಯ,ಬುದ್ಧಿವಂತಿಕೆ,ಸಂಶತ್ತು
2026-07-03,ನಿಜ ಜ್ಯೇಷ್ಠ/ಆಷಾಢ,kannada calendar.in,ಪರಾಭವ,kannada calendar.in,1948,kannada calendar.in,ತದಿಗೆ,08:57,PV Calendar,ಕೃಷ್ಣ,kannada calendar.in,ಶ್ರವಣ,10:19,PV Calendar,ಎಿಷ್ಠಂಭ,17:00,kannada calendar.in,ಬವ,ಮರುದಿನ 00:04,kannada calendar.in,ದಕ್ಷಿಣಾಯನ,kannada calendar.in,ಮಿಹುನ,kannada calendar.in,ಮಕರ,kannada calendar.in,05:57,kannada calendar.in,18:50,kannada calendar.in,10:30 – 12:00,PV Calendar,07:30 – 09:00,PV Calendar,15:00 – 16:30,PV Calendar,13:30 – 15:00,kannada calendar.in,,,kannada calendar.in,ಸಾಲ,ಕೋಪ,ಸಹಾಯ,ಮೆಚ್ಚುಗೆ,ಅನುಕೂಲ,ಕೀರ್ತಿ,ಅಭಿವೃದ್ದಿ,ಗೌರವ,ಕೋಪ,ಉಡುಗೊರೆ,ಅಭಿವೃದ್ಧಿ,ಶಾಂತಿ
2026-07-04,ನಿಜ ಜ್ಯೇಷ್ಠ/ಆಷಾಢ,kannada calendar.in,ಪರಾಭವ,kannada calendar.in,1948,kannada calendar.in,ಚೌತಿ,09:45,PV Calendar,ಕೃಷ್ಣ,kannada calendar.in,ಧನಿಷ್ಠ,11:45,PV Calendar,ಶ್ರೀತಿ,17:60,kannada calendar.in,ಕೌಲವ,ಮರುದಿನ 01:10,kannada calendar.in,ದಕ್ಷಿಣಾಯನ,kannada calendar.in,ಮಿಹುನ,kannada calendar.in,ಕುಂಭ,kannada calendar.in,05:57,kannada calendar.in,18:50,kannada calendar.in,09:00 – 10:30,PV Calendar,06:00 – 07:30,PV Calendar,13:30 – 15:00,PV Calendar,12:00 – 13:30,kannada calendar.in,02:29 – 04:12,kannada calendar.in,kannada calendar.in,ಉತ್ಸಾಹ,ಯಶಸ್ಸು,ಅನುಕೂಲ,ಖರ್ಚು,ಮೆಚ್ಚುಗೆ,ಪ್ರತಿರೋಧ,ಒಳ್ಳೆಯ ಕೆಲಸ,ಪ್ರಯತ್ನ,ಪಶ್ಚಾತ್ತಾಪ,ಸಂತೋಷ,ಗೌರವ,ಸಮಸ್ಯ
2026-07-05,ನಿಜ ಜ್ಯೇಷ್ಠ/ಆಷಾಢ,kannada calendar.in,ಪರಾಭವ,kannada calendar.in,1948,kannada calendar.in,ಪಂಚಮಿ,09:50,PV Calendar,ಕೃಷ್ಣ,kannada calendar.in,ಶತಭಿಷ,12:32,PV Calendar,ಆಯುಷ್ಕಾನ,16:46,kannada calendar.in,ಗರಜ,ಮರುದಿನ 01:44,kannada calendar.in,ದಕ್ಷಿಣಾಯನ,kannada calendar.in,ಮಿಹುನ,kannada calendar.in,ಕುಂಭ,kannada calendar.in,05:58,kannada calendar.in,18:50,kannada calendar.in,16:30 – 18:00,PV Calendar,15:00 – 16:30,PV Calendar,12:00 – 13:30,PV Calendar,10:30 – 12:00,kannada calendar.in,07:34 – 09:16,kannada calendar.in,kannada calendar.in,ಒಳ್ಳೆಯ ಕೆಲಸ,ಅಸಕ್ತಿ,ಯಶಸ್ಸು,ಸಂತೋಷ,ಒಳ್ಳೆಯದು,ಪಶ್ಚಾತ್ತಾಪ,ಅನುಕೂಲ,ಸ್ನೇಹ,ಶಾಂತಿ,ಸಾಲ,ಮೆಚ್ಚುಗೆ,ಪ್ರಯತ್ನ
2026-07-06,ನಿಜ ಜ್ಯೇಷ್ಠ/ಆಷಾಢ,kannada calendar.in,ಪರಾಭವ,kannada calendar.in,1948,kannada calendar.in,ಷಷ್ಠಿ,09:37,PV Calendar,ಕೃಷ್ಣ,kannada calendar.in,ಪೂರ್ವಾಭಾದ್ರ,12:57,PV Calendar,ಸೌಭಾಗ್ಯ,15:51,kannada calendar.in,ಏಿಷ್ಟಿ,ಮರುದಿನ 01:42,kannada calendar.in,ದಕ್ಷಿಣಾಯನ,kannada calendar.in,ಮಿಹುನ,kannada calendar.in,ಕುಂಭ,kannada calendar.in,05:58,kannada calendar.in,18:50,kannada calendar.in,07:30 – 09:00,PV Calendar,13:30 – 15:00,PV Calendar,10:30 – 12:00,PV Calendar,09:00 – 10:30,kannada calendar.in,07:49 – 09:29,kannada calendar.in,kannada calendar.in,ಗೌರವ,ಯಶಸ್ಸು,ಪ್ರಯತ್ನ,ಯಶಸ್ಸು,ಶ್ರೇಷ್ಠತೆ,ಪ್ರೋತ್ಸಾಹ,ಆಲೋಚನೆ,ಅಭಿವೃದ್ದಿ,ಸಹಾಯ,ಆತಂಕ,ಪ್ರಯಾಣ,ಒಳ್ಳೆಯ ಕೆಲಸ
2026-07-07,ನಿಜ ಜ್ಯೇಷ್ಠ/ಆಷಾಢ,kannada calendar.in,ಪರಾಭವ,kannada calendar.in,1948,kannada calendar.in,ಸಪ್ತಮಿ,08:45,PV Calendar,ಕೃಷ್ಣ,kannada calendar.in,ಉತ್ತರಾಭಾದ್ರ,12:46,PV Calendar,ಶೋಭನ,14:31,kannada calendar.in,ಬಾಲವ,ಮರುದಿನ 00:59,kannada calendar.in,ದಕ್ಷಿಣಾಯನ,kannada calendar.in,ಮಿಹುನ,kannada calendar.in,ಮೀನ,kannada calendar.in,05:58,kannada calendar.in,18:50,kannada calendar.in,15:00 – 16:30,PV Calendar,12:00 – 13:30,PV Calendar,09:00 – 10:30,PV Calendar,07:30 – 09:00,kannada calendar.in,,,kannada calendar.in,ಆಲೋಚನೆ,ಅನುಕೂಲ,ಖರ್ಚು,ಪ್ರತಿರೋಧ,ಪರಿಶ್ರಮ,ಸಂತೋಷ,ಆಸೆ,ಯಶಸ್ಸು,ಲಾಭ,ಉಡುಗೊರೆ,ಪ್ರೀತಿ,ಶ್ರೇಷ್ಠತೆ
2026-07-08,ನಿಜ ಜ್ಯೇಷ್ಠ/ಆಷಾಢ,kannada calendar.in,ಪರಾಭವ,kannada calendar.in,1948,kannada calendar.in,ನವಮಿ,ಮರುದಿನ 05:46,PV Calendar,ಕೃಷ್ಣ,kannada calendar.in,ರೇವತಿ,12:17,PV Calendar,ಅತಿಗಂಡ,12:38,kannada calendar.in,ತೈತಿಲ,23:35,kannada calendar.in,ದಕ್ಷಿಣಾಯನ,kannada calendar.in,ಮಿಹುನ,kannada calendar.in,ಮೀನ,kannada calendar.in,05:59,kannada calendar.in,18:50,kannada calendar.in,12:00 – 13:30,PV Calendar,10:30 – 12:00,PV Calendar,07:30 – 09:00,PV Calendar,06:00 – 07:30,kannada calendar.in,13:38 – 15:13,kannada calendar.in,kannada calendar.in,ಯಶಸ್ತ್ಸು,ಚಿಂತೆ,ಕೀರ್ತಿ,ಭಯ,ಸಾಲ,ಒಳ್ಳೆಯದು,ಉತ್ಸಾಹ,ಕುತೂಹಲ,ಅಭಿವೃದ್ದಿ,ಪತಿರೋಧ,ಸ್ಪರ್ಧೆ,ಭಕ್ತಿ
2026-07-09,ನಿಜ ಜ್ಯೇಷ್ಠ/ಆಷಾಢ,kannada calendar.in,ಪರಾಭವ,kannada calendar.in,1948,kannada calendar.in,ದಶಮಿ,ಮರುದಿನ 04:04,PV Calendar,ಕೃಷ್ಣ,kannada calendar.in,ಅಶ್ವಿನಿ,11:22,PV Calendar,ಸುಕರ್ಮಾ,10:12,kannada calendar.in,ವಣಿಜ,21:32,kannada calendar.in,ದಕ್ಷಿಣಾಯನ,kannada calendar.in,ಮಿಹುನ,kannada calendar.in,ಮೇಷ,kannada calendar.in,05:59,kannada calendar.in,18:50,kannada calendar.in,13:30 – 15:00,PV Calendar,09:00 – 10:30,PV Calendar,06:00 – 07:30,PV Calendar,15:00 – 16:30,kannada calendar.in,08:03 – 09:35,kannada calendar.in,kannada calendar.in,ಒಳ್ಳೆಯದು,ನಿರಾಶೆ,ಮೆಚ್ಚುಗೆ,ಅನುಕೂಲ,ಜೀವನ,ವಿಶ್ರಾಂತಿ,ಯೋಗ,ಪ್ರಯತ್ನ,ಯಶಸ್ಸು,ಅಭಬಿವದಿ,ಅನಾರೋಗ್ಯ,ಸಹಾಯ
2026-07-10,ನಿಜ ಜ್ಯೇಷ್ಠ/ಆಷಾಢ,kannada calendar.in,ಪರಾಭವ,kannada calendar.in,1948,kannada calendar.in,ಏಕಾದಶಿ,ಮರುದಿನ 01:41,PV Calendar,ಕೃಷ್ಣ,kannada calendar.in,ಭರಣಿ,10:02,PV Calendar,೪,07:15,kannada calendar.in,ವಣಿಜ,21:32,kannada calendar.in,ದಕ್ಷಿಣಾಯನ,kannada calendar.in,ಮಿಹುನ,kannada calendar.in,ಮೇಷ,kannada calendar.in,05:59,kannada calendar.in,18:50,kannada calendar.in,10:30 – 12:00,PV Calendar,07:30 – 09:00,PV Calendar,15:00 – 16:30,PV Calendar,13:30 – 15:00,kannada calendar.in,08:47 – 10:16,kannada calendar.in,kannada calendar.in,ಕೀರ್ತಿ,ಆನಂದ,ಆತಂಕ,ದಯೆ,ಚಿಂತೆ,ಸಂಪತ್ತು,ಯಶಸ್ಸು,ನಿರಾಸೆ,ಉಡುಗೊರೆ,ಸಂತೋಷ,ಒಳ್ಳೆಯದು,ಪ್ರೀತಿ
2026-07-11,ನಿಜ ಜ್ಯೇಷ್ಠ/ಆಷಾಢ,kannada calendar.in,ಪರಾಭವ,kannada calendar.in,1948,kannada calendar.in,ದ್ವಾದಶಿ,23:27,PV Calendar,ಕೃಷ್ಣ,kannada calendar.in,ಕೃತ್ತಿಕಾ,08:44,PV Calendar,ಗಂಡ,ಮರುದಿನ 00:06,kannada calendar.in,ಕೌಲವ,15:47,kannada calendar.in,ದಕ್ಷಿಣಾಯನ,kannada calendar.in,ಮಿಹುನ,kannada calendar.in,ವೃಷಭ,kannada calendar.in,06:00,kannada calendar.in,18:50,kannada calendar.in,09:00 – 10:30,PV Calendar,06:00 – 07:30,PV Calendar,13:30 – 15:00,PV Calendar,12:30 – 13:30,kannada calendar.in,08:52 – 10:19,kannada calendar.in,kannada calendar.in,ಭಕ್ತಿ,ಲಾಭ,ಸಂತೋಷ,ಪ್ರೋತ್ಸಾಹ,ಸ್ನೇಹ,ಕೋಪ,ಸಾಲ,ಪ್ರೋತ್ಸಾಹ,ಅಭಿವೃದ್ದಿ,ದ್ವೇಷ,ಸ್ಪರ್ಧೆ,ಶಾಂತಿ
2026-07-12,ನಿಜ ಜ್ಯೇಷ್ಠ/ಆಷಾಢ,kannada calendar.in,ಪರಾಭವ,kannada calendar.in,1948,kannada calendar.in,ತ್ರಯೋದಶಿ,20:59,PV Calendar,ಕೃಷ್ಣ,kannada calendar.in,ರೋಹಿಣಿ,07:08,PV Calendar,ವೃದ್ದಿ,20:06,kannada calendar.in,ಗರಜ,12:19,kannada calendar.in,ದಕ್ಷಿಣಾಯನ,kannada calendar.in,ಮಿಹುನ,kannada calendar.in,ವೃಷಭ,kannada calendar.in,06:00,kannada calendar.in,18:50,kannada calendar.in,16:30 – 18:00,PV Calendar,15:00 – 16:30,PV Calendar,12:00 – 13:30,PV Calendar,10:30 – 12:00,kannada calendar.in,05:37 – 07:03,kannada calendar.in,kannada calendar.in,ಮೆಚ್ಚುಗೆ,ಆತಂಕ,ಖರ್ಚು,ಗಮನ,ಅನುಕೂಲ,ಗೌರವ,ಭಕ್ತಿ,ಪ್ರೀತಿ,ಯಶಸ್ಸು,ಸಾಲ,ತಾಳ್ಮೆ,ಚಿಂತೆ
2026-07-13,ನಿಜ ಜ್ಯೇಷ್ಠ/ಆಷಾಢ,kannada calendar.in,ಪರಾಭವ,kannada calendar.in,1948,kannada calendar.in,ಚತುರ್ದಶಿ,18:32,PV Calendar,ಕೃಷ್ಣ,kannada calendar.in,ಆರಿದ್ರಾ,ಮರುದಿನ 03:46,PV Calendar,ಧ್ರುವ,16:10,kannada calendar.in,ಜಎಷ್ತರೆಯ,08:40,kannada calendar.in,ದಕ್ಷಿಣಾಯನ,kannada calendar.in,ಮಿಹುನ,kannada calendar.in,ಮಿಥುನ,kannada calendar.in,06:00,kannada calendar.in,18:50,kannada calendar.in,07:30 – 09:00,PV Calendar,13:30 – 15:00,PV Calendar,10:30 – 12:00,PV Calendar,09:00 – 10:30,kannada calendar.in,06:02 – 07:27,kannada calendar.in,kannada calendar.in,ತಾಳ್ಮೆ,ಒಳ್ಳೆಯ ಕೆಲಸ,ಲಾಭ,ಪ್ರೋತ್ಸಾಹ,ಸಾಲ,ಗಮನ,ಖರ್ಚು,ಕೀರ್ತಿ,ಮೆಚ್ಚುಗೆ,ಉತ್ಪಾಹ,ಪ್ರೀತಿ,ಭಕ್ತಿ
2026-07-14,ನಿಜ ಜ್ಯೇಷ್ಠ/ಆಷಾಢ,kannada calendar.in,ಪರಾಭವ,kannada calendar.in,1948,kannada calendar.in,ಅಮಾವಾಸ್ಯೆ,16:08,PV Calendar,ಕೃಷ್ಣ,kannada calendar.in,ಪುನರ್ವಸು,ಮರುದಿನ 02:13,PV Calendar,ವ್ಯಾಘಾತ,11:57,kannada calendar.in,ಕಿಂಸ್ತುಘ್ಹ,ಮರುದಿನ 01:30,kannada calendar.in,ದಕ್ಷಿಣಾಯನ,kannada calendar.in,ಮಿಹುನ,kannada calendar.in,ಮಿಥುನ,kannada calendar.in,06:00,kannada calendar.in,18:50,kannada calendar.in,15:00 – 16:30,PV Calendar,12:00 – 13:30,PV Calendar,09:00 – 10:30,PV Calendar,07:30 – 09:00,kannada calendar.in,10:01 – 11:27,kannada calendar.in,kannada calendar.in,ಆಲೋಚನೆ,ಸಹಾಯ,ಭಕ್ತಿ,ಆತಂಕ,ಯಶಸ್ಸು,ಅಭಿವೃದ್ಧಿ,ಮೆಚ್ಚುಗೆ,ಉಡುಗೊರೆ,ಸಂತೋಷ,ಅನುಕೂಲ,ಅನುಕೂಲ,ಯಶಸ್ಸು
2026-07-15,ನಿಜ ಜ್ಯೇಷ್ಠ/ಆಷಾಢ,kannada calendar.in,ಪರಾಭವ,kannada calendar.in,1948,kannada calendar.in,ಪಾಡ್ಯ,13:51,PV Calendar,ಶುಕ್ಲ,kannada calendar.in,ಪುಷ್ಯ,ಮರುದಿನ 00:48,PV Calendar,ಕ್ವ,08:04,kannada calendar.in,ಬಾಲವ,22:19,kannada calendar.in,ದಕ್ಷಿಣಾಯನ,kannada calendar.in,ಮಿಹುನ,kannada calendar.in,ಕರ್ಕ,kannada calendar.in,06:01,kannada calendar.in,18:50,kannada calendar.in,12:00 – 13:30,PV Calendar,10:30 – 12:00,PV Calendar,07:30 – 09:00,PV Calendar,06:00 – 07:30,kannada calendar.in,04:00 – 05:27,kannada calendar.in,kannada calendar.in,ಖರ್ಚು,ಆಸಕ್ತಿ,ವಿನಯ,ಪ್ರಯತ್ನ,ಆಲೋಚನೆ,ಆತಂಕ,ಯೋಗ,ನಿರಾಶೆ,ಶ್ರೇಷ್ಠತೆ,ಫ್ರೀತಿ,ಸಂತೋಷ,ಶಾಂತಿ
2026-07-16,ನಿಜ ಜ್ಯೇಷ್ಠ/ಆಷಾಢ,kannada calendar.in,ಪರಾಭವ,kannada calendar.in,1948,kannada calendar.in,ಬಿದಿಗೆ,11:49,PV Calendar,ಶುಕ್ಲ,kannada calendar.in,ಆಶ್ಲೇಷ,23:34,PV Calendar,ಸಿದ್ಧಿ,ಮರುದಿನ 01:22,kannada calendar.in,ತೈತಿಲ,19:36,kannada calendar.in,ದಕ್ಷಿಣಾಯನ,kannada calendar.in,ಮಿಥುನ,kannada calendar.in,ಕರ್ಕ,kannada calendar.in,06:01,kannada calendar.in,18:50,kannada calendar.in,13:30 – 15:00,PV Calendar,09:00 – 10:30,PV Calendar,06:00 – 07:30,PV Calendar,15:00 – 16:30,kannada calendar.in,06:23 – 07:52,kannada calendar.in,kannada calendar.in,ಕೀರ್ತಿ,ಪ್ರೀತಿ,ಅಭಬಿವದಿ,ಬುದ್ಧಿವಂತಿಕೆ,ಅಭವೃದ್ಧಿ,ಸ್ಪರ್ಧೆ,ಸರಿಪತ್ತು,ಪ್ರಯಾಣ,ಪ್ರತಿರೋಧ,ವಿಶಾಂತಿ,ಸಾಲ,ಅನುಕೂಲ
2026-07-17,ನಿಜ ಜ್ಯೇಷ್ಠ/ಆಷಾಢ,kannada calendar.in,ಪರಾಭವ,kannada calendar.in,1948,kannada calendar.in,ತದಿಗೆ,10:05,PV Calendar,ಶುಕ್ಲ,kannada calendar.in,ಮಘ,22:56,PV Calendar,ಪ್ಯತೀಪಾತ,22:46,kannada calendar.in,ವಣಿಜ,17:30,kannada calendar.in,ದಕ್ಷಿಣಾಯನ,kannada calendar.in,ಕರ್ಕ,kannada calendar.in,ಸಿಂಹ,kannada calendar.in,06:01,kannada calendar.in,18:50,kannada calendar.in,10:30 – 12:00,PV Calendar,07:30 – 09:00,PV Calendar,15:00 – 16:30,PV Calendar,13:30 – 15:00,kannada calendar.in,04:18 – 05:49,kannada calendar.in,kannada calendar.in,ಸರ್ಧೆ,ಅನುಕೂಲ,ಶ್ರೇಷತೆ,ಶ್ರೀತಿ,ಸಂತೋಷ,ಯಶಸ್ಸು,ಆಸಕ್ತಿ,ದಯೆ,ನಿಷೇಧ,ಅನುಕೂಲ,ಕೀರ್ತಿ,ಅಭಿವೃದ್ದಿ
2026-07-18,ನಿಜ ಜ್ಯೇಷ್ಠ/ಆಷಾಢ,kannada calendar.in,ಪರಾಭವ,kannada calendar.in,1948,kannada calendar.in,ಚೌತಿ,08:41,PV Calendar,ಶುಕ್ಲ,kannada calendar.in,ಪುಬ್ಬ,22:30,PV Calendar,ವರೀಯಾನ,20:46,kannada calendar.in,ಬವ,16:07,kannada calendar.in,ದಕ್ಷಿಣಾಯನ,kannada calendar.in,ಕರ್ಕ,kannada calendar.in,ಸಿಂಹ,kannada calendar.in,06:02,kannada calendar.in,18:40,kannada calendar.in,09:00 – 10:30,PV Calendar,06:00 – 07:30,PV Calendar,13:30 – 15:00,PV Calendar,12:30 – 13:30,kannada calendar.in,,,kannada calendar.in,ಆನಂದ,ಸಂತೋಷ,ಅಭಿವದಿ,ಖರ್ಚು,ಸ್ಪರ್ಧೆ,ಸಹಾಯ,ಲಾಭ,ಶುಭಸಮಾಚಾರ,ಯಶಸ್ಸು,ಭಯ,ನಿರಾಶೆ,ಆತಂಕ
2026-07-19,ನಿಜ ಜ್ಯೇಷ್ಠ/ಆಷಾಢ,kannada calendar.in,ಪರಾಭವ,kannada calendar.in,1948,kannada calendar.in,ಪಂಚಮಿ,07:42,PV Calendar,ಕೃಷ್ಣ,kannada calendar.in,ಉತ್ತರಾ,22:35,PV Calendar,ಪರಿಘ,19:23,kannada calendar.in,ಕೌಲವ,15:31,kannada calendar.in,ದಕ್ಷಿಣಾಯನ,kannada calendar.in,ಕರ್ಕ,kannada calendar.in,ಕನ್ಯಾ,kannada calendar.in,06:02,kannada calendar.in,18:40,kannada calendar.in,16:30 – 18:00,PV Calendar,15:00 – 16:30,PV Calendar,12:00 – 13:30,PV Calendar,10:30 – 12:00,kannada calendar.in,10:56 – 12:33,kannada calendar.in,kannada calendar.in,ತೊಂದರೆ,ಒಳ್ಳೆಯದು,ಶ್ರೇಷತೆ,ಯಶಸ್ಸು,ಶಾಂತಿ,ಉಡುಗೊರೆ,ಪ್ರತಿರೋಧ,ಚಿಂತೆ,ಲಾಭ,ಸಂಪತು,ಖರ್ಚು,ಆಸಕ್ತಿ
2026-07-20,ನಿಜ ಜ್ಯೇಷ್ಠ/ಆಷಾಢ,kannada calendar.in,ಪರಾಭವ,kannada calendar.in,1948,kannada calendar.in,ಷಷ್ಠಿ,07:11,PV Calendar,ಶುಕ್ಲ,kannada calendar.in,ಹಸ್ತಾ,23:06,PV Calendar,ಶಿವ,18:37,kannada calendar.in,ಗರಜ,15:41,kannada calendar.in,ದಕ್ಷಿಣಾಯನ,kannada calendar.in,ಕರ್ಕ,kannada calendar.in,ಕನ್ಯಾ,kannada calendar.in,06:02,kannada calendar.in,18:40,kannada calendar.in,07:30 – 09:00,PV Calendar,13:30 – 15:00,PV Calendar,10:30 – 12:00,PV Calendar,09:00 – 10:30,kannada calendar.in,12:55 – 14:36,kannada calendar.in,kannada calendar.in,ಯಶಸ್ಸು,ಆತಂಕ,ಪ್ರೀತಿ,ಕುತೂಹಲ,ಅನುಕೂಲ,ನಿರಾಶೆ,ಆಸೆ,ಗಮನ,ಆಸಕ್ತಿ,ಪತಿರೋಧ,ಸಂತೋಷ,ಪ್ರೀತಿ
2026-07-21,ನಿಜ ಜ್ಯೇಷ್ಠ/ಆಷಾಢ,kannada calendar.in,ಪರಾಭವ,kannada calendar.in,1948,kannada calendar.in,ಸಪ್ತಮಿ,07:41,PV Calendar,ಶುಕ್ಲ,kannada calendar.in,ಚಿತ್ತಾ,ಮರುದಿನ 00:10,PV Calendar,ಸಿದ್ದ,18:25,kannada calendar.in,ವಿಷ್ಟಿ,16:36,kannada calendar.in,ದಕ್ಷಿಣಾಯನ,kannada calendar.in,ಕರ್ಕ,kannada calendar.in,ಕನ್ಯಾ,kannada calendar.in,06:02,kannada calendar.in,18:40,kannada calendar.in,15:00 – 16:30,PV Calendar,12:00 – 13:30,PV Calendar,09:00 – 10:30,PV Calendar,07:30 – 09:00,kannada calendar.in,,,kannada calendar.in,ಗೌರವ,ಖರ್ಚು,ಕೀರ್ತಿ,ಸಂತೋಷ,ಸರ್ಧೆ,ಬ ಭ್ರ,ಫ್ರಯತ್ರ,ಅನುಕೂಲ,ಸಂಪತ್ತು,ಯಶಸ್ಸು,ಅಭಿವೃದ್ಧಿ,ಕೀರ್ತಿ
2026-07-22,ನಿಜ ಜ್ಯೇಷ್ಠ/ಆಷಾಢ,kannada calendar.in,ಪರಾಭವ,kannada calendar.in,1948,kannada calendar.in,ಅಷ್ಟಮಿ,07:41,PV Calendar,ಶುಕ್ಲ,kannada calendar.in,ಸ್ವಾತಿ,ಮರುದಿನ 01:40,PV Calendar,ಸಾಧ್ಯ,15:42,kannada calendar.in,ಬಾಲವ,18:07,kannada calendar.in,ದಕ್ಷಿಣಾಯನ,kannada calendar.in,ಕರ್ಕ,kannada calendar.in,ತುಲಾ,kannada calendar.in,06:03,kannada calendar.in,18:40,kannada calendar.in,12:00 – 13:30,PV Calendar,10:30 – 12:00,PV Calendar,07:30 – 09:00,PV Calendar,06:00 – 07:30,kannada calendar.in,13:26 – 15:11,kannada calendar.in,kannada calendar.in,ಲಾಭ,ಒಳ್ಳೆಯದು,ಸಂತೋಷ,ಖರ್ಚು,ದಯೆ,ಶಾಂತಿ,ಪ್ರತಿರೋಧ,ಆತಂಕ,ಭಯ,ಸಹಾಯ,ಪ್ರೋತ್ಸಾಹ,ಭಯ
2026-07-23,ನಿಜ ಜ್ಯೇಷ್ಠ/ಆಷಾಢ,kannada calendar.in,ಪರಾಭವ,kannada calendar.in,1948,kannada calendar.in,ನವಮಿ,08:41,PV Calendar,ಶುಕ್ಲ,kannada calendar.in,ವಿಶಾಖ,ಮರುದಿನ 03:40,PV Calendar,ಶುಭ,15:26,kannada calendar.in,ತೈತಿಲ,20:06,kannada calendar.in,ದಕ್ಷಿಣಾಯನ,kannada calendar.in,ಕರ್ಕ,kannada calendar.in,ತುಲಾ,kannada calendar.in,06:03,kannada calendar.in,18:40,kannada calendar.in,13:30 – 15:00,PV Calendar,09:00 – 10:30,PV Calendar,06:00 – 07:30,PV Calendar,15:00 – 16:30,kannada calendar.in,15:56 – 17:42,kannada calendar.in,kannada calendar.in,ಭಯ,ಯಶಸ್ಸು,ಪ್ರತಿರೋಧದ,ಸಂತೋಷ,ಶುಭ,ಮೆಚ್ಚುಗೆ,ಶ್ರೇಷತೆ,ಸ್ತ,ಆನಂದ,ನಿರಾಶೆ,ಅನುಕೂಲ,ಪ್ರಯತ್ನ
2026-07-24,ನಿಜ ಜ್ಯೇಷ್ಠ/ಆಷಾಢ,kannada calendar.in,ಪರಾಭವ,kannada calendar.in,1948,kannada calendar.in,ದಶಮಿ,10:07,PV Calendar,ಶುಕ್ಲ,kannada calendar.in,ಅನೂರಾಧ,—,PV Calendar,ಶುಕ್ಹ,20:12,kannada calendar.in,ವಣಿಜ,22:23,kannada calendar.in,ದಕ್ಷಿಣಾಯನ,kannada calendar.in,ಕರ್ಕ,kannada calendar.in,ವೃಶ್ಚಿಕ,kannada calendar.in,06:03,kannada calendar.in,18:48,kannada calendar.in,10:30 – 12:00,PV Calendar,07:30 – 09:00,PV Calendar,15:00 – 16:30,PV Calendar,13:30 – 15:00,kannada calendar.in,16:57 – 18:44,kannada calendar.in,kannada calendar.in,ಯಶಸ್ಸು,ಖರ್ಚು,ಮೆಚ್ಚುಗೆ,ಅನುಕೂಲ,ಶಾಂತಿ,ಸಹಾಯ,ಗಮನ,ಒಳ್ಳೆಯದು,ಲಾಭ,ಪೋತಾಹ,ಚಿಂತೆ,ಬುದ್ದಿವಂತಿಕೆ
2026-07-25,ನಿಜ ಜ್ಯೇಷ್ಠ/ಆಷಾಢ,kannada calendar.in,ಪರಾಭವ,kannada calendar.in,1948,kannada calendar.in,ಏಕಾದಶಿ,11:54,PV Calendar,ಶುಕ್ಲ,kannada calendar.in,ಅನುರಾಧ,06:04,PV Calendar,ಬ್ರಹ್ಮಾ,21:60,kannada calendar.in,ಬವ,ಮರುದಿನ 00:47,kannada calendar.in,ದಕ್ಷಿಣಾಯನ,kannada calendar.in,ಕರ್ಕ,kannada calendar.in,ವೃಶ್ಚಿಕ,kannada calendar.in,06:03,kannada calendar.in,18:48,kannada calendar.in,09:00 – 10:30,PV Calendar,06:00 – 07:30,PV Calendar,13:30 – 15:00,PV Calendar,12:00 – 13:30,kannada calendar.in,09:41 – 11:29,kannada calendar.in,kannada calendar.in,ಒಳ್ಳೆಯ ಕೆಲಸ,ಸೌಮ್ಯತೆ,ಶೇಷತೆ,ಕುತ್ಸಾಹ,ಯಶಸ್ಸು,ಅನಾರೋಗ್ಗ,ತೊಂದರೆ,ಅಭಿವೃದ್ದಿ,ಆಸಕ್ತಿ,ಸ್ಪೇಹ,ಆತಂಕ,ಸಂತೋಷ
2026-07-26,ನಿಜ ಜ್ಯೇಷ್ಠ/ಆಷಾಢ,kannada calendar.in,ಪರಾಭವ,kannada calendar.in,1948,kannada calendar.in,ದ್ವಾದಶಿ,13:50,PV Calendar,ಶುಕ್ಲ,kannada calendar.in,ಜ್ಯೇಷ್ಠ,08:36,PV Calendar,ಐಂದ್ರ,22:05,kannada calendar.in,ಕೌಲವ,ಮರುದಿನ 03:08,kannada calendar.in,ದಕ್ಷಿಣಾಯನ,kannada calendar.in,ಕರ್ಕ,kannada calendar.in,ವೃಶ್ಚಿಕ,kannada calendar.in,06:04,kannada calendar.in,18:48,kannada calendar.in,16:30 – 18:00,PV Calendar,15:00 – 16:30,PV Calendar,12:00 – 13:30,PV Calendar,10:30 – 12:00,kannada calendar.in,,,kannada calendar.in,ತಾಳ್ಮೆ,ಪ್ರೀತಿ,ಶಾಂತಿ,ಉಡುಗೊರೆ,ಲಾಭ,ಒಳ್ಳೆಯದು,ಕರುಣೆ,ಸಹಾಯ,ಯಶಸ್ಸು,ಚಿಂತೆ,ಅಭಿವೃದ್ಧಿ,ಪ್ರೋತ್ಸಾಹ
2026-07-27,ನಿಜ ಜ್ಯೇಷ್ಠ/ಆಷಾಢ,kannada calendar.in,ಪರಾಭವ,kannada calendar.in,1948,kannada calendar.in,ತ್ರಯೋದಶಿ,15:42,PV Calendar,ಶುಕ್ಲ,kannada calendar.in,ಮೂಲ,11:04,PV Calendar,ವೈಧೃತಿ,22:55,kannada calendar.in,ಗರಜ,ಮರುದಿನ 05:19,kannada calendar.in,ದಕ್ಷಿಣಾಯನ,kannada calendar.in,ಕರ್ಕ,kannada calendar.in,ಧನು,kannada calendar.in,06:04,kannada calendar.in,18:48,kannada calendar.in,07:30 – 09:00,PV Calendar,13:30 – 15:00,PV Calendar,10:30 – 12:00,PV Calendar,09:00 – 10:30,kannada calendar.in,03:18 – 05:05,kannada calendar.in,kannada calendar.in,ಮೆಚ್ಚಯಗೆ,ಕೀರ್ತಿ,ಆಸೆ,ಶಾಂತಿ,ಸಾಲ,ಗಮನ,ಪರಿಶ್ರಮ,ಸಂತೋಷ,ಉತ್ಸಾಹ,ಒಳ್ಳೆಯದು,ಶ್ರೇಷ್ಠತೆ,ಯಶಸ್ಸು
2026-07-28,ನಿಜ ಜ್ಯೇಷ್ಠ/ಆಷಾಢ,kannada calendar.in,ಪರಾಭವ,kannada calendar.in,1948,kannada calendar.in,ಚತುರ್ದಶಿ,17:45,PV Calendar,ಕೃಷ್ಣ,kannada calendar.in,ಪೂರ್ವಾಷಾಢ,13:44,PV Calendar,ವಿಷ್ಕಂಭ,23:33,kannada calendar.in,ವಿಷ್ಟಿ,—,kannada calendar.in,ದಕ್ಷಿಣಾಯನ,kannada calendar.in,ಕರ್ಕ,kannada calendar.in,ಧನು,kannada calendar.in,06:04,kannada calendar.in,18:47,kannada calendar.in,15:00 – 16:30,PV Calendar,12:00 – 13:30,PV Calendar,09:00 – 10:30,PV Calendar,07:30 – 09:00,kannada calendar.in,07:50 – 09:37,kannada calendar.in,kannada calendar.in,ಸಂತೋಷ,ಪ್ರಯತ್ನ,ಸರ್ಡೆ,ಶಸ್ತ್ರ,ಕೀರ್ತಿ,ಯಶಸ್ಸು,ಆಯಾಸ,ಆಸೆ,ಕಷ್ಟ,ಕೋಪ,ಖರ್ಚು,ದಯೆ
2026-07-29,ನಿಜ ಜ್ಯೇಷ್ಠ/ಆಷಾಢ,kannada calendar.in,ಪರಾಭವ,kannada calendar.in,1948,kannada calendar.in,ಪೂರ್ಣಿಮಾ,19:23,PV Calendar,ಶುಕ್ಲ,kannada calendar.in,ಉತ್ತರಾಷಾಢ,16:01,PV Calendar,ಪ್ರೀತಿ,23:58,kannada calendar.in,ವಿಷ್ಟಿ,07:15,kannada calendar.in,ದಕ್ಷಿಣಾಯನ,kannada calendar.in,ಕರ್ಕ,kannada calendar.in,ಮಕರ,kannada calendar.in,06:04,kannada calendar.in,18:48,kannada calendar.in,12:00 – 13:30,PV Calendar,10:30 – 12:00,PV Calendar,07:30 – 09:00,PV Calendar,06:00 – 07:30,kannada calendar.in,08:34 – 10:20,kannada calendar.in,kannada calendar.in,ಅಸೂಯೆ,ಒಳ್ಳೆಯ ಕೆಲಸ,ಕೀರ್ತಿ,ಕಾಟರ್ಕು ತಾಳ್ಮೆ,ಸರ್ಧೆ,ಜಸಕ್ತಿ,ಸಾಲ,ಬುದ್ದಿವಂತಿಕೆ,ಫ್ರೀತಿ,ಉತ್ಪಾಹ,ಧೈರ್ಯ,ಆನಂದ
2026-07-30,ನಿಜ ಜ್ಯೇಷ್ಠ/ಆಷಾಢ,kannada calendar.in,ಪರಾಭವ,kannada calendar.in,1948,kannada calendar.in,ಪಾಡ್ಯ,20:25,PV Calendar,ಶುಕ್ಲ,kannada calendar.in,ಶ್ರವಣ,17:47,PV Calendar,ಆಯುಷ್ಕಾನ,ಮರುದಿನ 00:05,kannada calendar.in,ಬಾಲವ,08:51,kannada calendar.in,ದಕ್ಷಿಣಾಯನ,kannada calendar.in,ಕರ್ಕ,kannada calendar.in,ಮಕರ,kannada calendar.in,06:04,kannada calendar.in,18:48,kannada calendar.in,13:30 – 15:00,PV Calendar,09:00 – 10:30,PV Calendar,06:00 – 07:30,PV Calendar,15:00 – 16:30,kannada calendar.in,06:24 – 08:09,kannada calendar.in,kannada calendar.in,ಅನುಕೂಲ,ಕೋಪ,ಅನುಕೂಲ,ಮೆಚ್ಚುಗೆ,ಕೀರ್ತಿ,ಶಾಂತಿ,ಫ್ರಯತ್ರ,ಪ್ರೋತ್ಸಾಹ,ಲಾಭ,ಆಸೆ,ಗೌರವ,ಪ್ರೋತ್ಸಾಹ
2026-07-31,ನಿಜ ಜ್ಯೇಷ್ಠ/ಆಷಾಢ,kannada calendar.in,ಪರಾಭವ,kannada calendar.in,1948,kannada calendar.in,ಬಿದಿಗೆ,21:18,PV Calendar,ಶುಕ್ಲ,kannada calendar.in,ಧನಿಷ್ಠ,19:22,PV Calendar,ಸೌಭಾಗ್ಯ,23:54,kannada calendar.in,ತೈತಿಲ,10:05,kannada calendar.in,ದಕ್ಷಿಣಾಯನ,kannada calendar.in,ಕರ್ಕ,kannada calendar.in,ಮಕರ,kannada calendar.in,06:05,kannada calendar.in,18:48,kannada calendar.in,10:30 – 12:00,PV Calendar,07:30 – 09:00,PV Calendar,15:00 – 16:30,PV Calendar,13:30 – 15:00,kannada calendar.in,08:18 – 10:00,kannada calendar.in,kannada calendar.in,ಯಶಸ್ಸು,ಸಹಾಯ,ಭಕಿ,ಕೋಪ,ಸಾಲ,ಕೀರ್ತಿ,ಸಂಪತು,ಲಾಭ,ಖರ್ಚು,ಅಭಿವದಿ,ಅನುಕೂಲ,ಯಶಸ್ಸು
2026-08-01,ಆಷಾಢ–ಶ್ರಾವಣ,kannada calendar.in,ಪರಾಭವ,kannada calendar.in,1948,kannada calendar.in,ತದಿಗೆ,21:33,PV Calendar,ಕೃಷ್ಣ,kannada calendar.in,ಶತಭಿಷ,20:21,PV Calendar,ಶೋಭನ,23:23,kannada calendar.in,ವಣೆಜ,10:55,kannada calendar.in,ದಕ್ಷಿಣಾಯನ,kannada calendar.in,ಕರ್ಕ,kannada calendar.in,ಕುಂಭ,kannada calendar.in,06:05,kannada calendar.in,18:46,kannada calendar.in,09:00 – 10:30,PV Calendar,06:00 – 07:30,PV Calendar,13:30 – 15:00,PV Calendar,12:00 – 13:30,kannada calendar.in,13:09 – 14:51,kannada calendar.in,kannada calendar.in,ನಿರಾಶೆ,ಗೌರವ,ಸ್ಟೇಹ,ಸೌಮ್ಯತೆ,ದುಃಖ,ಕೋಪ,ಯಶಸ್ಸು,ತೊಂದರೆ,ಅಭಿವೃದ್ಧಿ,ಆನಂದ,ಅಭಿವೃದ್ಧಿ,ಲಾಭ
2026-08-02,ಆಷಾಢ–ಶ್ರಾವಣ,kannada calendar.in,ಪರಾಭವ,kannada calendar.in,1948,kannada calendar.in,ಚೌತಿ,21:15,PV Calendar,ಕೃಷ್ಣ,kannada calendar.in,ಪೂರ್ವಾಭಾದ್ರ,20:48,PV Calendar,ಅತಿಗಂಡ,22:30,kannada calendar.in,ಬವ,11:15,kannada calendar.in,ದಕ್ಷಿಣಾಯನ,kannada calendar.in,ಕರ್ಕ,kannada calendar.in,ಕುಂಭ,kannada calendar.in,06:05,kannada calendar.in,18:46,kannada calendar.in,16:30 – 18:00,PV Calendar,15:00 – 16:30,PV Calendar,12:00 – 13:30,PV Calendar,,,13:19 – 14:59,kannada calendar.in,kannada calendar.in,ಚಿಂತೆ,ಪ್ರಾಮಾಣಿಕತೆ,ಆಸಕ್ಕಿ,ಉಡುಗೊರೆ,ಮೆಚ್ಚುಗೆ,ಅಭಿವೃದ್ಧಿ,ಪ್ರಯಾಣ,ವಿಶ್ರಾಂತಿ,ಭಕ್ತಿ,ಕುತೂಹಲ,ಗಮನ,ಅನುಕೂಲ
2026-08-03,ಆಷಾಢ–ಶ್ರಾವಣ,kannada calendar.in,ಪರಾಭವ,kannada calendar.in,1948,kannada calendar.in,ಪಂಚಮಿ,20:29,PV Calendar,ಕೃಷ್ಣ,kannada calendar.in,ಉತ್ತರಾಭಾದ್ರ,20:47,PV Calendar,ಸುಕರ್ಮಾ,21:14,kannada calendar.in,ಲವ,11:50,kannada calendar.in,ದಕ್ಷಿಣಾಯನ,kannada calendar.in,ಕರ್ಕ,kannada calendar.in,ಮೀನ,kannada calendar.in,06:05,kannada calendar.in,18:46,kannada calendar.in,07:30 – 09:00,PV Calendar,13:30 – 15:00,PV Calendar,10:30 – 12:00,PV Calendar,09:00 – 10:30,kannada calendar.in,05:07 – 06:45,kannada calendar.in,kannada calendar.in,ಸ್ನೇಹ,ಲಾಭ,ಸಹಾಯ,ಅನುಕೂಲ,ಲಾಭ,ಯಶಸ್ಸು,ಯಶಸ್ಸು,ಕೋಪ,ಸಮಸ್ಯೆ,ಅನಾರೋಗ್ಯ,ಗೌರವ,ಪ್ರಯತ್ನ
2026-08-04,ಆಷಾಢ–ಶ್ರಾವಣ,kannada calendar.in,ಪರಾಭವ,kannada calendar.in,1948,kannada calendar.in,ಷಷ್ಠಿ,19:17,PV Calendar,ಕೃಷ್ಣ,kannada calendar.in,ರೇವತಿ,20:47,PV Calendar,ಥೃತಿ,19:33,kannada calendar.in,ಗರಜ,10:33,kannada calendar.in,ದಕ್ಷಿಣಾಯನ,kannada calendar.in,ಕರ್ಕ,kannada calendar.in,ಮೀನ,kannada calendar.in,06:05,kannada calendar.in,18:45,kannada calendar.in,15:00 – 16:30,PV Calendar,12:00 – 13:30,PV Calendar,09:00 – 10:30,PV Calendar,,,07:30 – 09:06,kannada calendar.in,kannada calendar.in,ಸರ್ಧೆ,ವಿರ್ಚು,ಸಮಸ್ಥೆ,ಲಾಭ,ಪ್ರಯತ್ನ,ಬುದ್ದಿವಂತಿಕೆ,ಸಾಲ,ಆಲೋಚನೆ,ಕೋಪ,ಯಶಸ್ಸು,ಪ್ರತಿರೋಧ,ಶುಭಸಮಾಚಾರ
2026-08-05,ಆಷಾಢ–ಶ್ರಾವಣ,kannada calendar.in,ಪರಾಭವ,kannada calendar.in,1948,kannada calendar.in,ಸಪ್ತಮಿ,17:43,PV Calendar,ಕೃಷ್ಣ,kannada calendar.in,ಅಶ್ವಿನಿ,19:28,PV Calendar,ಶೂಲ,17:29,kannada calendar.in,ಏಿಷ್ಟಿ,00:27,kannada calendar.in,ದಕ್ಷಿಣಾಯನ,kannada calendar.in,ಕರ್ಕ,kannada calendar.in,ಮೇಷ,kannada calendar.in,06:06,kannada calendar.in,18:45,kannada calendar.in,12:00 – 13:30,PV Calendar,10:30 – 12:00,PV Calendar,07:30 – 09:00,PV Calendar,06:00 – 07:30,kannada calendar.in,14:16 – 15:50,kannada calendar.in,kannada calendar.in,ಸಾಲ,ಪ್ರಯತ್ನ,ಅನುಕೂಲ,ಭಕ್ತಿ,ಶ್ರೇಷ್ಠತೆ,ಮೆಚ್ಚುಗೆ,ಒಳ್ಳೆಯದು,ಸಮಸ್ಯೆ,ಕೋಪ,ಖರ್ಚು,ಪ್ರೀತಿ,ಧೈರ್ಯ
2026-08-06,ಆಷಾಢ–ಶ್ರಾವಣ,kannada calendar.in,ಪರಾಭವ,kannada calendar.in,1948,kannada calendar.in,ಅಷ್ಟಮಿ,15:47,PV Calendar,ಕೃಷ್ಣ,kannada calendar.in,ಭರಣಿ,18:19,PV Calendar,ಗಂಡ,15:01,kannada calendar.in,ಿ,20:14,kannada calendar.in,ದಕ್ಷಿಣಾಯನ,kannada calendar.in,ಕರ್ಕ,kannada calendar.in,ಮೇಷ,kannada calendar.in,06:06,kannada calendar.in,18:44,kannada calendar.in,13:30 – 15:00,PV Calendar,09:00 – 10:30,PV Calendar,06:00 – 07:30,PV Calendar,,,15:38 – 17:10,kannada calendar.in,kannada calendar.in,ಲಾಭ,ಸಂತೋಷ,ಯಶಸ್ಸು,ಕೋಪ,ಯಶಸ್ಸು,ಬ ಶಾಂತಿ,ಪರಿಶ್ರಮ,ಸ್ನೇಹ,ಅಭಿವೃದ್ಧಿ,ಅನುಕೂಲ,ಸಹಾಯ,ವಿನಯ
2026-08-07,ಆಷಾಢ–ಶ್ರಾವಣ,kannada calendar.in,ಪರಾಭವ,kannada calendar.in,1948,kannada calendar.in,ನವಮಿ,13:39,PV Calendar,ಕೃಷ್ಣ,kannada calendar.in,ಕೃತ್ತಿಕಾ,16:56,PV Calendar,ವೃಡ್ಠಿ,12:11,kannada calendar.in,ವಣಿಜ,ಮರುದಿನ 03:21,kannada calendar.in,ದಕ್ಷಿಣಾಯನ,kannada calendar.in,ಕರ್ಕ,kannada calendar.in,ವೃಷಭ,kannada calendar.in,06:06,kannada calendar.in,18:44,kannada calendar.in,10:30 – 12:00,PV Calendar,07:30 – 09:00,PV Calendar,15:00 – 16:30,PV Calendar,13:30 – 15:00,kannada calendar.in,04:28 – 05:58,kannada calendar.in,kannada calendar.in,ಗಮನ,ಸ್ನೇಹ,ಒಳ್ಳೆಯ ಕೆಲಸ,ಸ್ಪರ್ಧೆ,ಭಕ್ತಿ,ಕರುಣೆ,ಸಾಲ,ಶುಭ,ಉತ್ಸಾಹ,ಪರಿಶ್ರಮ,ಮರೆವು,ತೊಂದರೆ
2026-08-08,ಆಷಾಢ–ಶ್ರಾವಣ,kannada calendar.in,ಪರಾಭವ,kannada calendar.in,1948,kannada calendar.in,ದಶಮಿ,11:18,PV Calendar,ಕೃಷ್ಣ,kannada calendar.in,ರೋಹಿಣಿ,15:22,PV Calendar,ನಜ,09:02,kannada calendar.in,ಬವ,ಮರುದಿನ 00:34,kannada calendar.in,ದಕ್ಷಿಣಾಯನ,kannada calendar.in,ಕರ್ಕ,kannada calendar.in,ವೃಷಭ,kannada calendar.in,06:06,kannada calendar.in,18:44,kannada calendar.in,09:00 – 10:30,PV Calendar,06:00 – 07:30,PV Calendar,13:30 – 15:00,PV Calendar,12:00 – 13:30,kannada calendar.in,13:54 – 15:22,kannada calendar.in,kannada calendar.in,ಆಸಕ್ತಿ,ವಿನಯ,ದಯೆ,ಖರ್ಚು,ಅನುಕೂಲ,ಒಳ್ಳೆಯದು,ಗೌರವ,ಸಾಲ,ಕೋಪ,ಆಲೋಚನೆ,ಸೌಮ್ಯತೆ,ಶಾಂತಿ
2026-08-09,ಆಷಾಢ–ಶ್ರಾವಣ,kannada calendar.in,ಪರಾಭವ,kannada calendar.in,1948,kannada calendar.in,ಏಕಾದಶಿ,08:52,PV Calendar,ಕೃಷ್ಣ,kannada calendar.in,ಮೃಗಶಿರ,13:43,PV Calendar,ಹರ್ಷಣ,ಮರುದಿನ 02:05,kannada calendar.in,ಕೌಲವ,21:34,kannada calendar.in,ದಕ್ಷಿಣಾಯನ,kannada calendar.in,ಕರ್ಕ,kannada calendar.in,ಮಿಥುನ,kannada calendar.in,06:06,kannada calendar.in,18:43,kannada calendar.in,16:30 – 18:00,PV Calendar,15:00 – 16:30,PV Calendar,12:00 – 13:30,PV Calendar,,,06:42 – 08:09,kannada calendar.in,kannada calendar.in,ಯಶಸ್ಸು,ಖರ್ಚು,ಪೋತಾಹ,ಭಯ,ಪ್ರಗತಿ,ಪ್ರೀತಿ,ಪರೀಕ್ಷೆ,ಪ್ರಯತ್ನ,ಒಳ್ಳೆಯದು,ತೊಂದರೆ,ದಾನ,ಪರಿಶ್ರಮ
2026-08-10,ಆಷಾಢ–ಶ್ರಾವಣ,kannada calendar.in,ಪರಾಭವ,kannada calendar.in,1948,kannada calendar.in,ತ್ರಯೋದಶಿ,ಮರುದಿನ 03:56,PV Calendar,ಕೃಷ್ಣ,kannada calendar.in,ಆರಿದ್ರಾ,12:02,PV Calendar,ವಜ್ರ,02:27,kannada calendar.in,ಗರಜ,18:28,kannada calendar.in,ದಕ್ಷಿಣಾಯನ,kannada calendar.in,ಕರ್ಕ,kannada calendar.in,ಮಿಥುನ,kannada calendar.in,06:06,kannada calendar.in,18:43,kannada calendar.in,07:30 – 09:00,PV Calendar,13:30 – 15:00,PV Calendar,10:30 – 12:00,PV Calendar,09:00 – 10:30,kannada calendar.in,,,kannada calendar.in,ಸಂತೋಷ,ಭಕ್ತಿ,ವಿಶ್ರಾಂತಿ,ದಯೆ,ಪ್ರೀತಿ,ಸ್ನೇಹ,ಅನುಕೂಲ,ಖರ್ಚು,ಪ್ರೋತ್ಸಾಹ,ಯಶಸ್ಸು,ಸ್ಪರ್ಧೆ,ಅಸೂಯೆ
2026-08-11,ಆಷಾಢ–ಶ್ರಾವಣ,kannada calendar.in,ಪರಾಭವ,kannada calendar.in,1948,kannada calendar.in,ಚತುರ್ದಶಿ,ಮರುದಿನ 01:39,PV Calendar,ಕೃಷ್ಣ,kannada calendar.in,ಪುನರ್ವಸು,10:28,PV Calendar,ಸಿಡಿ,18:52,kannada calendar.in,ಬಿಷ್ಟಿ,15:23,kannada calendar.in,ದಕ್ಷಿಣಾಯನ,kannada calendar.in,ಕರ್ಕ,kannada calendar.in,ಕರ್ಕ,kannada calendar.in,06:07,kannada calendar.in,18:42,kannada calendar.in,15:00 – 16:30,PV Calendar,12:00 – 13:30,PV Calendar,09:00 – 10:30,PV Calendar,,,07:59 – 09:25,kannada calendar.in,kannada calendar.in,ಧೈರ್ಯ,ಖರ್ಚು,ಆನಂದ,ಲಾಭ,ಯೋಗ,ದುಃಖ,ಉತ್ಸಾಹ,ಅಸೂಯೆ,ಕೋಪ,ಸೌಮ್ಯತೆ,ಯಶಸ್ಸು,ಅಭಿವೃದ್ದಿ
2026-08-12,ಆಷಾಢ–ಶ್ರಾವಣ,kannada calendar.in,ಪರಾಭವ,kannada calendar.in,1948,kannada calendar.in,ಅಮಾವಾಸ್ಯೆ,23:36,PV Calendar,ಕೃಷ್ಣ,kannada calendar.in,ಪುಷ್ಯ,09:02,PV Calendar,ಪ್ಯಕೀಪಾತ,15:26,kannada calendar.in,ಚತುಷ್ಪಾದ,12:20,kannada calendar.in,ದಕ್ಷಿಣಾಯನ,kannada calendar.in,ಕರ್ಕ,kannada calendar.in,ಕರ್ಕ,kannada calendar.in,06:07,kannada calendar.in,18:42,kannada calendar.in,12:00 – 13:30,PV Calendar,10:30 – 12:00,PV Calendar,07:30 – 09:00,PV Calendar,06:00 – 07:30,kannada calendar.in,02:10 – 03:37,kannada calendar.in,kannada calendar.in,ಖರ್ಚು,ಧೈರ್ಯ,ದಾನ,ಪ್ರಯತ್ನ,ಒಳ್ಳೆಯದು,ಯಶಸ್ಸು,ಲಾಭ,ಕೀರ್ತಿ,ಭಯ,ಅಸೂಯೆ,ಅಭಿವೃದ್ಧಿ,ಶ್ರೇಷ್ಠತೆ
2026-08-13,ಆಷಾಢ–ಶ್ರಾವಣ,kannada calendar.in,ಪರಾಭವ,kannada calendar.in,1948,kannada calendar.in,ಪಾಡ್ಯ,21:49,PV Calendar,ಶುಕ್ಲ,kannada calendar.in,ಆಶ್ಲೇಷ,07:52,PV Calendar,ವರೀಯಾನ,12:16,kannada calendar.in,ಕಂಸ್ತುಘ್ನ,05:51,kannada calendar.in,ದಕ್ಷಿಣಾಯನ,kannada calendar.in,ಕರ್ಕ,kannada calendar.in,ಸಿಂಹ,kannada calendar.in,06:07,kannada calendar.in,18:41,kannada calendar.in,13:30 – 15:00,PV Calendar,09:00 – 10:30,PV Calendar,06:00 – 07:30,PV Calendar,,,,,kannada calendar.in,ಸರ್ಧೆ,ಡಿಂತೆ,ಆತಂಕ,ಭಕ್ತಿ,ಕೋಪ,ದಯೆ,ಯೋಗ,ಸಂತೋಷ,ಶ್ರೇಷ್ಠತೆ,ಅಭಿವೃದ್ದಿ,ವಿಳಂಬ,ನಿಷೇಧ
2026-08-14,ಆಷಾಢ–ಶ್ರಾವಣ,kannada calendar.in,ಪರಾಭವ,kannada calendar.in,1948,kannada calendar.in,ಬಿದಿಗೆ,20:26,PV Calendar,ಕೃಷ್ಣ,kannada calendar.in,ಮಘ,06:58,PV Calendar,ಪರಿಘ,09:29,kannada calendar.in,ಡಲ,ಮರುದಿನ 06:00,kannada calendar.in,ದಕ್ಷಿಣಾಯನ,kannada calendar.in,ಕರ್ಕ,kannada calendar.in,ಸಿಂಹ,kannada calendar.in,06:07,kannada calendar.in,18:41,kannada calendar.in,10:30 – 12:00,PV Calendar,07:30 – 09:00,PV Calendar,15:00 – 16:30,PV Calendar,13:30 – 15:00,kannada calendar.in,08:53 – 10:29,kannada calendar.in,kannada calendar.in,ಪರಿಶ್ರಮ,ಶ್ರೇಷ್ಠತೆ,ಸ್ಲೇಹ,ಕೀರ್ತಿ,ಅನುಕೂಲ,ಪ್ರೀತಿ,ಒಳ್ಳೆಯದು,ಉಡುಗೊರೆ,ಲಾಭ,ಸ್ಪರ್ಧೆ,ಬಿಶ್ರಾಂತಿ,ಪ್ರೋತ್ಸಾಹ
2026-08-15,ಆಷಾಢ–ಶ್ರಾವಣ,kannada calendar.in,ಪರಾಭವ,kannada calendar.in,1948,kannada calendar.in,ತದಿಗೆ,19:26,PV Calendar,ಶುಕ್ಲ,kannada calendar.in,ಪುಬ್ಬ,06:29,PV Calendar,ಶಿವ,07:09,kannada calendar.in,ವಣಿಜ,ಮರುದಿನ 05:06,kannada calendar.in,ದಕ್ಷಿಣಾಯನ,kannada calendar.in,ಕರ್ಕ,kannada calendar.in,ಸಿಂಹ,kannada calendar.in,06:07,kannada calendar.in,18:40,kannada calendar.in,09:00 – 10:30,PV Calendar,06:00 – 07:30,PV Calendar,13:30 – 15:00,PV Calendar,12:00 – 13:30,kannada calendar.in,08:18 – 09:53,kannada calendar.in,kannada calendar.in,ಯಶಸ್ಸು,ಒಳ್ಳೆಯದು,ವಿನಯ,ಮರೆವು,ಚಿಂತೆ,ಸಾಲ,ಗೌರವ,ಯಶಸ್ಸು,ಕೀರ್ತಿ,ಒಳ್ಳೆಯ ಕೆಲಸ,ಗಮನ,ಪ್ರತಿರೊಧ
2026-08-16,ಆಷಾಢ–ಶ್ರಾವಣ,kannada calendar.in,ಪರಾಭವ,kannada calendar.in,1948,kannada calendar.in,ಚೌತಿ,18:53,PV Calendar,ಶುಕ್ಲ,kannada calendar.in,ಉತ್ತರಾ,06:26,PV Calendar,ಸಾಧ್ಯ,ಮರುದಿನ 04:08,kannada calendar.in,ಜವ,ಮರುದಿನ 01:51,kannada calendar.in,ದಕ್ಷಿಣಾಯನ,kannada calendar.in,ಕರ್ಕ,kannada calendar.in,ಕನ್ಯಾ,kannada calendar.in,06:07,kannada calendar.in,18:40,kannada calendar.in,16:30 – 18:00,PV Calendar,15:00 – 16:30,PV Calendar,12:00 – 13:30,PV Calendar,,,09:44 – 11:22,kannada calendar.in,kannada calendar.in,ಅಸೂಯೆ,ಭಯ,ಪೋತಾಹ,ಪ್ರತರೋಧ,ಪ್ರಗತಿ,ಲಾಭ,ಸಾಧನೆ,ಭಕ್ತಿ,ದಯೆ,ಲಾಭ,ಮರೆವು,ಅನುಕೂಲ
2026-08-17,ಆಷಾಢ–ಶ್ರಾವಣ,kannada calendar.in,ಪರಾಭವ,kannada calendar.in,1948,kannada calendar.in,ಪಂಚಮಿ,19:05,PV Calendar,ಶುಕ್ಲ,kannada calendar.in,ಹಸ್ತಾ,06:51,PV Calendar,ಕಳಾ,ಮರುದಿನ 03:29,kannada calendar.in,ಕೌಲವ,ಮರುದಿನ 05:21,kannada calendar.in,ದಕ್ಷಿಣಾಯನ,kannada calendar.in,ಕರ್ಕ,kannada calendar.in,ಕನ್ಯಾ,kannada calendar.in,06:07,kannada calendar.in,18:29,kannada calendar.in,07:30 – 09:00,PV Calendar,13:30 – 15:00,PV Calendar,10:30 – 12:00,PV Calendar,09:00 – 10:30,kannada calendar.in,10:16 – 11:57,kannada calendar.in,kannada calendar.in,ಶ್ರೇಷ್ಠತೆ,ಪ್ರಾಮಾಣಿಕತೆ,ಆಲೋಚನೆ,ಅನುಕೂಲ,ಪರಿಶ್ರಮ,ಪ್ರೀತಿ,ಯಶಸ್ಸು,ಸ್ಪರ್ಧೆ,ಬಲ,ವಿಶ್ರಾಂತಿ,ಗಮನ,ಸ್ನೇಹ
2026-08-18,ಆಷಾಢ–ಶ್ರಾವಣ,kannada calendar.in,ಪರಾಭವ,kannada calendar.in,1948,kannada calendar.in,ಷಷ್ಠಿ,19:22,PV Calendar,ಶುಕ್ಲ,kannada calendar.in,ಚಿತ್ತಾ,07:47,PV Calendar,ಶಕ್ಷ,02:23,kannada calendar.in,ಗರಜ,—,kannada calendar.in,ದಕ್ಷಿಣಾಯನ,kannada calendar.in,ಸಿಂಹ,kannada calendar.in,ತುಲಾ,kannada calendar.in,06:07,kannada calendar.in,18:29,kannada calendar.in,15:00 – 16:30,PV Calendar,12:00 – 13:30,PV Calendar,09:00 – 10:30,PV Calendar,,,09:19 – 11:02,kannada calendar.in,kannada calendar.in,ಸಂತೋಷ,ಸ್ನೇಹ,ಸಾಲ,ಭಕ್ತಿ,ಯಶಸ್ಸು,ಉಡುಗೊರೆ,ಭಯ,ಮೆಚ್ಚುಗೆ,ಪ್ರೀತಿ,ಪ್ರೋತ್ಸಾಹ,ಕೀರ್ತಿ,ಸ್ಪರ್ಧೆ
2026-08-19,ಆಷಾಢ–ಶ್ರಾವಣ,kannada calendar.in,ಪರಾಭವ,kannada calendar.in,1948,kannada calendar.in,ಸಪ್ತಮಿ,20:22,PV Calendar,ಶುಕ್ಲ,kannada calendar.in,ಸ್ವಾತಿ,09:11,PV Calendar,ಇಹ್ಮಾ,02:44,kannada calendar.in,ಗರಜ,06:31,kannada calendar.in,ದಕ್ಷಿಣಾಯನ,kannada calendar.in,ಸಿಂಹ,kannada calendar.in,ತುಲಾ,kannada calendar.in,06:08,kannada calendar.in,18:38,kannada calendar.in,12:00 – 13:30,PV Calendar,10:30 – 12:00,PV Calendar,07:30 – 09:00,PV Calendar,06:00 – 07:30,kannada calendar.in,,,kannada calendar.in,ಸಂಪತ್ತು,ಒಳ್ಳೆಯದು,ಪೋತಾಹ,ಕೇರ್ತಿ,ಲಾಭ,ಗೌರವ,ಕುತೂಹಲ,ಸಂತೋಷ,ಗಮನ,ಮರೆವು,ಅನಂದ,ಕರುಣೆ
2026-08-20,ಆಷಾಢ–ಶ್ರಾವಣ,kannada calendar.in,ಪರಾಭವ,kannada calendar.in,1948,kannada calendar.in,ಅಷ್ಟಮಿ,21:46,PV Calendar,ಶುಕ್ಲ,kannada calendar.in,ವಿಶಾಖ,11:03,PV Calendar,ಸಿಂಧು,ಮರುದಿನ 04:25,kannada calendar.in,ವಿಷ್ಠಿ,06:16,kannada calendar.in,ದಕ್ಷಿಣಾಯನ,kannada calendar.in,ಸಿಂಹ,kannada calendar.in,ವೃಶ್ಚಿಕ,kannada calendar.in,06:08,kannada calendar.in,18:38,kannada calendar.in,13:30 – 15:00,PV Calendar,09:00 – 10:30,PV Calendar,06:00 – 07:30,PV Calendar,,,,,kannada calendar.in,ಸಂತೋಷ,ಲಾಭ,ಫ್ರಯತ್ರ,ಅಭಿವೃದ್ಧಿ,ಅನುಕೂಲ,ಸಾಲ,ಯಶಸ್ಸು,ಸಂತೋಷ,ಜೀವನ,ಗೌರವ,ಶುಭಸಮಾಚಾರ,ಮೆಚ್ಚುಗೆ
2026-08-21,ಆಷಾಢ–ಶ್ರಾವಣ,kannada calendar.in,ಪರಾಭವ,kannada calendar.in,1948,kannada calendar.in,ನವಮಿ,23:33,PV Calendar,ಶುಕ್ಲ,kannada calendar.in,ಅನೂರಾಧ,13:17,PV Calendar,ಪಶ್ಯ ೫೫,ಮರುದಿನ 05:19,kannada calendar.in,ಬಾಲವ,10:26,kannada calendar.in,ದಕ್ಷಿಣಾಯನ,kannada calendar.in,ಸಿಂಹ,kannada calendar.in,ವೃಶ್ಚಿಕ,kannada calendar.in,06:08,kannada calendar.in,18:37,kannada calendar.in,10:30 – 12:00,PV Calendar,07:30 – 09:00,PV Calendar,15:00 – 16:30,PV Calendar,13:30 – 15:00,kannada calendar.in,,,kannada calendar.in,ಒಳ್ಳೆಯದು,ಸಂತೋಷ,ಒಳ್ಳೆಯ ಕೆಲಸ,ಗಮನ,ಖರ್ಚು,ಶ್ರೇಷ್ಠತೆ,ಸಾಧನೆ,ಲಾಭ,ಸೌಮ್ಯತೆ,ದಯೆ,ಭಕ್ತಿ,ಉತ್ಸಾಹ
2026-08-22,ಆಷಾಢ–ಶ್ರಾವಣ,kannada calendar.in,ಪರಾಭವ,kannada calendar.in,1948,kannada calendar.in,ದಶಮಿ,ಮರುದಿನ 01:32,PV Calendar,ಶುಕ್ಲ,kannada calendar.in,ಜ್ಯೇಷ್ಠ,15:47,PV Calendar,ವಿಷ್ಕಂಭ,—,kannada calendar.in,ತೈಕಿಲ,12:49,kannada calendar.in,ದಕ್ಷಿಣಾಯನ,kannada calendar.in,ಸಿಂಹ,kannada calendar.in,ವೃಶ್ಚಿಕ,kannada calendar.in,06:08,kannada calendar.in,18:37,kannada calendar.in,09:00 – 10:30,PV Calendar,06:00 – 07:30,PV Calendar,13:30 – 15:00,PV Calendar,12:00 – 13:30,kannada calendar.in,04:56 – 06:44,kannada calendar.in,kannada calendar.in,ಶಾಂತಿ,ಸ್ನೇಹ,ಕೀರ್ತಿ,ಸೌಮ್ಯತೆ,ಸಂತೋಷ,ಭಯ,ಸಹಾಯ,ಲಾಭ,ಯಶಸ್ಸು,ಯೋಗ,ಖರ್ಚು,ಸ್ಪರ್ಧೆ
2026-08-23,ಆಷಾಢ–ಶ್ರಾವಣ,kannada calendar.in,ಪರಾಭವ,kannada calendar.in,1948,kannada calendar.in,ಏಕಾದಶಿ,ಮರುದಿನ 03:37,PV Calendar,ಶುಕ್ಲ,kannada calendar.in,ಮೂಲ,18:24,PV Calendar,ಏಷ್ಕಂಭ,06:14,kannada calendar.in,ವಣಿಜ,15:11,kannada calendar.in,ದಕ್ಷಿಣಾಯನ,kannada calendar.in,ಸಿಂಹ,kannada calendar.in,ಧನು,kannada calendar.in,06:08,kannada calendar.in,18:36,kannada calendar.in,16:30 – 18:00,PV Calendar,15:00 – 16:30,PV Calendar,12:00 – 13:30,PV Calendar,,,10:33 – 12:21,kannada calendar.in,kannada calendar.in,ಮಧುರ ಮಾತು,ಯಶಸ್ಸು,ಭಕ್ತಿ,ವಿಶ್ರಾಂತಿ,ಪ್ರಯತ್ನ,ಪ್ರೀತಿ,ಪ್ರೋತ್ಸಾಹ,ಉಡುಗೊರೆ,ಅಭಿವೃದ್ಧಿ,ಸಂಪತು,ಗೊಂದಲ,ಅನುಕೂಲ
2026-08-24,ಆಷಾಢ–ಶ್ರಾವಣ,kannada calendar.in,ಪರಾಭವ,kannada calendar.in,1948,kannada calendar.in,ದ್ವಾದಶಿ,06:58,PV Calendar,ಶುಕ್ಲ,kannada calendar.in,ಪೂರ್ವಾಷಾಢ,20:58,PV Calendar,ಪ್ರೀತಿ,07:04,kannada calendar.in,ಬವ,17:23,kannada calendar.in,ದಕ್ಷಿಣಾಯನ,kannada calendar.in,ಸಿಂಹ,kannada calendar.in,ಧನು,kannada calendar.in,06:08,kannada calendar.in,18:25,kannada calendar.in,07:30 – 09:00,PV Calendar,13:30 – 15:00,PV Calendar,10:30 – 12:00,PV Calendar,09:00 – 10:30,kannada calendar.in,15:07 – 16:51,kannada calendar.in,kannada calendar.in,ಖರ್ಚು,ಪ್ರಯತ್ನ,ಮಧುರ ಮಾತು,ತಾಳ್ಮೆ,ಪ್ರೀತಿ,ಗೌರವ,ವಿಶ್ರಾಂತಿ,ಕೀರ್ತಿ,ಸಂತೋಷ,ಭಯ,ಒಳ್ಳೆಯ ಕೆಲಸ,ಸಂತೋಷ
2026-08-25,ಆಷಾಢ–ಶ್ರಾವಣ,kannada calendar.in,ಪರಾಭವ,kannada calendar.in,1948,kannada calendar.in,ತ್ರಯೋದಶಿ,—,PV Calendar,ಶುಕ್ಲ,kannada calendar.in,ಉತ್ತರಾಷಾಢ,23:18,PV Calendar,ಆಯುಪ್ಮಾನ,07:41,kannada calendar.in,ಕೌಲವ,19:14,kannada calendar.in,ದಕ್ಷಿಣಾಯನ,kannada calendar.in,ಸಿಂಕ್‌,kannada calendar.in,ಮಕರ,kannada calendar.in,06:08,kannada calendar.in,18:25,kannada calendar.in,15:00 – 16:30,PV Calendar,12:00 – 13:30,PV Calendar,09:00 – 10:30,PV Calendar,,,15:49 – 17:34,kannada calendar.in,kannada calendar.in,ಲಾಭ,ಒಳ್ಳೆಯ ಕೆಲಸ,ಸ್ಪರ್ಧೆ,ಕುತೂಹಲ,ಗಮನ,ಸಹಾಯ,ಸ್ನೇಹ,ಉತ್ಸಾಹ,ಯಶಸ್ಸು,ಒಳ್ಳೆಯದು,ಯಶಸ್ಸು,ಸಂತೋಷ
2026-08-26,ಆಷಾಢ–ಶ್ರಾವಣ,kannada calendar.in,ಪರಾಭವ,kannada calendar.in,1948,kannada calendar.in,ತ್ರಯೋದಶಿ,07:09,PV Calendar,ಕೃಷ್ಣ,kannada calendar.in,ಶ್ರವಣ,ಮರುದಿನ 01:22,PV Calendar,ಸೌಭಾಗ್ಯ,07:59,kannada calendar.in,ಗರಜ,20:38,kannada calendar.in,ದಕ್ಷಿಣಾಯನ,kannada calendar.in,ಸಿಂಕ್‌,kannada calendar.in,ಮಕರ,kannada calendar.in,06:08,kannada calendar.in,18:34,kannada calendar.in,12:00 – 13:30,PV Calendar,10:30 – 12:00,PV Calendar,07:30 – 09:00,PV Calendar,06:00 – 07:30,kannada calendar.in,13:33 – 15:17,kannada calendar.in,kannada calendar.in,ಸಂತೋಷ,ಯಶಸ್ಸು,ಸಮಸ್ಥೆ,ಅನುಕೂಲ,ಸಾಲ,ಭಯ,ಪ್ರತಿರೋಧ,ತೊಂದರೆ,ಪ್ರೋತ್ಸಾಹ,ಲಾಭ,ಪ್ರತಿಭೆ,ಲಾಭ
2026-08-27,ಆಷಾಢ–ಶ್ರಾವಣ,kannada calendar.in,ಪರಾಭವ,kannada calendar.in,1948,kannada calendar.in,ಚತುರ್ದಶಿ,08:25,PV Calendar,ಕೃಷ್ಣ,kannada calendar.in,ಧನಿಷ್ಠ,ಮರುದಿನ 02:54,PV Calendar,ಶೋಭನ,07:56,kannada calendar.in,ವಿಷ್ಟಿ,21:33,kannada calendar.in,ದಕ್ಷಿಣಾಯನ,kannada calendar.in,ಸಿಂಕ್‌,kannada calendar.in,ಮಕರ,kannada calendar.in,06:08,kannada calendar.in,18:33,kannada calendar.in,13:30 – 15:00,PV Calendar,09:00 – 10:30,PV Calendar,06:00 – 07:30,PV Calendar,,,15:13 – 16:55,kannada calendar.in,kannada calendar.in,ಧೈರ್ಯ,ಪ್ರೀತಿ,ಆನಂದ,ಅಭಿವೃದ್ಧಿ,ಶಾಂತಿ,ಯಶಸ್ಸು,ಭಯ,ಗಮನ,ಆಸಕ್ತಿ,ಖರ್ಚು,ಆತಂಕ,ಪ್ರೋತ್ಸಾಹ
2026-08-28,ಆಷಾಢ–ಶ್ರಾವಣ,kannada calendar.in,ಪರಾಭವ,kannada calendar.in,1948,kannada calendar.in,ಪೂರ್ಣಿಮಾ,09:12,PV Calendar,ಶುಕ್ಲ,kannada calendar.in,ಶತಭಿಷ,ಮರುದಿನ 04:03,PV Calendar,ಅತಿಗಂಡ,07:28,kannada calendar.in,ಬಾಲವ ೫,01:37,kannada calendar.in,ದಕ್ಷಿಣಾಯನ,kannada calendar.in,ಸಿಂಕ್‌,kannada calendar.in,ಕುಂಭ,kannada calendar.in,06:08,kannada calendar.in,18:33,kannada calendar.in,10:30 – 12:00,PV Calendar,07:30 – 09:00,PV Calendar,15:00 – 16:30,PV Calendar,13:30 – 15:00,kannada calendar.in,,,kannada calendar.in,ಯಶಸ್ಸು,ಲಾಭ,ಭಯ,ಅಭಿವೃದ್ಧಿ,ಸಾಲ,ವಿಳಂಬ,ಪ್ರತಿರೋಧ,ಮರೆವು,ಭಕ್ತಿ,ಕೀರ್ತಿ,ಸಹಾಯ,ವಿಶ್ರಾಂತಿ
2026-08-29,ಆಷಾಢ–ಶ್ರಾವಣ,kannada calendar.in,ಪರಾಭವ,kannada calendar.in,1948,kannada calendar.in,ಪಾಡ್ಯ,09:29,PV Calendar,ಕೃಷ್ಣ,kannada calendar.in,ಪೂರ್ವಾಭಾದ್ರ,ಮರುದಿನ 04:34,PV Calendar,ಈಜ್‌,06:36,kannada calendar.in,ತೈತಿಲ,21:31,kannada calendar.in,ದಕ್ಷಿಣಾಯನ,kannada calendar.in,ಸಿಂಕ್‌,kannada calendar.in,ಕುಂಭ,kannada calendar.in,06:08,kannada calendar.in,18:32,kannada calendar.in,09:00 – 10:30,PV Calendar,06:00 – 07:30,PV Calendar,13:30 – 15:00,PV Calendar,12:00 – 13:30,kannada calendar.in,07:32 – 09:10,kannada calendar.in,kannada calendar.in,ಕೀರ್ತಿ,ನಿರಾಶೆ,ಆತಂಕ,ಯಶಸ್ಸು,ಆನಂದ,ಶಾಂತಿ,ಮೆಚ್ಚುಗೆ,ದಯ,ಸಂಪತ್ತು,ಗಮನ,ಪ್ರತಿರೋಧ,ಸಾಲ
2026-08-30,ಆಷಾಢ–ಶ್ರಾವಣ,kannada calendar.in,ಪರಾಭವ,kannada calendar.in,1948,kannada calendar.in,ಬಿದಿಗೆ,09:15,PV Calendar,ಕೃಷ್ಣ,kannada calendar.in,ಉತ್ತರಾಭಾದ್ರ,ಮರುದಿನ 04:42,PV Calendar,ಶೂಲ,ಮರುದಿನ 03:46,kannada calendar.in,ವಣಿಜ,ಮರುದಿನ 03:18,kannada calendar.in,ದಕ್ಷಿಣಾಯನ,kannada calendar.in,ಸಿಂಕ್‌,kannada calendar.in,ಮೀನ,kannada calendar.in,06:08,kannada calendar.in,18:32,kannada calendar.in,16:30 – 18:00,PV Calendar,15:00 – 16:30,PV Calendar,12:00 – 13:30,PV Calendar,,,10:56 – 12:32,kannada calendar.in,kannada calendar.in,ಅನುಕೂಲ,ಯಶಸ್ಸು,ಯೋಗ,ಲಾಭ,ಆಸಕ್ತಿ,ಸಂತೋಷ,ಲಾಭ,ತಾಳ್ಮೆ,ಸಂತೋಷ,ಭಕಿ,ಶ್ರೇಷ್ಠತೆ,ಅಭಿವೃದ್ಧಿ
2026-08-31,ಆಷಾಢ–ಶ್ರಾವಣ,kannada calendar.in,ಪರಾಭವ,kannada calendar.in,1948,kannada calendar.in,ತದಿಗೆ,08:33,PV Calendar,ಕೃಷ್ಣ,kannada calendar.in,ರೇವತಿ,ಮರುದಿನ 04:16,PV Calendar,ಗಂಡ,ಮರುದಿನ 01:51,kannada calendar.in,ಬವ,20:20,kannada calendar.in,ದಕ್ಷಿಣಾಯನ,kannada calendar.in,ಸಿಂಕು,kannada calendar.in,ಮೀನ,kannada calendar.in,06:08,kannada calendar.in,18:31,kannada calendar.in,07:30 – 09:00,PV Calendar,13:30 – 15:00,PV Calendar,10:30 – 12:00,PV Calendar,09:00 – 10:30,kannada calendar.in,,,kannada calendar.in,ಮೆಚ್ಚುಗೆ,ಸಮಸ್ಯೆ,ಗಮನ,ಸ್ಪರ್ಧೆ,ಸ್ನೇಹ,ಲಾಭ,ಭಯ,ಕೋಪ,ಆಯಾಸ,ತಾಳ್ಮೆ,ಸಾಧನೆ,ಗೊಂದಲ
2026-09-01,ಶ್ರಾವಣ/ಭಾದ್ರಪದ,kannada calendar.in,ಪರಾಭವ,kannada calendar.in,1948,kannada calendar.in,ಪಂಚಮಿ,ಮರುದಿನ 05:51,PV Calendar,ಕೃಷ್ಣ,kannada calendar.in,ಅಶ್ವಿನಿ,ಮರುದಿನ 03:28,PV Calendar,ವೃದ್ಧಿ,02:39,kannada calendar.in,ಕೌಲವ,19:00,kannada calendar.in,ದಕ್ಷಿಣಾಯನ,kannada calendar.in,ಸಿಂಹ,kannada calendar.in,ಮೇಷ,kannada calendar.in,06:08,kannada calendar.in,18:30,kannada calendar.in,15:00 – 16:30,PV Calendar,12:00 – 13:30,PV Calendar,09:00 – 10:30,PV Calendar,07:30 – 09:00,kannada calendar.in,,,kannada calendar.in,ಅನುಕೂಲ,ಮಧುರ ಮಾತು,ಉಡುಗೊರೆ,ಸಮಸ್ಯ,ವಿಶ್ರಾಂತಿ,ಖರ್ಚು,ತೊಂದರೆ,ಭಯ,ಪ್ರತಿರೋಧ,ಒಳೆಯದು,ಲಾಭ,ಕೀರ್ತಿ
2026-09-02,ಶ್ರಾವಣ/ಭಾದ್ರಪದ,kannada calendar.in,ಪರಾಭವ,kannada calendar.in,1948,kannada calendar.in,ಷಷ್ಠಿ,ಮರುದಿನ 03:50,PV Calendar,ಕೃಷ್ಣ,kannada calendar.in,ಭರಣಿ,ಮರುದಿನ 02:21,PV Calendar,ಧ್ರುವ,21:12,kannada calendar.in,ಗರಜ,17:22,kannada calendar.in,ದಕ್ಷಿಣಾಯನ,kannada calendar.in,ಸಿಂಹ,kannada calendar.in,ಮೇಷ,kannada calendar.in,06:08,kannada calendar.in,18:30,kannada calendar.in,12:00 – 13:30,PV Calendar,10:30 – 12:00,PV Calendar,07:30 – 09:00,PV Calendar,06:00 – 07:30,kannada calendar.in,09:06 – 10:38,kannada calendar.in,kannada calendar.in,ಮೆಚ್ಚುಗೆ,ಕುತೂಹಲ,ಉತ್ಪಾಹ,ಶುಭಸಮಾಚಾರ,ಗೊಂದಲ,ಪ ಆಸಕ್ತಿ,ಪ್ರಯತ್ನ,ಪ್ರತಿರೋಧ,ಗೌರವ,ಸಾಧನೆ,ತಾಳ್ಮೆ,ಯಶಸ್ಸು
2026-09-03,ಶ್ರಾವಣ/ಭಾದ್ರಪದ,kannada calendar.in,ಪರಾಭವ,kannada calendar.in,1948,kannada calendar.in,ಸಪ್ತಮಿ,ಮರುದಿನ 01:49,PV Calendar,ಕೃಷ್ಣ,kannada calendar.in,ಕೃತ್ತಿಕಾ,ಮರುದಿನ 01:06,PV Calendar,ಪ್ಯಾಘಾತ,18:35,kannada calendar.in,ವಿಷ್ಟಿ,15:28,kannada calendar.in,ದಕ್ಷಿಣಾಯನ,kannada calendar.in,ಸಿಂಹ,kannada calendar.in,ಮೇಷ,kannada calendar.in,06:08,kannada calendar.in,18:29,kannada calendar.in,13:30 – 15:00,PV Calendar,09:00 – 10:30,PV Calendar,06:00 – 07:30,PV Calendar,,,10:12 – 11:43,kannada calendar.in,kannada calendar.in,ಒಳ್ಳೆಯಕೆಲಸ,ಖರ್ಚು,ಪ್ರಯಾಣ,ಮಧುರ ಮಾತು,ವಿನಯ,ವಿಳಂಬ,ಸಂತೋಷ,ಪ್ರೋತ್ಸಾಹ,ತಾಳ್ಮೆ,ಆಯಾಸ,ಗಮನ,ತೊಂದರೆ
2026-09-04,ಶ್ರಾವಣ/ಭಾದ್ರಪದ,kannada calendar.in,ಪರಾಭವ,kannada calendar.in,1948,kannada calendar.in,ಅಷ್ಟಮಿ,23:28,PV Calendar,ಕೃಷ್ಣ,kannada calendar.in,ರೋಹಿಣಿ,23:26,PV Calendar,ಹರ್ಷಣ,15:44,kannada calendar.in,ಬಾಲವ,13:21,kannada calendar.in,ದಕ್ಷಿಣಾಯನ,kannada calendar.in,ಸಿಂಹ,kannada calendar.in,ವೃಷಭ,kannada calendar.in,06:08,kannada calendar.in,18:28,kannada calendar.in,10:30 – 12:00,PV Calendar,07:30 – 09:00,PV Calendar,15:00 – 16:30,PV Calendar,,,08:03 – 09:33,kannada calendar.in,kannada calendar.in,ಸೌಮೃತೆ,ಶ್ರೇಷ್ಠತೆ,ಬುದ್ದಿವಂತಿಕೆ,ಕಾಟರ್ಕು ಸ್ಪರ್ಧೆ,ಸಾಧನೆ,ಯಶಸ್ಸು,ಪ್ರೋತ್ಸಾಹ,ತಾಳ್ಮೆ,ಸಂತೋಷ,ಆಸಕಿ,ಪ್ರೋತ್ಸಾಹ,ಮೆಚ್ಚುಗೆ
2026-09-05,ಶ್ರಾವಣ/ಭಾದ್ರಪದ,kannada calendar.in,ಪರಾಭವ,kannada calendar.in,1948,kannada calendar.in,ನವಮಿ,21:16,PV Calendar,ಕೃಷ್ಣ,kannada calendar.in,ಮೃಗಶಿರ,22:05,PV Calendar,ವಜ್ರ,12:47,kannada calendar.in,ತೈತಿಲ,11:05,kannada calendar.in,ದಕ್ಷಿಣಾಯನ,kannada calendar.in,ಸಿಂಹ,kannada calendar.in,ವೃಷಭ,kannada calendar.in,06:08,kannada calendar.in,18:28,kannada calendar.in,09:00 – 10:30,PV Calendar,06:00 – 07:30,PV Calendar,13:30 – 15:00,PV Calendar,,,01:17 – 02:46,kannada calendar.in,kannada calendar.in,ಅನುಕೂಲ,ದಯೆ,ಆತಂಕ,ಪ್ರಗತಿ,ಭಯ,ಸಮಸ್ಯೆ,ತೊಂದರೆ,ಸಂಪತ್ತು,ಸ್ನೇಹ,ಮೆಚ್ಚುಗೆ,ಸಂತೊಷ,ವಿಳಂಬ
2026-09-06,ಶ್ರಾವಣ/ಭಾದ್ರಪದ,kannada calendar.in,ಪರಾಭವ,kannada calendar.in,1948,kannada calendar.in,ದಶಮಿ,18:35,PV Calendar,ಕೃಷ್ಣ,kannada calendar.in,ಆರಿದ್ರಾ,20:06,PV Calendar,ಸಿದ್ಧಿ,09:45,kannada calendar.in,ವಣಿಜ,08:42,kannada calendar.in,ದಕ್ಷಿಣಾಯನ,kannada calendar.in,ಸಿಂಹ,kannada calendar.in,ಮಿಥುನ,kannada calendar.in,06:08,kannada calendar.in,18:27,kannada calendar.in,16:30 – 18:00,PV Calendar,15:00 – 16:30,PV Calendar,12:00 – 13:30,PV Calendar,10:30 – 12:00,kannada calendar.in,10:33 – 12:03,kannada calendar.in,kannada calendar.in,ಭಯ,ಪ್ರಯತ್ನ,ಒತೆ ಯದು,ಪ್ರೀತಿ,ವಿಶ್ರಾಂತಿ,ಖರ್ಚು,ಯಶಸ್ಸು,ಸಾಲ,ಪ್ರೀತಿ,ಶಸ,ವಿನಯ,ಕೋಪ
2026-09-07,ಶ್ರಾವಣ/ಭಾದ್ರಪದ,kannada calendar.in,ಪರಾಭವ,kannada calendar.in,1948,kannada calendar.in,ಏಕಾದಶಿ,16:12,PV Calendar,ಕೃಷ್ಣ,kannada calendar.in,ಪುನರ್ವಸು,18:29,PV Calendar,ಈಸಾಲಥ್ವ,06:41,kannada calendar.in,೫೫,06:17,kannada calendar.in,ದಕ್ಷಿಣಾಯನ,kannada calendar.in,ಸಿಂಹ,kannada calendar.in,ಮಿಥುನ,kannada calendar.in,06:08,kannada calendar.in,18:26,kannada calendar.in,07:30 – 09:00,PV Calendar,13:30 – 15:00,PV Calendar,10:30 – 12:00,PV Calendar,09:00 – 10:30,kannada calendar.in,15:59 – 17:29,kannada calendar.in,kannada calendar.in,ತೊಂದರೆ,ನಷ್ಟ,ತಾಳೆ,ಪಶ್ಚಾತ್ತೌಪ,ಪ್ರೋತ್ಸಾಹ,ಭಯ,ಸ್ಟೇಹ,ಪ್ರಯತ್ನ,ಲಾಭ,ಭಯ,ಗಮನ,ಯಶಸ್ಸು
2026-09-08,ಶ್ರಾವಣ/ಭಾದ್ರಪದ,kannada calendar.in,ಪರಾಭವ,kannada calendar.in,1948,kannada calendar.in,ದ್ವಾದಶಿ,13:58,PV Calendar,ಕೃಷ್ಣ,kannada calendar.in,ಪುಷ್ಯ,17:03,PV Calendar,ಪರಿಘ,ಮರುದಿನ 00:41,kannada calendar.in,ಗರಜ,ಮರುದಿನ 01:36,kannada calendar.in,ದಕ್ಷಿಣಾಯನ,kannada calendar.in,ಸಿಂಹ,kannada calendar.in,ಕರ್ಕ,kannada calendar.in,06:08,kannada calendar.in,18:25,kannada calendar.in,15:00 – 16:30,PV Calendar,12:00 – 13:30,PV Calendar,09:00 – 10:30,PV Calendar,07:30 – 09:00,kannada calendar.in,10:40 – 12:10,kannada calendar.in,kannada calendar.in,ಭಕ್ತಿ,ಲಾಭ,ಸಂತೋಷ,ಯೋಗ,ಆಸಕ್ತಿ,ಭಯ,ಸಂತೋಷ,ಖರ್ಚು,ಅನುಕೂಲ,ತಾಳೆ,ಲಾಭ್‌,ಚಿಂತೆ
2026-09-09,ಶ್ರಾವಣ/ಭಾದ್ರಪದ,kannada calendar.in,ಪರಾಭವ,kannada calendar.in,1948,kannada calendar.in,ತ್ರಯೋದಶಿ,11:56,PV Calendar,ಕೃಷ್ಣ,kannada calendar.in,ಆಶ್ಲೇಷ,15:48,PV Calendar,ಶಿವ,21:52,kannada calendar.in,ಐಿಷ್ಟಿ,23:30,kannada calendar.in,ದಕ್ಷಿಣಾಯನ,kannada calendar.in,ಸಿಂಹ,kannada calendar.in,ಕರ್ಕ,kannada calendar.in,06:08,kannada calendar.in,18:25,kannada calendar.in,12:00 – 13:30,PV Calendar,10:30 – 12:00,PV Calendar,07:30 – 09:00,PV Calendar,06:00 – 07:30,kannada calendar.in,13:43 – 15:14,kannada calendar.in,kannada calendar.in,ಸಂತೋಷ,ಪ್ರತಿರೋಧ,ಪರೀಕ,ಅನಂಜ,ಭಯ,ದಯೆ,ಯಶಸ್ಸು,ಚಿಂತೆ,ಯಶಸ್ಸು,ನಿರಾಶೆ,ಶ್ರೇಷ್ಠತೆ,ಯಶಸ್ಸು
2026-09-10,ಶ್ರಾವಣ/ಭಾದ್ರಪದ,kannada calendar.in,ಪರಾಭವ,kannada calendar.in,1948,kannada calendar.in,ಚತುರ್ದಶಿ,10:11,PV Calendar,ಕೃಷ್ಣ,kannada calendar.in,ಮಘ,14:52,PV Calendar,ಸಿದ್ಧಿ,19:18,kannada calendar.in,ಚತುಷ್ಪಾದ,21:42,kannada calendar.in,ದಕ್ಷಿಣಾಯನ,kannada calendar.in,ಸಿಂಹ,kannada calendar.in,ಸಿಂಹ,kannada calendar.in,06:08,kannada calendar.in,18:24,kannada calendar.in,13:30 – 15:00,PV Calendar,09:00 – 10:30,PV Calendar,06:00 – 07:30,PV Calendar,,,,,kannada calendar.in,ಸಾಧನೆ,ಒಳ್ಳೆಯದು,ಯಶಸು,ಅನುಕೂಲ,ಒಳ್ಳೆಯಕೆಲಸ,ಶ್ರೇಷ್ಠತೆ,ಅಭಿವೃದ್ಧಿ,ಯಶಸ್ಸು,ಲಾಭ,ಲಾಭ,ಗೊಂದಲ,ಸಲಮ್ಯತ
2026-09-11,ಶ್ರಾವಣ/ಭಾದ್ರಪದ,kannada calendar.in,ಪರಾಭವ,kannada calendar.in,1948,kannada calendar.in,ಅಮಾವಾಸ್ಯೆ,08:46,PV Calendar,ಕೃಷ್ಣ,kannada calendar.in,ಪುಬ್ಬ,14:16,PV Calendar,ಸಾಧ್ಯ,17:02,kannada calendar.in,ಕಿಂಸ್ತುಘ್ಪ,20:18,kannada calendar.in,ದಕ್ಷಿಣಾಯನ,kannada calendar.in,ಸಿಂಹ,kannada calendar.in,ಸಿಂಹ,kannada calendar.in,06:08,kannada calendar.in,18:23,kannada calendar.in,10:30 – 12:00,PV Calendar,07:30 – 09:00,PV Calendar,15:00 – 16:30,PV Calendar,13:30 – 15:00,kannada calendar.in,07:05 – 08:37,kannada calendar.in,kannada calendar.in,ಪ್ರೀತಿ,ಬುದ್ದಿವಂತಿಕೆ,ಸಮಸೆ,ಕಾಟರ್ಕು ಗಾರಪ,ಯಶಸ್ಸು,ಅಸೂಯ,ಸಂತೋಷ,ಕೀರ್ತಿ,ಅಭಿವೃದ್ಧಿ,ಖರ್ಚು,ಯಶಸ್ಸು,ಅಭಿವೃದ್ಧಿ
2026-09-12,ಶ್ರಾವಣ/ಭಾದ್ರಪದ,kannada calendar.in,ಪರಾಭವ,kannada calendar.in,1948,kannada calendar.in,ಪಾಡ್ಯ,07:46,PV Calendar,ಶುಕ್ಲ,kannada calendar.in,ಉತ್ತರ,14:06,PV Calendar,ಶುಭ,15:00,kannada calendar.in,ಬಾಲವ,19:24,kannada calendar.in,ದಕ್ಷಿಣಾಯನ,kannada calendar.in,ಸಿಂಹ,kannada calendar.in,ಕನ್ಯಾ,kannada calendar.in,06:08,kannada calendar.in,18:23,kannada calendar.in,09:00 – 10:30,PV Calendar,06:00 – 07:30,PV Calendar,13:30 – 15:00,PV Calendar,12:00 – 13:30,kannada calendar.in,05:49 – 07:24,kannada calendar.in,kannada calendar.in,ಪ್ರಯಾಣ,ಅನುಕೂಲ,ಲಾಭ,ಕಾಟರ್ಕು ಖರ್ಚ,ಶ್ರೇಷ್ಠತೆ,ಪ ಬುದ್ದಿವಂತಿಕೆ,ತಾಳ್ಮೆ,ಚಿಂತೆ,ಪ್ರೀತಿ,ಶುಭ,ಅಭಿವೃದ್ಧಿ,ಮಚ್ಚುಗ
2026-09-13,ಶ್ರಾವಣ/ಭಾದ್ರಪದ,kannada calendar.in,ಪರಾಭವ,kannada calendar.in,1948,kannada calendar.in,ಬಿದಿಗೆ,07:16,PV Calendar,ಶುಕ್ಲ,kannada calendar.in,ಹಸ್ತಾ,14:25,PV Calendar,ಶುಕ್ತ,13:43,kannada calendar.in,ತೈತಿಲ,19:03,kannada calendar.in,ದಕ್ಷಿಣಾಯನ,kannada calendar.in,ಸಿಂಹ,kannada calendar.in,ಕನ್ಯಾ,kannada calendar.in,06:08,kannada calendar.in,18:22,kannada calendar.in,16:30 – 18:00,PV Calendar,15:00 – 16:30,PV Calendar,12:00 – 13:30,PV Calendar,,,07:04 – 08:40,kannada calendar.in,kannada calendar.in,ಸಂತೋಷ,ಸಂತೋಷ,ಅನುಕೂಲ,ಕಾಟರ್ಕ  ಲಾಭ,ಅಸೂಯೆ,ಕೀರ್ತಿ,ಸ್ನೇಹ,ಯಶಸ್ಸು,ಉತ್ಸಾಹ,ಯಶಸ್ಸು,ದೃಢ ನಿರ್ಧಾರ,ಕುತೂಹಲ
2026-09-14,ಶ್ರಾವಣ/ಭಾದ್ರಪದ,kannada calendar.in,ಪರಾಭವ,kannada calendar.in,1948,kannada calendar.in,ತದಿಗೆ,07:13,PV Calendar,ಶುಕ್ಲ,kannada calendar.in,ಚಿತ್ತಾ,15:13,PV Calendar,ಬ್ರಹ್ಮಾ,12:47,kannada calendar.in,ವಣಿಜ,19:21,kannada calendar.in,ದಕ್ಷಿಣಾಯನ,kannada calendar.in,ಸಿಂಹ,kannada calendar.in,ತುಲಾ,kannada calendar.in,06:08,kannada calendar.in,18:21,kannada calendar.in,07:30 – 09:00,PV Calendar,13:30 – 15:00,PV Calendar,10:30 – 12:00,PV Calendar,09:00 – 10:30,kannada calendar.in,07:18 – 08:57,kannada calendar.in,kannada calendar.in,ಅನುಕೂಲ,ಖರ್ಚು,ಲಾಭ,ಕಾಟರ್ಕ ವಿಶ್ರಾಂತಿ,ಆಲೋಚನೆ,ತೊಂದರೆ,ವಿಳಂಬ,ಭಯ,ಪ್ರತಿರೋಧ,ಕೋಪ,ಶ್ರೇಷ್ಠತೆ,ಲಾಭ
2026-09-15,ಶ್ರಾವಣ/ಭಾದ್ರಪದ,kannada calendar.in,ಪರಾಭವ,kannada calendar.in,1948,kannada calendar.in,ಚೌತಿ,07:18,PV Calendar,ಶುಕ್ಲ,kannada calendar.in,ಸ್ವಾತಿ,16:06,PV Calendar,ಐಂದ್ರ,12:20,kannada calendar.in,ಬವ,20:18,kannada calendar.in,ದಕ್ಷಿಣಾಯನ,kannada calendar.in,ಸಿಂಹ,kannada calendar.in,ತುಲಾ,kannada calendar.in,06:08,kannada calendar.in,18:21,kannada calendar.in,15:00 – 16:30,PV Calendar,12:00 – 13:30,PV Calendar,09:00 – 10:30,PV Calendar,07:30 – 09:00,kannada calendar.in,06:01 – 07:43,kannada calendar.in,kannada calendar.in,ಭಯ,ಆತಂಕ,ಎಳಂಬ,ಲಾಭ,ಭಯ,ಸ್ಪರ್ಧೆ,ಸಾಲ,ಪ್ರತಿರೋಧ,ಅನುಕೂಲ,ಖರ್ಚು,ಲಾಭ,ಸಂತೋಷ
2026-09-16,ಶ್ರಾವಣ/ಭಾದ್ರಪದ,kannada calendar.in,ಪರಾಭವ,kannada calendar.in,1948,kannada calendar.in,ಪಂಚಮಿ,08:45,PV Calendar,ಕೃಷ್ಣ,kannada calendar.in,ವಿಶಾಖ,18:14,PV Calendar,ವೈಧೃತಿ,12:23,kannada calendar.in,ಕೌಲವ,21:50,kannada calendar.in,ದಕ್ಷಿಣಾಯನ,kannada calendar.in,ಸಿಂಹ,kannada calendar.in,ತುಲಾ,kannada calendar.in,06:08,kannada calendar.in,18:20,kannada calendar.in,12:00 – 13:30,PV Calendar,10:30 – 12:00,PV Calendar,07:30 – 09:00,PV Calendar,06:00 – 07:30,kannada calendar.in,07:50 – 09:34,kannada calendar.in,kannada calendar.in,ಯಶಸ್ಸು,ಸ್ಪರ್ಧೆ,ಶಾಂತಿ,ಕಾಟರ್ಕು ಪ್ರೀತಿ,ಪ್ರತರೋಧ,ನಿರಾಶೆ,ಸ್ನೇಹ,ಗಮನ,ಲಾಭ,ಒಳೆಯದು,ಸಾಲ,ಅಭಿವೃದ್ಧಿ
2026-09-17,ಶ್ರಾವಣ/ಭಾದ್ರಪದ,kannada calendar.in,ಪರಾಭವ,kannada calendar.in,1948,kannada calendar.in,ಷಷ್ಠಿ,10:10,PV Calendar,ಶುಕ್ಲ,kannada calendar.in,ಅನೂರಾಧ,20:25,PV Calendar,ವಿಷ್ಕಂಭ,12:51,kannada calendar.in,ಗರಜ,02:53,kannada calendar.in,ದಕ್ಷಿಣಾಯನ,kannada calendar.in,ಸಿಂಹ,kannada calendar.in,ವೃಶ್ಚಿಕ,kannada calendar.in,06:08,kannada calendar.in,18:19,kannada calendar.in,13:30 – 15:00,PV Calendar,09:00 – 10:30,PV Calendar,06:00 – 07:30,PV Calendar,15:00 – 16:30,kannada calendar.in,08:24 – 10:10,kannada calendar.in,kannada calendar.in,ಆತಂಕ,ಸಹಾಯ,ಗಾರವ,ದಯೆ ್ಪ,ಶಾಂತಿ,ಪ್ರೋತ್ಸಾಹ,ಸಂತೋಷ,ಅಭಿವೃದ್ಧಿ,ಆನಂದ,ನಿರಾಶೆ,ಯಶಸ್ಸು,ಚಿಂತೆ
2026-09-18,ಶ್ರಾವಣ/ಭಾದ್ರಪದ,kannada calendar.in,ಪರಾಭವ,kannada calendar.in,1948,kannada calendar.in,ಸಪ್ತಮಿ,11:58,PV Calendar,ಶುಕ್ಲ,kannada calendar.in,ಜ್ಯೇಷ್ಠ,22:51,PV Calendar,ಪ್ರೀತಿ,13:35,kannada calendar.in,ವಿಷ್ಟಿ,ಮರುದಿನ 02:14,kannada calendar.in,ದಕ್ಷಿಣಾಯನ,kannada calendar.in,ಕನ್ನಾ,kannada calendar.in,ವೃಶ್ಚಿಕ,kannada calendar.in,06:08,kannada calendar.in,18:18,kannada calendar.in,10:30 – 12:00,PV Calendar,07:30 – 09:00,PV Calendar,15:00 – 16:30,PV Calendar,13:30 – 15:00,kannada calendar.in,12:54 – 14:41,kannada calendar.in,kannada calendar.in,ಸ್ನೇಹ,ಸಂತೋಷ,ಅನುಕೂಲ,ಕಾಟರ್ಕ  ಲಾಭ,ಖರ್ಚು,ಪ್ರೀತಿ,ಪ್ರಗತಿ,ಸಂತೋಷ,ಲಾಭ,ವಿಳಂಬ,ಆನಂದ,ಸಾಲ
2026-09-19,ಶ್ರಾವಣ/ಭಾದ್ರಪದ,kannada calendar.in,ಪರಾಭವ,kannada calendar.in,1948,kannada calendar.in,ಅಷ್ಟಮಿ,13:59,PV Calendar,ಶುಕ್ಲ,kannada calendar.in,ಮೂಲ,ಮರುದಿನ 01:28,PV Calendar,ಆಯುಷ್ಕಾನ,14:29,kannada calendar.in,ಬಾಲವ,ಮರುದಿನ 04:41,kannada calendar.in,ದಕ್ಷಿಣಾಯನ,kannada calendar.in,ಕನ್ನಾ,kannada calendar.in,ಧನು,kannada calendar.in,06:08,kannada calendar.in,18:18,kannada calendar.in,09:00 – 10:30,PV Calendar,06:00 – 07:30,PV Calendar,13:30 – 15:00,PV Calendar,12:00 – 13:30,kannada calendar.in,18:31 – 20:19,kannada calendar.in,kannada calendar.in,ಖರ್ಚು,ಭಯ,ಆತಂಕ,ಪ್ರೋತ್ಸಾಹ,ವಿನಯ,ಯಶಸ್ಸು,ಅನುಕೂಲ,ಶಾಂತಿ,ವಿಳಂಬ,ಒಳ್ಳೆಯ ಕೆಲಸ,ಶ್ರೇಷ್ಠತೆ,ಮೆಚ್ಚುಗೆ
2026-09-20,ಶ್ರಾವಣ/ಭಾದ್ರಪದ,kannada calendar.in,ಪರಾಭವ,kannada calendar.in,1948,kannada calendar.in,ನವಮಿ,16:04,PV Calendar,ಶುಕ್ಲ,kannada calendar.in,ಪೂರ್ವಾಷಾಢ,ಮರುದಿನ 04:05,PV Calendar,ಸೌಭಾಗ್ಯ,15:23,kannada calendar.in,ತೈತಿಲ,—,kannada calendar.in,ದಕ್ಷಿಣಾಯನ,kannada calendar.in,ಕನ್ನಾ,kannada calendar.in,ಧನು,kannada calendar.in,06:08,kannada calendar.in,18:17,kannada calendar.in,16:30 – 18:00,PV Calendar,15:00 – 16:30,PV Calendar,12:00 – 13:30,PV Calendar,,,11:12 – 12:59,kannada calendar.in,kannada calendar.in,ಪ್ರತಿರೋಧ,ಭಯ,ಸ್ರಾಲ್ಪ,ಭಯ,ಖರ್ಚು,ಅನುಕೂಲ,ಲಾಭ,ಅಭಿವೃದ್ಧಿ,ಭಕ್ತಿ,ಕೊಪ,ವಿಳಂಬ,ಲಾಭ
2026-09-21,ಶ್ರಾವಣ/ಭಾದ್ರಪದ,kannada calendar.in,ಪರಾಭವ,kannada calendar.in,1948,kannada calendar.in,ದಶಮಿ,18:05,PV Calendar,ಶುಕ್ಲ,kannada calendar.in,ಉತ್ತರಾಷಾಢ,—,PV Calendar,ಶೋಭನ,16:00,kannada calendar.in,ತೈತಿಲ,06:59,kannada calendar.in,ದಕ್ಷಿಣಾಯನ,kannada calendar.in,ಕನ್ನಾ,kannada calendar.in,ಧನು,kannada calendar.in,06:08,kannada calendar.in,18:16,kannada calendar.in,07:30 – 09:00,PV Calendar,13:30 – 15:00,PV Calendar,10:30 – 12:00,PV Calendar,09:00 – 10:30,kannada calendar.in,,,kannada calendar.in,ಯಶಸ್ಸು,ಆತಂಕ,ಬಯ,ಕಾಟರ್ಕು ಸ್ಲೇಹ,ಪ್ರಗತಿ,ಸಂತೋಷ,ಪ್ರತಿರೋಧ,ಸಂತೋಷ,ಸಾಲ,ಸಮಸ್ಸೆ,ಅನುಕೂಲ,ಸ್ಪರ್ಧೆ
2026-09-22,ಶ್ರಾವಣ/ಭಾದ್ರಪದ,kannada calendar.in,ಪರಾಭವ,kannada calendar.in,1948,kannada calendar.in,ಏಕಾದಶಿ,19:42,PV Calendar,ಶುಕ್ಲ,kannada calendar.in,ಉತ್ತರಾಷಾಢ,06:16,PV Calendar,ಅತಿಗಂಡ,16:25,kannada calendar.in,ವಣಿಜ,00:57,kannada calendar.in,ದಕ್ಷಿಣಾಯನ,kannada calendar.in,ಕನ್ನಾ,kannada calendar.in,ಮಕರ,kannada calendar.in,06:08,kannada calendar.in,18:16,kannada calendar.in,15:00 – 16:30,PV Calendar,12:00 – 13:30,PV Calendar,09:00 – 10:30,PV Calendar,07:30 – 09:00,kannada calendar.in,,,kannada calendar.in,ಆನಂದ,ಸೌಮ್ಯತ,ಬಡರ್ಚು,ಪ್ರೋತ್ಸಾಹ,ಭಕ್ತಿ,ಯಶಸ್ಸು,ಅನುಕೂಲ,ಅಭಿವೃದ್ಧಿ,ಶ್ರೇಷ್ಠತೆ,ಜಯ,ಆತಂಕ,ಸ್ನೇಹ
2026-09-23,ಶ್ರಾವಣ/ಭಾದ್ರಪದ,kannada calendar.in,ಪರಾಭವ,kannada calendar.in,1948,kannada calendar.in,ದ್ವಾದಶಿ,20:59,PV Calendar,ಶುಕ್ಲ,kannada calendar.in,ಶ್ರವಣ,08:32,PV Calendar,ಸುಕರ್ಮಾ,16:27,kannada calendar.in,ಬವ,10:22,kannada calendar.in,ದಕ್ಷಿಣಾಯನ,kannada calendar.in,ಕನ್ನಾ,kannada calendar.in,ಮಕರ,kannada calendar.in,06:08,kannada calendar.in,18:15,kannada calendar.in,12:00 – 13:30,PV Calendar,10:30 – 12:00,PV Calendar,07:30 – 09:00,PV Calendar,06:00 – 07:30,kannada calendar.in,,,kannada calendar.in,ಶಾಂತಿ,ದಾನ,ಫೋತಾಮ,ಕಾಟರ್ಕ ಮರೆಪ್ಪ,ನಿರಾಶೆ,ಅನುಕೂಲ,ಆತಂಕ,ಲಾಭ,ಸಂತೋಷ,ಲಾಭ,ಭಯ,ಓಳ್ಳೆಯ ಕೆಲಸ
2026-09-24,ಶ್ರಾವಣ/ಭಾದ್ರಪದ,kannada calendar.in,ಪರಾಭವ,kannada calendar.in,1948,kannada calendar.in,ತ್ರಯೋದಶಿ,21:52,PV Calendar,ಶುಕ್ಲ,kannada calendar.in,ಧನಿಷ್ಠ,10:12,PV Calendar,ಧೃತಿ,15:55,kannada calendar.in,ಕೌಲವ,11:10,kannada calendar.in,ದಕ್ಷಿಣಾಯನ,kannada calendar.in,ಕನ್ನಾ,kannada calendar.in,ಕುಂಭ,kannada calendar.in,06:08,kannada calendar.in,18:14,kannada calendar.in,13:30 – 15:00,PV Calendar,09:00 – 10:30,PV Calendar,06:00 – 07:30,PV Calendar,03:00 – 04:30,kannada calendar.in,,,kannada calendar.in,ಪ್ರೋತ್ಸಾಹ,ಪ್ರೀತಿ,ಯಶಸ,ಅಭಿವೃದಿ,ಸಮಸ್ಯೆ,ಕೋಪ,ಬಲ,ಸಂಪತ್ತು,ಸಂತೋಷ,ಸ್ನೇಹ,ಒಳ್ಳೆಯದು,ಸಂತೋಷ
2026-09-25,ಶ್ರಾವಣ/ಭಾದ್ರಪದ,kannada calendar.in,ಪರಾಭವ,kannada calendar.in,1948,kannada calendar.in,ಚತುರ್ದಶಿ,22:10,PV Calendar,ಶುಕ್ಲ,kannada calendar.in,ಶತಭಿಷ,11:23,PV Calendar,ಶೂಲ,14:51,kannada calendar.in,ಗರಜ,11:18,kannada calendar.in,ದಕ್ಷಿಣಾಯನ,kannada calendar.in,ಕನ್ನಾ,kannada calendar.in,ಕುಂಭ,kannada calendar.in,06:08,kannada calendar.in,18:13,kannada calendar.in,10:30 – 12:00,PV Calendar,07:30 – 09:00,PV Calendar,15:00 – 16:30,PV Calendar,13:30 – 15:00,kannada calendar.in,03:56 – 05:35,kannada calendar.in,kannada calendar.in,ಕರುಣೆ,ಅಭಿವೃದ್ದಿ,ದಯ,ಕಾಟರ್ಕು ಆಯಾಸ,ಭಯ,ಬುದ್ದಿವಂತಿಕೆ,ಕೋಪ,ಆನಂದ,ಭಕ್ತಿ,ಯಶಸ್ಸು,ಸಂಪತ್ತು,ಬಲ
2026-09-26,ಶ್ರಾವಣ/ಭಾದ್ರಪದ,kannada calendar.in,ಪರಾಭವ,kannada calendar.in,1948,kannada calendar.in,ಪೂರ್ಣಿಮಾ,21:56,PV Calendar,ಶುಕ್ಲ,kannada calendar.in,ಪೂರ್ವಾಭಾದ್ರ,12:04,PV Calendar,ಗಂಡ,13:18,kannada calendar.in,ವಿಷ್ಟಿ,10:47,kannada calendar.in,ದಕ್ಷಿಣಾಯನ,kannada calendar.in,ಕನ್ನಾ,kannada calendar.in,ಮೀನ,kannada calendar.in,06:08,kannada calendar.in,18:13,kannada calendar.in,09:00 – 10:30,PV Calendar,06:00 – 07:30,PV Calendar,13:30 – 15:00,PV Calendar,12:00 – 13:30,kannada calendar.in,03:28 – 05:05,kannada calendar.in,kannada calendar.in,ಯಶಸ್ಸು,ಕೋಪ,ಬಯ,ಕಾಟರ್ಕು ಸ್ಪರ್ಧ,ಖರ್ಚು,ಸಂತೋಷ,ಬಲ,ಸ್ನೇಹ,ಶಾಂತಿ,ಕೀರ್ತಿ,ಪ್ರೋತ್ಸಾಹ,ಸೌಮ್ಯತೆ
2026-09-27,ಶ್ರಾವಣ/ಭಾದ್ರಪದ,kannada calendar.in,ಪರಾಭವ,kannada calendar.in,1948,kannada calendar.in,ಪಾಡ್ಯ,21:17,PV Calendar,ಕೃಷ್ಣ,kannada calendar.in,ಉತ್ತರಾಭಾದ್ರ,12:15,PV Calendar,ವೃಡ್ಧಿ,11:17,kannada calendar.in,ಬಾಲವ,00:45,kannada calendar.in,ದಕ್ಷಿಣಾಯನ,kannada calendar.in,ಕನ್ನಾ,kannada calendar.in,ಮೀನ,kannada calendar.in,06:08,kannada calendar.in,18:12,kannada calendar.in,16:30 – 18:00,PV Calendar,15:00 – 16:30,PV Calendar,12:00 – 13:30,PV Calendar,,,06:24 – 07:59,kannada calendar.in,kannada calendar.in,ಕೋಪ,ಶಾಂತಿ,ಯಶಸ,ಕಾಟರ್ಕ ಖರ್ಚು,ಯಶಸ್ಸು,ಗೌರವ,ಅನುಕೂಲ,ಪ್ರೋತ್ಸಾಹ,ಸಂಪತ್ತು,ಸಂತೋಷ,ಸ್ಪರ್ಧೆ,ತಾಳ್ಮೆ
2026-09-28,ಶ್ರಾವಣ/ಭಾದ್ರಪದ,kannada calendar.in,ಪರಾಭವ,kannada calendar.in,1948,kannada calendar.in,ಬಿದಿಗೆ,20:10,PV Calendar,ಕೃಷ್ಣ,kannada calendar.in,ರೇವತಿ,12:05,PV Calendar,ಧ್ರುವ,08:54,kannada calendar.in,ತೈತಿಲ,08:00,kannada calendar.in,ದಕ್ಷಿಣಾಯನ,kannada calendar.in,ಕನ್ನಾ,kannada calendar.in,ಮೀನ,kannada calendar.in,06:08,kannada calendar.in,18:11,kannada calendar.in,07:30 – 09:00,PV Calendar,13:30 – 15:00,PV Calendar,10:30 – 12:00,PV Calendar,09:00 – 10:30,kannada calendar.in,07:57 – 09:29,kannada calendar.in,kannada calendar.in,ಆನಂದ,ಗೌರವ,ಉಜ್ಯೂತಿ,ಕಾಟರ್ಕು ಯಶಸ್ಸು,ಸ್ಪರ್ಧೆ,ಅನಾರೋಗ್ಯ,ಸೌಮ್ಯತೆ,ಪ್ರಯತ್ನ,ಏಿಶ್ರಾಂತಿ,ಮೆಚ್ಜುಗೆ,ವಿನಯ,ಪ್ರೀತಿ
2026-09-29,ಶ್ರಾವಣ/ಭಾದ್ರಪದ,kannada calendar.in,ಪರಾಭವ,kannada calendar.in,1948,kannada calendar.in,ತದಿಗೆ,18:37,PV Calendar,ಕೃಷ್ಣ,kannada calendar.in,ಅಶ್ವಿನಿ,11:20,PV Calendar,ಈ,06:13,kannada calendar.in,ನರ,06:14,kannada calendar.in,ದಕ್ಷಿಣಾಯನ,kannada calendar.in,ಕನ್ನಾ,kannada calendar.in,ಮೇಷ,kannada calendar.in,06:08,kannada calendar.in,18:11,kannada calendar.in,15:00 – 16:30,PV Calendar,12:00 – 13:30,PV Calendar,09:00 – 10:30,PV Calendar,07:30 – 09:00,kannada calendar.in,02:13 – 03:44,kannada calendar.in,kannada calendar.in,ಅನುಕೂಲ,ಒಳ್ಳೆಯ ಸುದ್ದಿ,ಅನಂದ,ಕಾಟರ್ಕ ಸಂಪತ್ತು,ಕೋಪ,ಯಶಸ್ಸು,ದಯೆ,ಶ್ರೇಷ್ಠತೆ,ಸುರ್ಚು,ಸಂತೋಷ,ಯಶಸ್ಸು,ಪ್ರೋತ್ಸಾಹ
2026-09-30,ಶ್ರಾವಣ/ಭಾದ್ರಪದ,kannada calendar.in,ಪರಾಭವ,kannada calendar.in,1948,kannada calendar.in,ಚೌತಿ,16:49,PV Calendar,ಕೃಷ್ಣ,kannada calendar.in,ಭರಣಿ,10:18,PV Calendar,ವಶ್ರ,ಮರುದಿನ 00:21,kannada calendar.in,ಕೌಲವ,ಮರುದಿನ 01:46,kannada calendar.in,ದಕ್ಷಿಣಾಯನ,kannada calendar.in,ಕನ್ನಾ,kannada calendar.in,ಮೇಷ,kannada calendar.in,06:09,kannada calendar.in,18:10,kannada calendar.in,12:00 – 13:30,PV Calendar,10:30 – 12:00,PV Calendar,07:30 – 09:00,PV Calendar,06:00 – 07:30,kannada calendar.in,03:06 – 04:36,kannada calendar.in,kannada calendar.in,ಧೈರ್ಯ,ಭಕ್ತಿ,ಪಸ,ಒಳ್ಳೆಯದು,ಆನಂದ,ಸ್ಪರ್ಧೆ,ತಾಳ್ಮೆ,ಖರ್ಚು,ಬಲ,ಸಂಪತ್ತು,ಸಂತೋಷ,ಅಭಿವೃದ್ಧಿ
2026-10-01,ಭಾದ್ರಪದ/ಅಶ್ವೀನ,kannada calendar.in,ಪರಾಭವ,kannada calendar.in,1948,kannada calendar.in,ಪಂಚಮಿ,14:42,PV Calendar,ಕೃಷ್ಣ,kannada calendar.in,ಕೃತ್ತಿಕಾ,09:01,PV Calendar,ಸಿದ್ಧಿ,21:18,kannada calendar.in,ಗರಜ,23:25,kannada calendar.in,ದಕ್ಷಿಣಾಯನ,kannada calendar.in,ಕನ್ನಾ,kannada calendar.in,ವೃಷಭ,kannada calendar.in,06:09,kannada calendar.in,18:09,kannada calendar.in,13:30 – 15:00,PV Calendar,09:00 – 10:30,PV Calendar,06:00 – 07:30,PV Calendar,,,03:48 – 05:17,kannada calendar.in,kannada calendar.in,ಪ್ರೋತ್ಸಾಹ,ನಿರಾಶೆ,ವಿನಯ,ವಿಶ್ರಾಂತಿ,ಖರ್ಚು,ಸಂತೋಷ,ಯಶಸ್ಸು,ಆತಂಕ,ಅನುಕೂಲ,ಮರೆವ,ಸಮಸ್ಯೆ,ಪ್ರಗತಿ
2026-10-02,ಭಾದ್ರಪದ/ಅಶ್ವೀನ,kannada calendar.in,ಪರಾಭವ,kannada calendar.in,1948,kannada calendar.in,ಷಷ್ಠಿ,12:25,PV Calendar,ಕೃಷ್ಣ,kannada calendar.in,ಮೃಗಶಿರ,ಮರುದಿನ 05:53,PV Calendar,ವ್ಯಕೀಪಾತ,18:18,kannada calendar.in,ವಿಷ್ಟಿ,21:07,kannada calendar.in,ದಕ್ಷಿಣಾಯನ,kannada calendar.in,ಕನ್ನಾ,kannada calendar.in,ವೃಷಭ,kannada calendar.in,06:09,kannada calendar.in,18:09,kannada calendar.in,10:30 – 12:00,PV Calendar,07:30 – 09:00,PV Calendar,15:00 – 16:30,PV Calendar,,,01:28 – 02:57,kannada calendar.in,kannada calendar.in,ಲಾಭ,ಭಯ,ಪ್ರತಿರೋಧ,ಸಾಲ,ಭಯ,ಅನುಕೂಲ,ಲಾಭ,ಅಲೆದಾಟ,ಸಂತೋಷ,ಯಶಸ,ಆತಂಕ,ವಿಳಂಬ
2026-10-03,ಭಾದ್ರಪದ/ಅಶ್ವೀನ,kannada calendar.in,ಪರಾಭವ,kannada calendar.in,1948,kannada calendar.in,ಸಪ್ತಮಿ,10:03,PV Calendar,ಕೃಷ್ಣ,kannada calendar.in,ಆರಿದ್ರಾ,ಮರುದಿನ 04:07,PV Calendar,ವರೀಯಾನ,15:23,kannada calendar.in,ಬಾಲವ,18:55,kannada calendar.in,ದಕ್ಷಿಣಾಯನ,kannada calendar.in,ಕನ್ನಾ,kannada calendar.in,ಮಿಥುನ,kannada calendar.in,06:09,kannada calendar.in,18:08,kannada calendar.in,09:00 – 10:30,PV Calendar,06:00 – 07:30,PV Calendar,13:30 – 15:00,PV Calendar,,,04:05 – 05:35,kannada calendar.in,kannada calendar.in,ಆತಂಕ,ಸಾಲ,ವಿಳಂಬ,ಪ್ರೀತಿ,ಸಂತೋಷ,ಪ್ರೋತ್ಸಾಹ,ಯಶಸ್ಸು,ತೊಂದರೆ,ಅನುಕೂಲ,ಶಾಂತಿ,ಖರ್ಚು,ಆನಂದ
2026-10-04,ಭಾದ್ರಪದ/ಅಶ್ವೀನ,kannada calendar.in,ಪರಾಭವ,kannada calendar.in,1948,kannada calendar.in,ನವಮಿ,ಮರುದಿನ 05:06,PV Calendar,ಕೃಷ್ಣ,kannada calendar.in,ಪುನರ್ವಸು,ಮರುದಿನ 02:28,PV Calendar,ಪರಿಘ,12:32,kannada calendar.in,ತೈತಿಲ,16:52,kannada calendar.in,ದಕ್ಷಿಣಾಯನ,kannada calendar.in,ಕನ್ನಾ,kannada calendar.in,ಮಿಥುನ,kannada calendar.in,06:09,kannada calendar.in,18:07,kannada calendar.in,16:30 – 18:00,PV Calendar,15:00 – 16:30,PV Calendar,12:00 – 13:30,PV Calendar,,,09:57 – 11:28,kannada calendar.in,kannada calendar.in,ಪ್ರತಿರೋಧ,ಯಶಸ್ಸು,ಆತಂಕ,ಭಯ,ಸ್ನೇಹ,ಸಂಪತ್ತು,ಸಂತೋಷ,ವಿಳಂಬ,ಸಂತೋಷ,ಸಾಲ,ಸಮಸ್ಯೆ,ಶಾಂತಿ
2026-10-05,ಭಾದ್ರಪದ/ಅಶ್ವೀನ,kannada calendar.in,ಪರಾಭವ,kannada calendar.in,1948,kannada calendar.in,ದಶಮಿ,ಮರುದಿನ 02:53,PV Calendar,ಕೃಷ್ಣ,kannada calendar.in,ಪುಷ್ಯ,ಮರುದಿನ 00:57,PV Calendar,ಶಿವ,09:52,kannada calendar.in,ವಣಿಜ,15:00,kannada calendar.in,ದಕ್ಷಿಣಾಯ,kannada calendar.in,ಕನ್ನಾ,kannada calendar.in,ಕರ್ಕ,kannada calendar.in,06:09,kannada calendar.in,18:07,kannada calendar.in,07:30 – 09:00,PV Calendar,13:30 – 15:00,PV Calendar,10:30 – 12:00,PV Calendar,09:00 – 10:30,kannada calendar.in,05:02 – 06:34,kannada calendar.in,kannada calendar.in,ತೊಂದರೆ,ಸಮಸ್ಯೆ,ಪ್ರೋತ್ಸಾಹ,ನರಾಶೆ,ಯಶಸ್ಸು,ಲಾಭ,ಯಶಸ್ಸು,ಭಯ,ಪ್ರತಿರೋಧ,ಅಲೆದಾಟ,ಅನುಕೂಲ,ವಿನಯ
2026-10-06,ಭಾದ್ರಪದ/ಅಶ್ವೀನ,kannada calendar.in,ಪರಾಭವ,kannada calendar.in,1948,kannada calendar.in,ಏಕಾದಶಿ,ಮರುದಿನ 00:51,PV Calendar,ಕೃಷ್ಣ,kannada calendar.in,ಆಶ್ಲೇಷ,23:38,PV Calendar,ಸಿ,07:20,kannada calendar.in,ಬವ,13:20,kannada calendar.in,ದಕ್ಷಿಣಾಯ,kannada calendar.in,ಕನ್ನಾ,kannada calendar.in,ಕರ್ಕ,kannada calendar.in,06:09,kannada calendar.in,18:06,kannada calendar.in,15:00 – 16:30,PV Calendar,12:00 – 13:30,PV Calendar,09:00 – 10:30,PV Calendar,,,08:44 – 10:17,kannada calendar.in,kannada calendar.in,ವಿಳಂಬ,ಭಯ,ಪ್ರತಿರೋಧ,ಸಾಲ,ಸ್ನೇಹ,ಅನುಕೂಲ,ಖರ್ಚು,ಪ್ರೋತ್ಸಾಹ,ಸಂತೋಷ,ಸಂತೋಷ,ಲಾಭ,ಶುಭ
2026-10-07,ಭಾದ್ರಪದ/ಅಶ್ವೀನ,kannada calendar.in,ಪರಾಭವ,kannada calendar.in,1948,kannada calendar.in,ದ್ವಾದಶಿ,23:09,PV Calendar,ಕೃಷ್ಣ,kannada calendar.in,ಮಘ,22:38,PV Calendar,ಶುಭ,ಮರುದಿನ 02:52,kannada calendar.in,ಕೌಲವ,11:54,kannada calendar.in,ದಕ್ಷಿಣಾಯ,kannada calendar.in,ಕನ್ನಾ,kannada calendar.in,ಸಿಂಹ,kannada calendar.in,06:09,kannada calendar.in,18:05,kannada calendar.in,12:00 – 13:30,PV Calendar,10:30 – 12:00,PV Calendar,07:30 – 09:00,PV Calendar,06:00 – 07:30,kannada calendar.in,07:20 – 08:53,kannada calendar.in,kannada calendar.in,ಆತಂಕ,ಪ್ರೋತ್ಸಾಹ,ಸಾಲ,ಉತ್ಸಾಹ,ವಿಳಂಬ,ಖರ್ಚು,ಪ್ರತಿರೋಧ,ಶಾಂತಿ,ಆಸಕ್ತಿ,ಪ್ರಯಾಣ,ಆಭಿವೃದ್ಧಿ,ಮಚ್ಚುಗ
2026-10-08,ಭಾದ್ರಪದ/ಅಶ್ವೀನ,kannada calendar.in,ಪರಾಭವ,kannada calendar.in,1948,kannada calendar.in,ತ್ರಯೋದಶಿ,21:46,PV Calendar,ಕೃಷ್ಣ,kannada calendar.in,ಪುಬ್ಬ,21:55,PV Calendar,ಶುಕ್ಷ,ಮರುದಿನ 00:58,kannada calendar.in,ಗರಜ,10:44,kannada calendar.in,ದಕ್ಷಿಣಾಯನ,kannada calendar.in,ಕನ್ನಾ,kannada calendar.in,ಸಿಂಹ,kannada calendar.in,06:09,kannada calendar.in,18:05,kannada calendar.in,13:30 – 15:00,PV Calendar,09:00 – 10:30,PV Calendar,06:00 – 07:30,PV Calendar,15:06 – 17:31,kannada calendar.in,15:01 – 16:36,kannada calendar.in,kannada calendar.in,ಸಮಸ್ಥೆ,ಉತ್ಸಾಹ,ಪ್ರತಿರೋಧ,ತೊಂದರೆ,ಅನುಕೂಲ,ಸಾಲ,ಆಸಕ್ತಿ,ಆಯಾಸ,ಸಂಪತ್ತು,ಪ್ರಗತಿ,ಸ್ನೇಹ,ಸಂತೋಷ
2026-10-09,ಭಾದ್ರಪದ/ಅಶ್ವೀನ,kannada calendar.in,ಪರಾಭವ,kannada calendar.in,1948,kannada calendar.in,ಚತುರ್ದಶಿ,20:50,PV Calendar,ಕೃಷ್ಣ,kannada calendar.in,ಉತ್ತರಾ,21:41,PV Calendar,ಬ್ರಹ್ಮಾ,23:21,kannada calendar.in,ವಿಷ್ಟಿ,00:54,kannada calendar.in,ದಕ್ಷಿಣಾಯ,kannada calendar.in,ಕನ್ನಾ,kannada calendar.in,ಕನ್ಯಾ,kannada calendar.in,06:09,kannada calendar.in,18:04,kannada calendar.in,10:30 – 12:00,PV Calendar,07:30 – 09:00,PV Calendar,15:00 – 16:30,PV Calendar,,,14:07 – 15:43,kannada calendar.in,kannada calendar.in,ಮೆಚ್ಚುಗೆ,ಕೋಪ,ತಾಳ್ಮೆ,ನಿರಾಶೆ,ಪ್ರೋತ್ಸಾಹ,ಸರ್ಧೆ,ಗೆಮನ,ಸಂತೋಷ,ಸಾಧನೆ,ಕುತೂಹಲ,ಜಕ್ಕಿ,ಕರುಣ
2026-10-10,ಭಾದ್ರಪದ/ಅಶ್ವೀನ,kannada calendar.in,ಪರಾಭವ,kannada calendar.in,1948,kannada calendar.in,ಅಮಾವಾಸ್ಯೆ,20:19,PV Calendar,ಕೃಷ್ಣ,kannada calendar.in,ಹಸ್ತಾ,21:52,PV Calendar,ಐಂದ್ರ,22:02,kannada calendar.in,ಚತುಷ್ಪಾದ,09:25,kannada calendar.in,ದಕ್ಷಿಣಾಯನ,kannada calendar.in,ಕನ್ನಾ,kannada calendar.in,ಕನ್ಯಾ,kannada calendar.in,06:09,kannada calendar.in,18:03,kannada calendar.in,09:00 – 10:30,PV Calendar,06:00 – 07:30,PV Calendar,13:30 – 15:00,PV Calendar,,,15:36 – 17:14,kannada calendar.in,kannada calendar.in,ಅಭಿವೃದ್ದಿ,ಅನುಕೂಲ,ಭಯ,ತೊಂದರೆ,ಸಮಸ್ಯೆ,ಪ್ರೋತ್ಸಾಹ,ನಿರಾಸೆ,ಮರೆವು,ಸೌಮ್ಯತೆ,ಪ್ರೋತ್ಸಾಹ,ಸಂಪತ್ತು,ಯಶಸ್ಸು
2026-10-11,ಭಾದ್ರಪದ/ಅಶ್ವೀನ,kannada calendar.in,ಪರಾಭವ,kannada calendar.in,1948,kannada calendar.in,ಪಾಡ್ಯ,20:22,PV Calendar,ಶುಕ್ಲ,kannada calendar.in,ಚಿತ್ತಾ,22:34,PV Calendar,ವೈಧೃತಿ,21:06,kannada calendar.in,ಕಿಂಸ್ತುಘ್ನ,09:22,kannada calendar.in,ದಕ್ಷಿಣಾಯ,kannada calendar.in,ಕನ್ನಾ,kannada calendar.in,ಕನ್ಯಾ,kannada calendar.in,06:09,kannada calendar.in,18:03,kannada calendar.in,16:30 – 18:00,PV Calendar,15:00 – 16:30,PV Calendar,12:00 – 13:30,PV Calendar,,,15:55 – 17:34,kannada calendar.in,kannada calendar.in,ಪ್ರೋತ್ಸಾಹ,ಅನಾರೋಗ್ಯ,ತೊಂದರೆ,ಲಾಭ,ಖರ್ಚು,ಸಂತೋಷ,ಕರ್ತವ್ಯ,ಯಶಸ್ಸು,ಅನುಕೂಲ,ಭಯ,ಪಶ್ಚಾತ್ತಾಪ,ಸಮಸ್ಯೆ
2026-10-12,ಭಾದ್ರಪದ/ಅಶ್ವೀನ,kannada calendar.in,ಪರಾಭವ,kannada calendar.in,1948,kannada calendar.in,ಬಿದಿಗೆ,20:53,PV Calendar,ಶುಕ್ಲ,kannada calendar.in,ಸ್ವಾತಿ,23:43,PV Calendar,ವಿಷ್ಕಂಭ,20:32,kannada calendar.in,ಬಾಲವ,00:49,kannada calendar.in,ದಕ್ಷಿಣಾಯನ,kannada calendar.in,ಕನ್ನಾ,kannada calendar.in,ತುಲಾ,kannada calendar.in,06:09,kannada calendar.in,18:02,kannada calendar.in,07:30 – 09:00,PV Calendar,13:30 – 15:00,PV Calendar,10:30 – 12:00,PV Calendar,09:00 – 10:30,kannada calendar.in,14:35 – 16:16,kannada calendar.in,kannada calendar.in,ಸಂತೋಷ,ಯಶಸ್ಸು,ಪ್ರಯತ್ನ,ಗೌರವ,ಅನುಕೂಲ,ಒಳ್ಳೆಯದು,ಪ್ರತಿರೋಧ,ಮರೆವು,ಭಯ,ಒಳ್ಳೆಯದು,ಸ್ಪರ್ಧೆ,ಭಕ್ತಿ
2026-10-13,ಭಾದ್ರಪದ/ಅಶ್ವೀನ,kannada calendar.in,ಪರಾಭವ,kannada calendar.in,1948,kannada calendar.in,ತದಿಗೆ,21:56,PV Calendar,ಶುಕ್ಲ,kannada calendar.in,ವಿಶಾಖ,ಮರುದಿನ 01:24,PV Calendar,ಪ್ರೀತಿ,20:24,kannada calendar.in,ತೈತಿಲ,10:47,kannada calendar.in,ದಕ್ಷಿಣಾಯ,kannada calendar.in,ಕನ್ನಾ,kannada calendar.in,ತುಲಾ,kannada calendar.in,06:09,kannada calendar.in,18:02,kannada calendar.in,15:00 – 16:30,PV Calendar,12:00 – 13:30,PV Calendar,09:00 – 10:30,PV Calendar,,,16:14 – 17:57,kannada calendar.in,kannada calendar.in,ತಾಳ್ಮೆ,ಅಭಿವೃದ್ಧಿ,ಪ್ರೀತಿ,ಅಭಿವೃದ್ದಿ,ಬುದವಂತಿಕೆ,ಅನುಕೂಲ,ನಿರಾಶೆ,ಪ್ರೋತ್ಸಾಹ,ತೊಂದರೆ,ಅನಾರೋಗ್ಯ,ಶ್ರೇಷ್ಠತೆ,ಸಂತೋಷ
2026-10-14,ಭಾದ್ರಪದ/ಅಶ್ವೀನ,kannada calendar.in,ಪರಾಭವ,kannada calendar.in,1948,kannada calendar.in,ಚೌತಿ,23:24,PV Calendar,ಶುಕ್ಲ,kannada calendar.in,ಅನೂರಾಧ,ಮರುದಿನ 03:26,PV Calendar,ಆಯುಷ್ಮಾನ,20:39,kannada calendar.in,ವಣೆಜ,12:17,kannada calendar.in,ದಕ್ಷಿಣಾಯ,kannada calendar.in,ಕನ್ನಾ,kannada calendar.in,ವೃಶ್ಚಿಕ,kannada calendar.in,06:09,kannada calendar.in,18:01,kannada calendar.in,12:00 – 13:30,PV Calendar,10:30 – 12:00,PV Calendar,07:30 – 09:00,PV Calendar,06:00 – 07:30,kannada calendar.in,04:38 – 06:23,kannada calendar.in,kannada calendar.in,ಆನಂದ,ಕರುಣೆ,ಅಭಿವೃದಿ,ಸ್ಟೇಹ,ಅಲೆದಾಟ,ತೊಂದರೆ,ಸಂತೋಷ,ಧೈರ್ಯ,ಒಳ್ಳೆಯ ಕೆಲಸ,ಸಂತೋಷ,ದಳ್ಳೆಯದು,ಯಶಸ್ಸು
2026-10-15,ಭಾದ್ರಪದ/ಅಶ್ವೀನ,kannada calendar.in,ಪರಾಭವ,kannada calendar.in,1948,kannada calendar.in,ಪಂಚಮಿ,ಮರುದಿನ 01:16,PV Calendar,ಶುಕ್ಲ,kannada calendar.in,ಜ್ಯೇಷ್ಠ,ಮರುದಿನ 05:46,PV Calendar,ಸಾಭಾಗ್ಯ,21:15,kannada calendar.in,ಜವ,14:17,kannada calendar.in,ದಕ್ಷಿಣಾಯ,kannada calendar.in,ಕನ್ನಾ,kannada calendar.in,ವೃಶ್ಚಿಕ,kannada calendar.in,06:10,kannada calendar.in,18:00,kannada calendar.in,13:30 – 15:00,PV Calendar,09:00 – 10:30,PV Calendar,06:00 – 07:30,PV Calendar,15:06 – 17:31,kannada calendar.in,08:59 – 10:46,kannada calendar.in,kannada calendar.in,ಆತಂಕ,ಭಯ,ಗಮನ,ಒಳ್ಳೆಯ ಕೆಲಸ,ಅಭಿವೃದ್ದಿ,ಭಯ,ಸರ್ಧೆ,ಲಾಭ,ಭಕ್ತಿ,ಗೊಂದಲ,ಖರ್ಚು,ಪ್ರೋತ್ಸಾಹ
2026-10-16,ಭಾದ್ರಪದ/ಅಶ್ವೀನ,kannada calendar.in,ಪರಾಭವ,kannada calendar.in,1948,kannada calendar.in,ಷಷ್ಠಿ,ಮರುದಿನ 03:17,PV Calendar,ಶುಕ್ಲ,kannada calendar.in,ಮೂಲ,—,PV Calendar,ಶೋಭನ,22:06,kannada calendar.in,ಕೌಲವ,16:39,kannada calendar.in,ದಕ್ಷಿಣಾಯ,kannada calendar.in,ಕನ್ನಾ,kannada calendar.in,ವೃಶ್ಚಿಕ,kannada calendar.in,06:10,kannada calendar.in,18:00,kannada calendar.in,10:30 – 12:00,PV Calendar,07:30 – 09:00,PV Calendar,15:00 – 16:30,PV Calendar,,,,,kannada calendar.in,ಪ್ರಯತ್ನ,ಅನುಕೂಲ,ಭಕ್ತಿ,ಆರೋಗ್ಯ,ಕೋಪ,ಸಮಸ್ಯೆ,ವಿನಯ,ಒಳ್ಳೆಯದು,ಸ್ನೇಹ,ಕುತೂಹಲ,ಪ್ರೀತಿ,ಉತ್ಸಾಹ
2026-10-17,ಭಾದ್ರಪದ/ಅಶ್ವೀನ,kannada calendar.in,ಪರಾಭವ,kannada calendar.in,1948,kannada calendar.in,ಸಪ್ತಮಿ,ಮರುದಿನ 05:22,PV Calendar,ಶುಕ್ಲ,kannada calendar.in,ಮೂಲ,08:32,PV Calendar,ಅತಿಗಂಡ,23:03,kannada calendar.in,ಗರಜ,19:12,kannada calendar.in,ದಕ್ಷಿಣಾಯ,kannada calendar.in,ಕನ್ನಾಸ,kannada calendar.in,ಧನು,kannada calendar.in,06:10,kannada calendar.in,17:59,kannada calendar.in,09:00 – 10:30,PV Calendar,06:00 – 07:30,PV Calendar,13:30 – 15:00,PV Calendar,,,02:35 – 06:23,kannada calendar.in,kannada calendar.in,ಲಾಭ,ಬಲ,ಅಭಿವೃದಿ,ಗಮನ,ಸ್ನೇಹ,ಕೀರ್ತಿ,ಪ್ರೋತ್ಸಾಹ,ಖರ್ಚು,ದಯೆ,ಕೋಪ,ಸಾಲ,ಸ೦ತೋಷ
2026-10-18,ಭಾದ್ರಪದ/ಅಶ್ವೀನ,kannada calendar.in,ಪರಾಭವ,kannada calendar.in,1948,kannada calendar.in,ಅಷ್ಟಮಿ,—,PV Calendar,ಶುಕ್ಲ,kannada calendar.in,ಪೂರ್ವಾಷಾಢ,11:08,PV Calendar,ಸುಕರ್ಮಾ,23:56,kannada calendar.in,ಪಿಷ್ಟಿ,21:43,kannada calendar.in,ದಕ್ಷಿಣಾಯನ,kannada calendar.in,ತುಲಾ,kannada calendar.in,ಧನು,kannada calendar.in,06:10,kannada calendar.in,17:59,kannada calendar.in,16:30 – 18:00,PV Calendar,15:00 – 16:30,PV Calendar,12:00 – 13:30,PV Calendar,,,07:24 – 09:12,kannada calendar.in,kannada calendar.in,ಕೀರ್ತಿ,ಅನುಕೂಲ,ತೊಂದರೆ,ಅಭಿವೃದ್ಧಿ,ಭಯ,ಆತಂಕ,ಸ್ನೇಹ,ಪ್ರೀತಿ,ಯಶಸ್ಸು,ವಿಶ್ರಾಂತಿ,ಶಾರತಿ,ಸ೦ತೋಷ
2026-10-19,ಭಾದ್ರಪದ/ಅಶ್ವೀನ,kannada calendar.in,ಪರಾಭವ,kannada calendar.in,1948,kannada calendar.in,ಅಷ್ಟಮಿ,07:28,PV Calendar,ಶುಕ್ಲ,kannada calendar.in,ಉತ್ತರಾಷಾಢ,13:37,PV Calendar,ಧೃತಿ,ಮರುದಿನ 00:35,kannada calendar.in,ಬಾಲವ,23:56,kannada calendar.in,ದಕ್ಷಿಣಾಯ,kannada calendar.in,ತುಲಾ,kannada calendar.in,ಮಕರ,kannada calendar.in,06:10,kannada calendar.in,17:58,kannada calendar.in,07:30 – 09:00,PV Calendar,13:30 – 15:00,PV Calendar,10:30 – 12:00,PV Calendar,09:00 – 10:30,kannada calendar.in,08:29 – 10:16,kannada calendar.in,kannada calendar.in,ಅನುಕೂಲ,ಶಾಂತಿ,ಸಂತೋಷ,ಸಮಸ್ಯೆ,ಭಯ,ಮೆಚ್ಚುಗೆ,ಯಶಸ್ಸು,ಉಡುಗೊರೆ,ಲಾಭ,ಒಳ್ಳೆಯದು,ಸಾಲ,ಅಭಿವೃದ್ಧಿ
2026-10-20,ಭಾದ್ರಪದ/ಅಶ್ವೀನ,kannada calendar.in,ಪರಾಭವ,kannada calendar.in,1948,kannada calendar.in,ನವಮಿ,09:11,PV Calendar,ಶುಕ್ಲ,kannada calendar.in,ಶ್ರವಣ,15:36,PV Calendar,ಶೂಲ,ಮರುದಿನ 00:50,kannada calendar.in,ತೈತಿಲ,ಮರುದಿನ 01:37,kannada calendar.in,ದಕ್ಷಿಣಾಯನ,kannada calendar.in,ತುಲಾ,kannada calendar.in,ಮಕರ,kannada calendar.in,06:10,kannada calendar.in,17:58,kannada calendar.in,15:00 – 16:30,PV Calendar,12:00 – 13:30,PV Calendar,09:00 – 10:30,PV Calendar,07:36 – 09:00,kannada calendar.in,06:36 – 08:21,kannada calendar.in,kannada calendar.in,ಮೆಚ್ಚುಗೆ,ಕೀರ್ತಿ,ಯಶಸ್ಸು,ಅನಾರೋಗ್ಯ,ಒಳ್ಳೆಯದು,ಶಾಂತಿ,ಸಾಧನೆ,ವಿಶ್ರಾಂತಿ,ತೊಂದರೆ,ಪ್ರಯತ್ನ,ಪ್ರೋತ್ಸಾಹ,ಅನುಕೂಲ
2026-10-21,ಭಾದ್ರಪದ/ಅಶ್ವೀನ,kannada calendar.in,ಪರಾಭವ,kannada calendar.in,1948,kannada calendar.in,ದಶಮಿ,10:30,PV Calendar,ಶುಕ್ಲ,kannada calendar.in,ಧನಿಷ್ಠ,17:34,PV Calendar,ಗಂಡ,ಮರುದಿನ 00:33,kannada calendar.in,ವಣಿಜ,ಮರುದಿನ 02:36,kannada calendar.in,ದಕ್ಷಿಣಾಯನ,kannada calendar.in,ತುಲಾ,kannada calendar.in,ಮಕರ,kannada calendar.in,06:10,kannada calendar.in,17:57,kannada calendar.in,12:00 – 13:30,PV Calendar,10:30 – 12:00,PV Calendar,07:30 – 09:00,PV Calendar,06:00 – 07:30,kannada calendar.in,08:38 – 10:21,kannada calendar.in,kannada calendar.in,ಸಂತೋಷ,ಅಭಿವೃದ್ಧಿ,ಪ್ರೋತ್ಸಾಹ,ಅನಂದ,ಪ್ರೀತಿ,ಪ್ರೀತಿ,ತೊಂದರೆ,ಸ್ಪರ್ಧೆ,ಯಶಸ್ಸು,ಲಾಭ,ಅನುಕೂಲ,ಪರೀಕ್ಷೆ
2026-10-22,ಭಾದ್ರಪದ/ಅಶ್ವೀನ,kannada calendar.in,ಪರಾಭವ,kannada calendar.in,1948,kannada calendar.in,ಏಕಾದಶಿ,11:32,PV Calendar,ಶುಕ್ಲ,kannada calendar.in,ಶತಭಿಷ,18:46,PV Calendar,ವೃದ್ಧಿ,23:40,kannada calendar.in,ಬವ,ಮರುದಿನ 02:49,kannada calendar.in,ದಕ್ಷಿಣಾಯ,kannada calendar.in,ತುಲಾ,kannada calendar.in,ಕುಂಭ,kannada calendar.in,06:11,kannada calendar.in,17:57,kannada calendar.in,13:30 – 15:00,PV Calendar,09:00 – 10:30,PV Calendar,06:00 – 07:30,PV Calendar,15:06 – 17:31,kannada calendar.in,13:18 – 14:58,kannada calendar.in,kannada calendar.in,ಗೌರವ,ಭಕ್ತಿ,ಪರಿಶ್ರಮ,ಕೀರ್ತಿ,ಸಾಲ,ಸ್ಪರ್ಧೆ,ಕರುಣೆ,ಕುತೂಹಲ,ಪ್ರೋತ್ಸಾಹ,ಮರೆವು,ಯಶಸ್ಸು,ಗೌರವ
2026-10-23,ಭಾದ್ರಪದ/ಅಶ್ವೀನ,kannada calendar.in,ಪರಾಭವ,kannada calendar.in,1948,kannada calendar.in,ದ್ವಾದಶಿ,11:43,PV Calendar,ಶುಕ್ಲ,kannada calendar.in,ಪೂರ್ವಾಭಾದ್ರ,19:35,PV Calendar,ಧ್ರುವ,22:00,kannada calendar.in,ಕೌಲವ,ಮರುದಿನ 02:13,kannada calendar.in,ದಕ್ಷಿಣಾಯ,kannada calendar.in,ತುಲಾ,kannada calendar.in,ಕುಂಭ,kannada calendar.in,06:11,kannada calendar.in,17:56,kannada calendar.in,10:30 – 12:00,PV Calendar,07:30 – 09:00,PV Calendar,15:00 – 16:30,PV Calendar,,,12:58 – 14:35,kannada calendar.in,kannada calendar.in,ವಿನಯ,ಮೆಚ್ಚುಗೆ,ಆಯಾನ,ಕೋಪ,ವಿಶ್ರಾಂತಿ,ಪ್ರಯಾಣ,ಸಂತೋಷ,ಕರುಣೆ,ಕೀರ್ತಿ,ಲಾಭ,ಶ್ರೇಷ್ಠತೆ,ಸಾಲ
2026-10-24,ಭಾದ್ರಪದ/ಅಶ್ವೀನ,kannada calendar.in,ಪರಾಭವ,kannada calendar.in,1948,kannada calendar.in,ತ್ರಯೋದಶಿ,11:34,PV Calendar,ಶುಕ್ಲ,kannada calendar.in,ಉತ್ತರಾಭಾದ್ರ,19:53,PV Calendar,ವ್ಯಾಘಾತ,20:01,kannada calendar.in,ಗರಜ,ಮರುದಿನ 00:52,kannada calendar.in,ದಕ್ಷಿಣಾಯ,kannada calendar.in,ತುಲಾ,kannada calendar.in,ಮೀನ,kannada calendar.in,06:11,kannada calendar.in,17:56,kannada calendar.in,09:00 – 10:30,PV Calendar,06:00 – 07:30,PV Calendar,13:30 – 15:00,PV Calendar,,,15:50 – 17:24,kannada calendar.in,kannada calendar.in,ಪ್ರೋತ್ಸಾಹ,ಪ್ರೀತಿ,ಆತಂಕ,ಪ್ರಯತ್ನ,ಶ್ರದ್ದೆ,ಪ ಬುದ್ಧಿವಂತಿಕೆ,ಉತ್ಸಾಹ,ಸ್ಪರ್ಧೆ,ಫ್ರೀತಿ,ಮರೆವು,ಶಾಂತಿ,ಯಶಸ್ಸು
2026-10-25,ಭಾದ್ರಪದ/ಅಶ್ವೀನ,kannada calendar.in,ಪರಾಭವ,kannada calendar.in,1948,kannada calendar.in,ಚತುರ್ದಶಿ,10:55,PV Calendar,ಶುಕ್ಲ,kannada calendar.in,ರೇವತಿ,19:44,PV Calendar,ಹರ್ಷಣ,17:22,kannada calendar.in,ವಿಷ್ಟಿ,02:53,kannada calendar.in,ದಕ್ಷಿಣಾಯ,kannada calendar.in,ತುಲಾ,kannada calendar.in,ಮೀನ,kannada calendar.in,06:11,kannada calendar.in,17:55,kannada calendar.in,16:30 – 18:00,PV Calendar,15:00 – 16:30,PV Calendar,12:00 – 13:30,PV Calendar,,,05:05 – 06:36,kannada calendar.in,kannada calendar.in,ಸಂತೋಷ,ಸ್ನೇಹ,ಒಳ್ಳೆಯದು,ಪ್ರೋತ್ಸಾಹ,ಅತಂಕ,ಸಕ್ತಿ,ಪ್ರಯತ್ನ,ಗಮನ,ಖರ್ಚು,ತಾಳ್ಮೆ,ಭಕ್ತಿ,ಲಾಭ
2026-10-26,ಭಾದ್ರಪದ/ಅಶ್ವೀನ,kannada calendar.in,ಪರಾಭವ,kannada calendar.in,1948,kannada calendar.in,ಪೂರ್ಣಿಮಾ,09:48,PV Calendar,ಶುಕ್ಲ,kannada calendar.in,ಅಶ್ವಿನಿ,19:09,PV Calendar,ವಜ್ರ,14:17,kannada calendar.in,ಬಾಲವ,20:24,kannada calendar.in,ದಕ್ಷಿಣಾಯ,kannada calendar.in,ತುಲಾ,kannada calendar.in,ಮೇಷ,kannada calendar.in,06:11,kannada calendar.in,17:55,kannada calendar.in,07:30 – 09:00,PV Calendar,13:30 – 15:00,PV Calendar,10:30 – 12:00,PV Calendar,09:00 – 10:30,kannada calendar.in,10:59 – 12:28,kannada calendar.in,kannada calendar.in,ಅಭಿವೃದ್ದಿ,ಖರ್ಚು,ಒಳ್ಳೆಯ ಕೆಲಸ,ಕಾಟರ್ಕು ಸರ್ಧೆ,ವಿಳಂಬ,ಪ್ರೀತಿ,ಭಯ,ಪ್ರತಿರೋಧ,ಒಳ್ಳೆಯದು,ಸಂತೋಷ,ದುಃಖ,ಪ್ರಯತ್ನ
2026-10-27,ಭಾದ್ರಪದ/ಅಶ್ವೀನ,kannada calendar.in,ಪರಾಭವ,kannada calendar.in,1948,kannada calendar.in,ಪಾಡ್ಯ,08:19,PV Calendar,ಕೃಷ್ಣ,kannada calendar.in,ಭರಣಿ,18:11,PV Calendar,ಸಿದ್ದಿ,10:53,kannada calendar.in,ತೈತಿಲ,17:36,kannada calendar.in,ದಕ್ಷಿಣಾಯ,kannada calendar.in,ತುಲಾ,kannada calendar.in,ಮೇಷ,kannada calendar.in,06:12,kannada calendar.in,17:55,kannada calendar.in,15:00 – 16:30,PV Calendar,12:00 – 13:30,PV Calendar,09:00 – 10:30,PV Calendar,,,11:15 – 12:43,kannada calendar.in,kannada calendar.in,ಆನಂದ,ಸಂತೋಷ,ಪರೀಕ್ಷೆ,ಸಂತೋಷ,ಕುತೂಹಲ,ಲಾಭ,ಮರೆವ,ಸಮಸ್ಯೆ,ಯಶಸ್ಸು,ದೈರ್ಯ,ಲಾಭ,ಅಭಿವೃದ್ಧಿ
2026-10-28,ಭಾದ್ರಪದ/ಅಶ್ವೀನ,kannada calendar.in,ಪರಾಭವ,kannada calendar.in,1948,kannada calendar.in,ತದಿಗೆ,ಮರುದಿನ 04:23,PV Calendar,ಕೃಷ್ಣ,kannada calendar.in,ಕೃತ್ತಿಕಾ,17:08,PV Calendar,ಕಿಲಿ,07:19,kannada calendar.in,ವಣೆಜ,14:37,kannada calendar.in,ದಕ್ಷಿಣಾಯ,kannada calendar.in,ತುಲಾ,kannada calendar.in,ವೃಷಭ,kannada calendar.in,06:12,kannada calendar.in,17:54,kannada calendar.in,12:00 – 13:30,PV Calendar,10:30 – 12:00,PV Calendar,07:30 – 09:00,PV Calendar,06:00 – 07:30,kannada calendar.in,11:15 – 12:42,kannada calendar.in,kannada calendar.in,ಯಶಸ್ಸು,ಗೌರವ,ತಾಳ್ಮೆ,ಯಶಸ್ಸು,ಆತಂಕ,ಪರೀಕ್ಷೆ,ಪ್ರೋತ್ಸಾಹ,ಸಂತೋಷ,ಒಳ್ಳೆಯದು,ಪಗತಿ,ಖರ್ಚು,ಸ೦ತೋಷ
2026-10-29,ಭಾದ್ರಪದ/ಅಶ್ವೀನ,kannada calendar.in,ಪರಾಭವ,kannada calendar.in,1948,kannada calendar.in,ಚೌತಿ,ಮರುದಿನ 02:05,PV Calendar,ಕೃಷ್ಣ,kannada calendar.in,ರೋಹಿಣಿ,15:31,PV Calendar,ಪರಿಘ,ಮರುದಿನ 00:06,kannada calendar.in,ಬವ,11:38,kannada calendar.in,ದಕ್ಷಿಣಾಯ,kannada calendar.in,ತುಲಾ,kannada calendar.in,ವೃಷಭ,kannada calendar.in,06:12,kannada calendar.in,17:54,kannada calendar.in,13:30 – 15:00,PV Calendar,09:00 – 10:30,PV Calendar,06:00 – 07:30,PV Calendar,15:06 – 17:31,kannada calendar.in,08:17 – 09:44,kannada calendar.in,kannada calendar.in,ಸರ್ಧೆ,ತೊಂದರೆ,ಉತ್ಸಾಹ,ಕಾಟರ್ಕು ಸಮಸ್ಯೆ,ಪ್ರಯತ್ನ,ಖರ್ಚು,ಅಭಿವದ್ಧಿ,ಅನಂದ,ಪ್ರೀತಿ,ಮರೆವ,ಲಾಭ,ಶಾಂತಿ
2026-10-30,ಭಾದ್ರಪದ/ಅಶ್ವೀನ,kannada calendar.in,ಪರಾಭವ,kannada calendar.in,1948,kannada calendar.in,ಪಂಚಮಿ,23:44,PV Calendar,ಕೃಷ್ಣ,kannada calendar.in,ಮೃಗಶಿರ,13:54,PV Calendar,ಶಿವ,20:42,kannada calendar.in,೫೪೪,08:46,kannada calendar.in,ದಕ್ಷಿಣಾಯ,kannada calendar.in,ತುಲಾ,kannada calendar.in,ಮಿಥುನ,kannada calendar.in,06:12,kannada calendar.in,17:53,kannada calendar.in,10:30 – 12:00,PV Calendar,07:30 – 09:00,PV Calendar,15:00 – 16:30,PV Calendar,,,,,kannada calendar.in,ದ್ದೇಷ,ಸ್ನೇಹ,ಖರ್ಚು,ಉತ್ಸಾಹ,ಅನುಕೂಲ,ಅಭಿವೃದ್ದಿ,ಪರಿಶಮ,ಒಳ್ಳೆಯ ಕೆಲಸ,ಶಾಂತಿ,ಲಾಭ,ಮೆಚ್ಚುಗೆ,ಅಭಿವೃದ್ಧಿ
2026-10-31,ಭಾದ್ರಪದ/ಅಶ್ವೀನ,kannada calendar.in,ಪರಾಭವ,kannada calendar.in,1948,kannada calendar.in,ಷಷ್ಠಿ,21:20,PV Calendar,ಕೃಷ್ಣ,kannada calendar.in,ಆರಿದ್ರಾ,12:13,PV Calendar,ಸಿದ್ದ,17:32,kannada calendar.in,ವಿಷ್ಟಿ,07:32,kannada calendar.in,ದಕ್ಷಿಣಾಯನ,kannada calendar.in,ತುಲಾ,kannada calendar.in,ಮಿಥುನ,kannada calendar.in,06:13,kannada calendar.in,17:53,kannada calendar.in,09:00 – 10:30,PV Calendar,06:00 – 07:30,PV Calendar,13:30 – 15:00,PV Calendar,12:00 – 13:30,kannada calendar.in,,,kannada calendar.in,ದುರಾಸೆ,ಯಶಸ್ಸು,ಸಂತೋಷ,ಪ್ರತಿರೋಧ,ಕುತೂಹಲ,ಗೊಂದಲ,ಪರೀಕ್ಷೆ,ದಯ,ಸ್ನೇಹ,ಸಾಲ,ಲಾಭ,ಸ್ಪರ್ಧೆ
2026-11-01,ಅಶ್ವೀನ–ಕಾರ್ತಿಕ,kannada calendar.in,ಪರಾಭವ,kannada calendar.in,1948,kannada calendar.in,ಸಪ್ತಮಿ,19:05,PV Calendar,ಕೃಷ್ಣ,kannada calendar.in,ಪುನರ್ವಸು,10:36,PV Calendar,ಸಾಧ್ಯ,14:39,kannada calendar.in,ಬಾಲವ,ಮರುದಿನ 01:58,kannada calendar.in,ದಕ್ಷಿಣಾಯನ,kannada calendar.in,ತುಲಾ,kannada calendar.in,ಕರ್ಕ,kannada calendar.in,06:13,kannada calendar.in,17:53,kannada calendar.in,16:30 – 18:00,PV Calendar,15:00 – 16:30,PV Calendar,12:00 – 13:30,PV Calendar,,,03:24 – 04:54,kannada calendar.in,kannada calendar.in,ಒಳ್ಳೆಯ ಕೆಲಸ,ಉತ್ಸಾಹ,ವಿಶ್ರಾಂತಿ,ಸಾಧನೆ,ಸ್ನೇಹ,ಸಂತೋಷ,ಬುದ್ದಿವಂತಿಕೆ,ಯಶಸ್ಸು,ಗೊಂದಲ,ಕುತೂಹಲ,ಯಶಸ್ಸು,ಶ್ರೇಷ್ಠತ
2026-11-02,ಅಶ್ವೀನ–ಕಾರ್ತಿಕ,kannada calendar.in,ಪರಾಭವ,kannada calendar.in,1948,kannada calendar.in,ಅಷ್ಟಮಿ,16:52,PV Calendar,ಕೃಷ್ಣ,kannada calendar.in,ಪುಷ್ಯ,09:02,PV Calendar,ಶುಭ,12:07,kannada calendar.in,ತೈತಿಲ,ಮರುದಿನ 00:30,kannada calendar.in,ದಕ್ಷಿಣಾಯನ,kannada calendar.in,ತುಲಾ,kannada calendar.in,ಕರ್ಕ,kannada calendar.in,06:13,kannada calendar.in,17:52,kannada calendar.in,07:30 – 09:00,PV Calendar,13:30 – 15:00,PV Calendar,10:30 – 12:00,PV Calendar,09:00 – 10:30,kannada calendar.in,,,kannada calendar.in,ಸ್ಪರ್ಧೆ,ತಾಳ್ಮೆ,ಒಳ್ಳೆಯದು,ಲಾಭ,ಕರುಣೆ,ಆಲೋಚನೆ,ಮರೆವು,ಸಾಧನೆ,ಸ್ನೇಹ,ಯಶಸ್ಸು,ಅನಾರೋಗ್ಯ,ಕೀರ್ತಿ
2026-11-03,ಅಶ್ವೀನ–ಕಾರ್ತಿಕ,kannada calendar.in,ಪರಾಭವ,kannada calendar.in,1948,kannada calendar.in,ನವಮಿ,14:53,PV Calendar,ಕೃಷ್ಣ,kannada calendar.in,ಆಶ್ಲೇಷ,07:42,PV Calendar,ಶುಕ್ಡ,00:54,kannada calendar.in,ವಣೆಜ,23:26,kannada calendar.in,ದಕ್ಷಿಣಾಯನ,kannada calendar.in,ತುಲಾ,kannada calendar.in,ಸಿಂಹ,kannada calendar.in,06:13,kannada calendar.in,17:52,kannada calendar.in,15:00 – 16:30,PV Calendar,12:00 – 13:30,PV Calendar,09:00 – 10:30,PV Calendar,,,02:13 – 03:46,kannada calendar.in,kannada calendar.in,ಯಶಸ್ಸು,ಸಂಪತ್ತು,ವಿಶ್ರಾಂತಿ,ಮರೆವು,ಕೋಪ,ಉತ್ಸಾಹ,ಯಶಸ್ಸು,ಖರ್ಚು,ಪ್ರತಿರೋಧ,ಅನುಕೂಲ,ತಾಳ್ಮೆ,ಲಾಭ
2026-11-04,ಅಶ್ವೀನ–ಕಾರ್ತಿಕ,kannada calendar.in,ಪರಾಭವ,kannada calendar.in,1948,kannada calendar.in,ದಶಮಿ,13:12,PV Calendar,ಕೃಷ್ಣ,kannada calendar.in,ಪುಬ್ಬ,ಮರುದಿನ 05:37,PV Calendar,ಜ್ರಹ್ಮಾ,08:01,kannada calendar.in,ಬವ,22:47,kannada calendar.in,ದಕ್ಷಿಣಾಯನ,kannada calendar.in,ತುಲಾ,kannada calendar.in,ಸಿಂಹ,kannada calendar.in,06:14,kannada calendar.in,17:52,kannada calendar.in,12:00 – 13:30,PV Calendar,10:30 – 12:00,PV Calendar,07:30 – 09:00,PV Calendar,06:00 – 07:30,kannada calendar.in,01:04 – 02:39,kannada calendar.in,kannada calendar.in,ದೃಢ ನಿರ್ಧಾರ,ಮರೆವು,ಪ್ರತಿರೋಧ,ಒಳ್ಳೆಯದು,ಯಶಸ್ಸು,ಪ್ರಗತಿ,ಆಸೆ,ಸ್ನೇಹ,ದಾನ,ಸಂತೋಷ,ಸಾಲ,ಉಡುಗೊರೆ
2026-11-05,ಅಶ್ವೀನ–ಕಾರ್ತಿಕ,kannada calendar.in,ಪರಾಭವ,kannada calendar.in,1948,kannada calendar.in,ಏಕಾದಶಿ,11:52,PV Calendar,ಕೃಷ್ಣ,kannada calendar.in,ಉತ್ತರಾ,05:16,PV Calendar,—,06:26,kannada calendar.in,ಲವ,22:31,kannada calendar.in,ದಕ್ಷಿಣಾಯನ,kannada calendar.in,ತುಲಾ,kannada calendar.in,ಸಿಂಹ,kannada calendar.in,06:14,kannada calendar.in,17:51,kannada calendar.in,13:30 – 15:00,PV Calendar,09:00 – 10:30,PV Calendar,06:00 – 07:30,PV Calendar,,,08:36 – 10:13,kannada calendar.in,kannada calendar.in,ಮರೆವು,ಒಳ್ಳೆಯದು,ಸಾಲ,ಯಶಸ್ಸು,ಗೌರವ,ಕೋಪ,ಲಾಭ,ಪ್ರೀತಿ,ಅಭಿವೃದ್ಧಿ,ಪ್ರತಿರೋಧ,ಪ್ರಗತಿ,ಧೈರ್ಯ
2026-11-06,ಅಶ್ವೀನ–ಕಾರ್ತಿಕ,kannada calendar.in,ಪರಾಭವ,kannada calendar.in,1948,kannada calendar.in,ದ್ವಾದಶಿ,10:59,PV Calendar,ಕೃಷ್ಣ,kannada calendar.in,ಹಸ್ತಾ,05:21,PV Calendar,ವಿಷ್ಕಂಭ,ಮರುದಿನ 04:10,kannada calendar.in,ಗರಜ,22:37,kannada calendar.in,ದಕ್ಷಿಣಾಯನ,kannada calendar.in,ತುಲಾ,kannada calendar.in,ಕನ್ನಾ,kannada calendar.in,06:14,kannada calendar.in,17:51,kannada calendar.in,10:30 – 12:00,PV Calendar,07:30 – 09:00,PV Calendar,15:00 – 16:30,PV Calendar,13:30 – 17:00,kannada calendar.in,,,kannada calendar.in,ಪ್ರಗತಿ,ಯಶಸ್ಸು,ಧೈರ್ಯ,ಸಾಲ,ಮರೆವು,ಶಾಂತಿ,ತೊಂದರೆ,ಪ್ರತಿರೋಧ,ಆಸೆ,ಒಳ್ಳೆಯದು,ಲಾಭ,ವಿಭಾಗ
2026-11-07,ಅಶ್ವೀನ–ಕಾರ್ತಿಕ,kannada calendar.in,ಪರಾಭವ,kannada calendar.in,1948,kannada calendar.in,ತ್ರಯೋದಶಿ,10:32,PV Calendar,ಕೃಷ್ಣ,kannada calendar.in,ಚಿತ್ತಾ,05:58,PV Calendar,ಶ್ರೀತಿ,02:28,kannada calendar.in,ವಿಷ್ಟಿ,23:05,kannada calendar.in,ದಕ್ಷಿಣಾಯನ,kannada calendar.in,ತುಲಾ,kannada calendar.in,ಕನ್ಯಾ,kannada calendar.in,06:15,kannada calendar.in,17:51,kannada calendar.in,09:00 – 10:30,PV Calendar,06:00 – 07:30,PV Calendar,13:30 – 15:00,PV Calendar,,,11:10 – 12:50,kannada calendar.in,kannada calendar.in,ಪ್ರತಿಭೆ,ಮರವು,ಪ್ರತಿರೋಧ,ಒಳ್ಳೆಯದು,ಯಶಸ್ಸು,ಪ್ರಗತಿ,ಆಸೆ,ಸ್ನೇಹ,ದಾನ,ತೊಂದರೆ,ಸಾಲ,ಉಡುಗೊರೆ
2026-11-08,ಅಶ್ವೀನ–ಕಾರ್ತಿಕ,kannada calendar.in,ಪರಾಭವ,kannada calendar.in,1948,kannada calendar.in,ಚತುರ್ದಶಿ,10:36,PV Calendar,ಕೃಷ್ಣ,kannada calendar.in,ಸ್ವಾತಿ,—,PV Calendar,ಆಯುಷ್ಕಾನ,ಮರುದಿನ 03:80,kannada calendar.in,ಚೆತುಷ್ಟಾದ,23:57,kannada calendar.in,ದಕ್ಷಿಣಾಯನ,kannada calendar.in,ತುಲಾ,kannada calendar.in,ತುಲಾ,kannada calendar.in,06:15,kannada calendar.in,17:51,kannada calendar.in,16:30 – 18:00,PV Calendar,15:00 – 16:30,PV Calendar,12:00 – 13:30,PV Calendar,,,10:02 – 11:44,kannada calendar.in,kannada calendar.in,ಆನಂದ,ಖರ್ಚು,ಸಂತೋಷ,ಪ್ರೋತ್ಸಾಹ,ಪ್ರೀತಿ,ಸಮಸ್ಯ,ಶಾಂತಿ,ಅನುಕೂಲ,ಆಸೆ,ಭಯ,ತಾಳ್ಮೆ,ಸಾಲ
2026-11-09,ಅಶ್ವೀನ–ಕಾರ್ತಿಕ,kannada calendar.in,ಪರಾಭವ,kannada calendar.in,1948,kannada calendar.in,ಅಮಾವಾಸ್ಯೆ,11:10,PV Calendar,ಕೃಷ್ಣ,kannada calendar.in,ಸ್ವಾತಿ,07:11,PV Calendar,ಸೌಭಾಗ್ಯ,ಮರುದಿನ 02:57,kannada calendar.in,ಕೆಸ್ತುಘ್ತ,ಮರುದಿನ 01:13,kannada calendar.in,ದಕ್ಷಿಣಾಯನ,kannada calendar.in,ತುಲಾ,kannada calendar.in,ತುಲಾ,kannada calendar.in,06:15,kannada calendar.in,17:51,kannada calendar.in,07:30 – 09:00,PV Calendar,13:30 – 15:00,PV Calendar,10:30 – 12:00,PV Calendar,00:00 – 10:30,kannada calendar.in,,,kannada calendar.in,ಸಾಲ,ವಿಳಂಬ,ಭಯ,ಭಯ,ಖರ್ಚು,ಒಳ್ಳೆಯದು,ಅನುಕೂಲ,ಪ್ರತಿರೋಧ,ಪ್ರೀತಿ,ಲಾಭ,ಅತಂಕ,ತೊಂದರೆ
2026-11-10,ಅಶ್ವೀನ–ಕಾರ್ತಿಕ,kannada calendar.in,ಪರಾಭವ,kannada calendar.in,1948,kannada calendar.in,ಪಾಡ್ಯ,12:16,PV Calendar,ಶುಕ್ಲ,kannada calendar.in,ವಿಶಾಖ,08:46,PV Calendar,ಶೋಭನ,ಮರುದಿನ 03:16,kannada calendar.in,ಬಾಲವ,ಮರುದಿನ 02:54,kannada calendar.in,ದಕ್ಷಿಣಾಯನ,kannada calendar.in,ತುಲಾ,kannada calendar.in,ವೃಶ್ಚಿಕ,kannada calendar.in,06:16,kannada calendar.in,17:50,kannada calendar.in,15:00 – 16:30,PV Calendar,12:00 – 13:30,PV Calendar,09:00 – 10:30,PV Calendar,,,,,kannada calendar.in,ವಿಳಂಬ,ಸಂತೋಷ,ಸ್ಟೇಹ,ಪ್ರೋತ್ಸಾಹ,ಸಮಸ್ಯ,ಸಂತೋಷ,ಸಾಲ,ಶುಭ,ಪ್ರತಿಭೆ,ಆತಂಕ,ಯಶಸ್ಸು,ಪ್ರತಿರೋಧ
2026-11-11,ಅಶ್ವೀನ–ಕಾರ್ತಿಕ,kannada calendar.in,ಪರಾಭವ,kannada calendar.in,1948,kannada calendar.in,ಬಿದಿಗೆ,13:48,PV Calendar,ಶುಕ್ಲ,kannada calendar.in,ಅನೂರಾಧ,10:45,PV Calendar,ಅತಿಗಂಡ,ಮರುದಿನ 03:40,kannada calendar.in,ತೈತಿಲ,ಮರುದಿನ 04:39,kannada calendar.in,ದಕ್ಷಿಣಾಯನ,kannada calendar.in,ತುಲಾ,kannada calendar.in,ವೃಶ್ಚಿಕ,kannada calendar.in,06:16,kannada calendar.in,17:50,kannada calendar.in,12:00 – 13:30,PV Calendar,10:30 – 12:00,PV Calendar,07:30 – 09:00,PV Calendar,06:00 – 07:30,kannada calendar.in,,,kannada calendar.in,ಒಳ್ಳೆಯದು,ಯಶಸ್ಸು,ಖರ್ಚು,ಪ್ರೀತಿ,ಲಾಭ,ಉಡುಗೊರೆ,ದಯೆ,ಪರಿಶ್ರಮ,ಗಮನ,ಕುತೂಹಲ,ಅನುಕೂಲ,ಭಕ್ತಿ
2026-11-12,ಅಶ್ವೀನ–ಕಾರ್ತಿಕ,kannada calendar.in,ಪರಾಭವ,kannada calendar.in,1948,kannada calendar.in,ತದಿಗೆ,15:40,PV Calendar,ಶುಕ್ಲ,kannada calendar.in,ಜ್ಯೇಷ್ಠ,13:05,PV Calendar,ಸುಕರ್ಮಾ,ಮರುದಿನ 04:26,kannada calendar.in,ವಣೆಜ,—,kannada calendar.in,ದಕ್ಷಿಣಾಯನ,kannada calendar.in,ತುಲಾ,kannada calendar.in,ವೃಶ್ಚಿಕ,kannada calendar.in,06:17,kannada calendar.in,17:50,kannada calendar.in,13:30 – 15:00,PV Calendar,09:00 – 10:30,PV Calendar,06:00 – 07:30,PV Calendar,,,04:32 – 06:18,kannada calendar.in,kannada calendar.in,ಪ್ರೀತಿ,ಲಾಭ,ಪ್ರೀತಿ,ಸಂತೋಷ,ಯಶಸ್ಸು,ಪ್ರೀತಿ,ಧೈರ್ಯ,ಪ್ರತಿರೋಧ,ಸಾಲ,ಆಸೆ,ಒಳ್ಳೆಯದು,ಶುಭಸಮಾಚಾರ
2026-11-13,ಅಶ್ವೀನ–ಕಾರ್ತಿಕ,kannada calendar.in,ಪರಾಭವ,kannada calendar.in,1948,kannada calendar.in,ಚೌತಿ,17:42,PV Calendar,ಶುಕ್ಲ,kannada calendar.in,ಮೂಲ,15:39,PV Calendar,ಠಥೃತಿ,ಮರುದಿನ 05:23,kannada calendar.in,ವಣಿಜ,07:25,kannada calendar.in,ದಕ್ಷಿಣಾಯನ,kannada calendar.in,ತುಲಾ,kannada calendar.in,ಧನು,kannada calendar.in,06:17,kannada calendar.in,17:50,kannada calendar.in,10:30 – 12:00,PV Calendar,07:30 – 09:00,PV Calendar,15:00 – 16:30,PV Calendar,13:30 – 15:00,kannada calendar.in,10:05 – 11:53,kannada calendar.in,kannada calendar.in,ಸಂತೋಷ,ಪ್ರತಿಭೆ,ಲಾಭ,ಅಭಿವೃದ್ಧಿ,ಪ್ರೀತಿ,ಸಾಲ,ಪರಿಶ್ರಮ,ಪ್ರೀತಿ,ಆಸೆ,ಸಂತೋಷ,ನಿರಾಶೆ,ತಾಳ್ಮೆ
2026-11-14,ಅಶ್ವೀನ–ಕಾರ್ತಿಕ,kannada calendar.in,ಪರಾಭವ,kannada calendar.in,1948,kannada calendar.in,ಪಂಚಮಿ,19:53,PV Calendar,ಶುಕ್ಲ,kannada calendar.in,ಪೂರ್ವಾಷಾಢ,18:13,PV Calendar,ಶೂಲ,—,kannada calendar.in,ಬವ,10:00,kannada calendar.in,ದಕ್ಷಿಣಾಯನ,kannada calendar.in,ತುಲಾ,kannada calendar.in,ಧನು,kannada calendar.in,06:17,kannada calendar.in,17:50,kannada calendar.in,09:00 – 10:30,PV Calendar,06:00 – 07:30,PV Calendar,13:30 – 15:00,PV Calendar,,,14:59 – 16:47,kannada calendar.in,kannada calendar.in,ಒಳ್ಳೆಯದು,ಪ್ರತಿರೋಧ,ಭಕ್ತಿ,ಪ್ರೀತಿ,ಸಂತೋಷ,ಪ್ರಯತ್ನ,ಸಾಲ,ಅಭಿವೃದ್ಧಿ,ಸ್ನೇಹ,ಲಾಭ,ಗಮನ,ಪ್ರೀತಿ
2026-11-15,ಅಶ್ವೀನ–ಕಾರ್ತಿಕ,kannada calendar.in,ಪರಾಭವ,kannada calendar.in,1948,kannada calendar.in,ಷಷ್ಠಿ,21:55,PV Calendar,ಶುಕ್ಲ,kannada calendar.in,ಉತ್ತರಾಷಾಢ,20:44,PV Calendar,ಶೂಲ,06:23,kannada calendar.in,ಕೌಲವ,12:44,kannada calendar.in,ದಕ್ಷಿಣಾಯನ,kannada calendar.in,ತುಲಾ,kannada calendar.in,ಮಕರ,kannada calendar.in,06:18,kannada calendar.in,17:50,kannada calendar.in,16:30 – 18:00,PV Calendar,15:00 – 16:30,PV Calendar,12:00 – 13:30,PV Calendar,,,04:15 – 06:04,kannada calendar.in,kannada calendar.in,ಪ್ರಯಾಣ,ಸ್ನೇಹ,ಸಂತೋಷ,ಅಭಿವೃದ್ಧಿ,ಶಾಂತಿ,ಒಳ್ಳೆಯದು,ಧೈರ್ಯ,ಪ್ರೀತಿ,ಆಸೆ,ದ್ಲೇಷ,ಸಾಲ,ಲಾಭ
2026-11-16,ಅಶ್ವೀನ–ಕಾರ್ತಿಕ,kannada calendar.in,ಪರಾಭವ,kannada calendar.in,1948,kannada calendar.in,ಸಪ್ತಮಿ,23:43,PV Calendar,ಶುಕ್ಲ,kannada calendar.in,ಶ್ರವಣ,23:03,PV Calendar,ಗಂಡ,07:16,kannada calendar.in,ಗರಜ,15:14,kannada calendar.in,ದಕ್ಷಿಣಾಯನ,kannada calendar.in,ತುಲಾ,kannada calendar.in,ಮಕರ,kannada calendar.in,06:18,kannada calendar.in,17:50,kannada calendar.in,07:30 – 09:00,PV Calendar,13:30 – 15:00,PV Calendar,10:30 – 12:00,PV Calendar,09:00 – 10:30,kannada calendar.in,,,kannada calendar.in,ಸಂತೋಷ,ಲಾಭ,ಸ್ಟೇಹ,ಪ್ರೀತಿ,ಪ್ರೀತಿ,ಅಸೆ,ದೃಢ ನಿರ್ಧಾರ,ಕೀರ್ತಿ,ಒಳ್ಳೆಯದು,ಶಾಂತಿ,ಅಭಿವೃದ್ಧಿ,ಶುಭ ಸಮಾಚಾರ
2026-11-17,ಅಶ್ವೀನ–ಕಾರ್ತಿಕ,kannada calendar.in,ಪರಾಭವ,kannada calendar.in,1948,kannada calendar.in,ಅಷ್ಟಮಿ,ಮರುದಿನ 01:06,PV Calendar,ಶುಕ್ಲ,kannada calendar.in,ಧನಿಷ್ಠ,ಮರುದಿನ 00:56,PV Calendar,ವೃದ್ಧಿ,00:54,kannada calendar.in,ಬಿಷ್ಟಿ,17:18,kannada calendar.in,ದಕ್ಷಿಣಾಯನ,kannada calendar.in,ವೃಶ್ಚಿಕ,kannada calendar.in,ಮಕರ,kannada calendar.in,06:19,kannada calendar.in,17:50,kannada calendar.in,15:00 – 16:30,PV Calendar,12:00 – 13:30,PV Calendar,09:00 – 10:30,PV Calendar,07:30 – 09:00,kannada calendar.in,05:11 – 06:56,kannada calendar.in,kannada calendar.in,ಆಸೆ,ಒಳ್ಳೆಯದು,ಅಭಿವೃದ್ಧಿ,ಶಾಂತಿ,ಕೀರ್ತಿ,ಪ್ರೀತಿ,ಲಾಭ,ಅಭಿವೃದ್ಧಿ,ಪ್ರೋತ್ಸಾಹ,ಸಂತೋಷ,ಸಾಲ,ಪ್ರೀತಿ
2026-11-18,ಅಶ್ವೀನ–ಕಾರ್ತಿಕ,kannada calendar.in,ಪರಾಭವ,kannada calendar.in,1948,kannada calendar.in,ನವಮಿ,ಮರುದಿನ 01:52,PV Calendar,ಶುಕ್ಲ,kannada calendar.in,ಶತಭಿಷ,ಮರುದಿನ 02:15,PV Calendar,ಧ್ರುವ,08:05,kannada calendar.in,ಬಾಲವ,18:42,kannada calendar.in,ದಕ್ಷಿಣಾಯನ,kannada calendar.in,ವೃಶ್ಚಿಕ,kannada calendar.in,ಕುಂಭ,kannada calendar.in,06:19,kannada calendar.in,17:50,kannada calendar.in,12:00 – 13:30,PV Calendar,10:30 – 12:00,PV Calendar,07:30 – 09:00,PV Calendar,06:00 – 07:30,kannada calendar.in,10:29 – 12:12,kannada calendar.in,kannada calendar.in,ಯಶಸ್ಸು,ಸ್ನೇಹ,ಅಭಿವೃದ್ಧಿ,ಕೋಪ,ಪ್ರೋತ್ಸಾಹ,ಕೀರ್ತಿ,ದ್ವೇಷ,ಪ್ರೀತಿ,ಶಾಂತಿ,ಒಳ್ಳೆಯದು,ಅಸೆ,ಕೀರ್ತಿ
2026-11-19,ಅಶ್ವೀನ–ಕಾರ್ತಿಕ,kannada calendar.in,ಪರಾಭವ,kannada calendar.in,1948,kannada calendar.in,ದಶಮಿ,ಮರುದಿನ 02:21,PV Calendar,ಶುಕ್ಲ,kannada calendar.in,ಪೂರ್ವಾಭಾದ್ರ,ಮರುದಿನ 03:19,PV Calendar,ವ್ಯಾಘಾತ,07:43,kannada calendar.in,ತೈತಿಲ,16:18,kannada calendar.in,ದಕ್ಷಿಣಾಯನ,kannada calendar.in,ವೃಶ್ಚಿಕ,kannada calendar.in,ಕುಂಭ,kannada calendar.in,06:20,kannada calendar.in,17:50,kannada calendar.in,13:30 – 15:00,PV Calendar,09:00 – 10:30,PV Calendar,06:00 – 07:30,PV Calendar,,,,,kannada calendar.in,ಲಾಭ,ಸಂತೋಷ,ಯಶಸ್ಸು,ಸಾಲ,ಖರ್ಚು,ವಿಳಂಬ,ಪ್ರಗತಿ,ಸಂತೋಷ,ಯಶಸ್ಸು,ಆತಂಕ,ಶ್ರೇಷ್ಠತೆ,ಶಾಂತಿ
2026-11-20,ಅಶ್ವೀನ–ಕಾರ್ತಿಕ,kannada calendar.in,ಪರಾಭವ,kannada calendar.in,1948,kannada calendar.in,ಏಕಾದಶಿ,ಮರುದಿನ 02:10,PV Calendar,ಶುಕ್ಲ,kannada calendar.in,ಉತ್ತರಾಭಾದ್ರ,ಮರುದಿನ 03:42,PV Calendar,ಜಮದ್ಭು,06:40,kannada calendar.in,ವಣೆಜ,19:01,kannada calendar.in,ದಕ್ಷಿಣಾಯನ,kannada calendar.in,ವೃಶ್ಚಿಕ,kannada calendar.in,ಮೀನ,kannada calendar.in,06:20,kannada calendar.in,17:50,kannada calendar.in,10:30 – 12:00,PV Calendar,07:30 – 09:00,PV Calendar,15:00 – 16:30,PV Calendar,13:30 – 15:00,kannada calendar.in,,,kannada calendar.in,ಯಶಸ್ಸು,ಪ್ರೀತಿ,ಸಂತೋಷ,ಅಭಿವೃದ್ಧಿ,ಸ್ನೇಹ,ಶಾಂತಿ,ಕೀರ್ತಿ,ಪ್ರೋತ್ಸಾಹ,ಲಾಭ,ಯಶಸು,ಖರ್ಚು,ಸ್ಪರ್ಧೆ
2026-11-21,ಅಶ್ವೀನ–ಕಾರ್ತಿಕ,kannada calendar.in,ಪರಾಭವ,kannada calendar.in,1948,kannada calendar.in,ದ್ವಾದಶಿ,ಮರುದಿನ 01:33,PV Calendar,ಶುಕ್ಲ,kannada calendar.in,ರೇವತಿ,ಮರುದಿನ 03:41,PV Calendar,ಸಿಡ್ಧಿ,ಮರುದಿನ 02:31,kannada calendar.in,ಬವ,17:51,kannada calendar.in,ದಕ್ಷಿಣಾಯನ,kannada calendar.in,ವೃಶ್ತಿಕ,kannada calendar.in,ಮೀನ,kannada calendar.in,06:20,kannada calendar.in,17:50,kannada calendar.in,09:00 – 10:30,PV Calendar,06:00 – 07:30,PV Calendar,13:30 – 15:00,PV Calendar,12:00 – 13:30,kannada calendar.in,02:03 – 03:39,kannada calendar.in,kannada calendar.in,ಸಂತೋಷ,ಸ್ನೇಹ,ಭಯ,ಪ್ರೋತ್ಸಾಹ,ಅಭಿವೃದ್ದಿ,ಸ್ಪರ್ಧ,ಯಶಸ್ಸು,ಕೀರ್ತಿ,ಖರ್ಚು,ಶಾಂತಿ,ಕೋಪ,ಯಶಸ್ಸು
2026-11-22,ಅಶ್ವೀನ–ಕಾರ್ತಿಕ,kannada calendar.in,ಪರಾಭವ,kannada calendar.in,1948,kannada calendar.in,ತ್ರಯೋದಶಿ,ಮರುದಿನ 00:23,PV Calendar,ಶುಕ್ಲ,kannada calendar.in,ಅಶ್ವಿನಿ,ಮರುದಿನ 03:06,PV Calendar,ಪ್ಯಕೀಪಾತ,ಮರುದಿನ 02:38,kannada calendar.in,ಕೌಲವ,15:32,kannada calendar.in,ದಕ್ಷಿಣಾಯನ,kannada calendar.in,ವೃಶ್ತಿಕ,kannada calendar.in,ಮೇಷ,kannada calendar.in,06:21,kannada calendar.in,17:50,kannada calendar.in,16:30 – 18:00,PV Calendar,15:00 – 16:30,PV Calendar,12:00 – 13:30,PV Calendar,,,03:36 – 05:08,kannada calendar.in,kannada calendar.in,ಯಶಸ್ಸು,ಶಾಂತಿ,ಶ್ರೇಷ್ಠತೆ,ಯಶಸ್ಸು,ಮೆಚ್ಚುಗೆ,ಆತಂಕ,ಪ್ರೋತ್ಸಾಹ,ಪ್ರೀತಿ,ಕೋಪ,ಕೀರ್ತಿ,ಸ್ಪರ್ಧೆ,ಸಂತೋಷ
2026-11-23,ಅಶ್ವೀನ–ಕಾರ್ತಿಕ,kannada calendar.in,ಪರಾಭವ,kannada calendar.in,1948,kannada calendar.in,ಚತುರ್ದಶಿ,22:55,PV Calendar,ಶುಕ್ಲ,kannada calendar.in,ಭರಣಿ,ಮರುದಿನ 02:17,PV Calendar,ನರೀಯಾನ,19:59,kannada calendar.in,ಿ,ಮರುದಿನ 02:02,kannada calendar.in,ದಕ್ಷಿಣಾಯನ,kannada calendar.in,ವೃಶ್ಚಿಕ,kannada calendar.in,ಮೇಷ,kannada calendar.in,06:21,kannada calendar.in,17:50,kannada calendar.in,07:30 – 09:00,PV Calendar,13:30 – 15:00,PV Calendar,10:30 – 12:00,PV Calendar,09:00 – 10:30,kannada calendar.in,09:40 – 11:08,kannada calendar.in,kannada calendar.in,ಖರ್ಚು,ಯಶಸ್ಸು,ಸ್ಲೇಹ,ಕೀರ್ತಿ,ಶಾಂತಿ,ಪ್ರೀತಿ,ಅನುಕೂಲ,ಒಳ್ಳೆಯದು,ಪ್ರೀತಿ,ಅಬಿವದಿ,ಆತಂಕ,ಪ್ರಗತಿ
2026-11-24,ಅಶ್ವೀನ–ಕಾರ್ತಿಕ,kannada calendar.in,ಪರಾಭವ,kannada calendar.in,1948,kannada calendar.in,ಪೂರ್ಣಿಮಾ,21:04,PV Calendar,ಶುಕ್ಲ,kannada calendar.in,ಕೃತ್ತಿಕಾ,ಮರುದಿನ 01:03,PV Calendar,ಪರಿಘ,16:06,kannada calendar.in,ವಿಷ್ಟಿ,10:06,kannada calendar.in,ದಕ್ಷಿಣಾಯನ,kannada calendar.in,ವೃಶ್ಚಿಕ,kannada calendar.in,ಮೇಷ,kannada calendar.in,06:22,kannada calendar.in,17:50,kannada calendar.in,15:00 – 16:30,PV Calendar,12:00 – 13:30,PV Calendar,09:00 – 10:30,PV Calendar,07:30 – 09:00,kannada calendar.in,09:16 – 10:42,kannada calendar.in,kannada calendar.in,ನಿರಾಶೆ,ಶ್ರೇಷ್ಠತೆ,ಲಾಭ,ಖರ್ಚು,ಸಂತೋಷ,ಆತಂಕ,ಯಶಸ್ಸು,ಅನುಕೂಲ,ಭಯ,ತೊಂದರೆ,ಸಮಸ್ಯೆ,ಪ್ರೋತ್ಸಾಹ
2026-11-25,ಅಶ್ವೀನ–ಕಾರ್ತಿಕ,kannada calendar.in,ಪರಾಭವ,kannada calendar.in,1948,kannada calendar.in,ಪಾಡ್ಯ,19:05,PV Calendar,ಕೃಷ್ಣ,kannada calendar.in,ರೋಹಿಣಿ,23:38,PV Calendar,ಶಿವ,12:00,kannada calendar.in,ತ,06:38,kannada calendar.in,ದಕ್ಷಿಣಾಯನ,kannada calendar.in,ವೃಶ್ಚಿಕ,kannada calendar.in,ವೃಷಭ,kannada calendar.in,06:22,kannada calendar.in,17:50,kannada calendar.in,12:00 – 13:30,PV Calendar,10:30 – 12:00,PV Calendar,07:30 – 09:00,PV Calendar,06:00 – 07:30,kannada calendar.in,05:46 – 07:11,kannada calendar.in,kannada calendar.in,ಯಶಸ್ಸು,ಭಯ,ಅಬಿವುದಿ,ಅನುಕೂಲ,ಆತಂಕ,ಪ್ರೋತ್ಸಾಹ,ಶಾಂತಿ,ತೊಂದರೆ,ನಿರಾಶೆ,ಖರ್ಚು,ವಿಳಂಬ,ಸಾಲ
2026-11-26,ಅಶ್ವೀನ–ಕಾರ್ತಿಕ,kannada calendar.in,ಪರಾಭವ,kannada calendar.in,1948,kannada calendar.in,ಬಿದಿಗೆ,16:47,PV Calendar,ಕೃಷ್ಣ,kannada calendar.in,ಮೃಗಶಿರ,22:02,PV Calendar,ಜಿಸಿ,07:50,kannada calendar.in,ವಣೆಜ,23:31,kannada calendar.in,ದಕ್ಷಿಣಾಯನ,kannada calendar.in,ವೃಶ್ಚಿಕ,kannada calendar.in,ವೃಷಭಬೆ,kannada calendar.in,06:23,kannada calendar.in,17:50,kannada calendar.in,13:30 – 15:00,PV Calendar,09:00 – 10:30,PV Calendar,06:00 – 07:30,PV Calendar,03:00 – 04:30,kannada calendar.in,10:01 – 11:26,kannada calendar.in,kannada calendar.in,ಪ್ರತಿರೋಧ,ಸಂತೋಷ,ಆನಂದ,ಸ್ನೇಹ,ಸಮಸ್ಯೆ,ಭಯ,ಯಶಸ್ಸು,ಸಾಲ,ಆತಂಕ,ವಿಳಂಬ,ದೃಢ ನಿರ್ಧಾರ,ಶುಭ
2026-11-27,ಅಶ್ವೀನ–ಕಾರ್ತಿಕ,kannada calendar.in,ಪರಾಭವ,kannada calendar.in,1948,kannada calendar.in,ತದಿಗೆ,14:26,PV Calendar,ಕೃಷ್ಣ,kannada calendar.in,ಆರಿದ್ರಾ,20:22,PV Calendar,ಶಭ,02:52,kannada calendar.in,ಬವ,20:12,kannada calendar.in,ದಕ್ಷಿಣಾಯನ,kannada calendar.in,ವೃಶ್ಚಿಕ,kannada calendar.in,ಮಿಥುನ,kannada calendar.in,06:23,kannada calendar.in,17:50,kannada calendar.in,10:30 – 12:00,PV Calendar,07:30 – 09:00,PV Calendar,15:00 – 16:30,PV Calendar,13:30 – 15:30,kannada calendar.in,06:14 – 07:40,kannada calendar.in,kannada calendar.in,ಸ್ನೇಹ,ಪ್ರೋತ್ಸಾಹ,ಖರ್ಚು,ಕೋಪ,ಶಾಂತಿ,ಯಶಸ್ಸು,ಸ್ಪರ್ಧೆ,ಅನುಕೂಲ,ಕೀರ್ತಿ,ಸಂತೋಷ,ಭಯ,ಯಶಸ್ಸು
2026-11-28,ಅಶ್ವೀನ–ಕಾರ್ತಿಕ,kannada calendar.in,ಪರಾಭವ,kannada calendar.in,1948,kannada calendar.in,ಚೌತಿ,11:59,PV Calendar,ಕೃಷ್ಣ,kannada calendar.in,ಪುನರ್ವಸು,18:38,PV Calendar,ಶುಕ್ಲ,20:18,kannada calendar.in,ಕೌಲವ,17:15,kannada calendar.in,ದಕ್ಷಿಣಾಯನ,kannada calendar.in,ವೃಶ್ಚಿಕ,kannada calendar.in,ಮಿಥುನ,kannada calendar.in,06:24,kannada calendar.in,17:50,kannada calendar.in,09:00 – 10:30,PV Calendar,06:00 – 07:30,PV Calendar,13:30 – 15:00,PV Calendar,12:00 – 13:30,kannada calendar.in,10:39 – 12:06,kannada calendar.in,kannada calendar.in,ಗೌರವ,ಸ್ಪರ್ಧ,ಅಬಿವೃದ್ದಿ,ಅನುಕೂಲ,ಸಂತೋಷ,ಯಶಸ್ಸು,ಯಶಸ್ಸು,ಪ್ರೋತ್ಸಾಹ,ಒಳ್ಳೆಯದು,ಶಾಂತಿ,ಶ್ರೀತಿ,ಕೋಪ
2026-11-29,ಅಶ್ವೀನ–ಕಾರ್ತಿಕ,kannada calendar.in,ಪರಾಭವ,kannada calendar.in,1948,kannada calendar.in,ಪಂಚಮಿ,09:46,PV Calendar,ಕೃಷ್ಣ,kannada calendar.in,ಪುಷ್ಯ,17:09,PV Calendar,ಹ್ಮಾ,17:00,kannada calendar.in,ಗರಜ,14:48,kannada calendar.in,ದಕ್ಷಿಣಾಯನ,kannada calendar.in,ವೃಶ್ಚಿಕ,kannada calendar.in,ಕರ್ಕ,kannada calendar.in,06:24,kannada calendar.in,17:50,kannada calendar.in,16:30 – 18:00,PV Calendar,15:00 – 16:30,PV Calendar,12:00 – 13:30,PV Calendar,,,05:05 – 06:33,kannada calendar.in,kannada calendar.in,ಕೀರ್ತಿ,ಸಂತೋಷ,ಭಯ,ಒಳ್ಳೆಯದು,ಪ್ರೋತ್ಸಾಹ,ಬಿಕ್ಕುಗ,ಕೋಪ,ಗೌರವ,ಯಶಸ್ಸು,ಸರ್ದೆ,ಯಶಸ್ಸು,ಶುಭಸಮಾಚಾರ
2026-11-30,ಅಶ್ವೀನ–ಕಾರ್ತಿಕ,kannada calendar.in,ಪರಾಭವ,kannada calendar.in,1948,kannada calendar.in,ಸಪ್ತಮಿ,05:34,PV Calendar,ಕೃಷ್ಣ,kannada calendar.in,ಆಶ್ಲೇಷ,15:47,PV Calendar,ಐಂದ್ರ,14:27,kannada calendar.in,ವಿಷ್ಟಿ,12:55,kannada calendar.in,ದಕ್ಷಿಣಾಯನ,kannada calendar.in,ವೃಶ್ಚಿಕ,kannada calendar.in,ಕರ್ಕ,kannada calendar.in,06:25,kannada calendar.in,17:51,kannada calendar.in,07:30 – 09:00,PV Calendar,13:30 – 15:00,PV Calendar,10:30 – 12:00,PV Calendar,09:00 – 10:30,kannada calendar.in,08:11 – 09:42,kannada calendar.in,kannada calendar.in,ಆನಂದ,ಯಶಸ್ಸು,ಒಳ್ಳೆಯದು,ಭಯ,ಕೋಪ,ಸ್ಪರ್ಧೆ,ಗೌರವ,ಖರ್ಚು,ಸಂತೋಷ,ಅನುಕೂಲ,ಯಶಸ್ಸು,ಪ್ರೋತ್ಸಾಹ
2026-12-01,ಕಾರ್ತಿಕ/ಮಾರ್ಗಶಿರ,kannada calendar.in,ಪರಾಭವ,kannada calendar.in,1948,kannada calendar.in,ಅಷ್ಟಮಿ,ಮರುದಿನ 03:53,PV Calendar,ಕೃಷ್ಣ,kannada calendar.in,ಮಘ,14:38,PV Calendar,ವೈಧೃತಿ,12:15,kannada calendar.in,ಬಾಲವ,11:39,kannada calendar.in,ದಕ್ಷಿಣಾಯ,kannada calendar.in,ವಶಿಕ,kannada calendar.in,ಸಿಂಹ,kannada calendar.in,06:26,kannada calendar.in,17:51,kannada calendar.in,15:00 – 16:30,PV Calendar,12:00 – 13:30,PV Calendar,09:00 – 10:30,PV Calendar,07:30 – 09:00,kannada calendar.in,06:40 – 08:14,kannada calendar.in,kannada calendar.in,ಅನುಕೂಲ,ಭಕ್ತಿ,ಯಶಸ್ಸು,ಸಂತೋಷ,ಭಯ,ಪ ಮೆಚ್ಚುಗೆ,ಗೊಂದಲ,ವಿಭಾಗ,ಶಾಂತಿ,ಬುದಿವಂತಿಕೆ,ಪ್ರೀತಿ,ತೊರದರೆ
2026-12-02,ಕಾರ್ತಿಕ/ಮಾರ್ಗಶಿರ,kannada calendar.in,ಪರಾಭವ,kannada calendar.in,1948,kannada calendar.in,ನವಮಿ,ಮರುದಿನ 02:38,PV Calendar,ಕೃಷ್ಣ,kannada calendar.in,ಪುಬ್ಬ,13:47,PV Calendar,ವಿಷ್ಕಂಭ,10:32,kannada calendar.in,ತೈತಿಲ,10:59,kannada calendar.in,ದಕ್ಷಿಣಾಯ,kannada calendar.in,ವಶಿಕ,kannada calendar.in,ಸಿಂಹ,kannada calendar.in,06:26,kannada calendar.in,17:51,kannada calendar.in,12:00 – 13:30,PV Calendar,10:30 – 12:00,PV Calendar,07:30 – 09:00,PV Calendar,06:00 – 07:30,kannada calendar.in,02:32 – 04:08,kannada calendar.in,kannada calendar.in,ಯಶಸ್ಸು,ಭಯ,ಪ್ರಯತ್ನ,ದಯೆ,ವಿಶ್ರಾಂತಿ,ಯಶಸ್ಸು,ಅನುಕೂಲ,ಆಲೋಚನೆ,ಖರ್ಚು,ಶಾಂತಿ,ಸಾಲ,ಸಾಧನೆ
2026-12-03,ಕಾರ್ತಿಕ/ಮಾರ್ಗಶಿರ,kannada calendar.in,ಪರಾಭವ,kannada calendar.in,1948,kannada calendar.in,ದಶಮಿ,ಮರುದಿನ 01:45,PV Calendar,ಕೃಷ್ಣ,kannada calendar.in,ಉತ್ತರಾ,13:20,PV Calendar,ಪ್ರೀತಿ,00:15,kannada calendar.in,ವಣಿಜ,10:54,kannada calendar.in,ದಕ್ಷಿಣಾಯ,kannada calendar.in,ವಶಿಕ,kannada calendar.in,ಕನ್ಯಾ,kannada calendar.in,06:27,kannada calendar.in,17:51,kannada calendar.in,13:30 – 15:00,PV Calendar,09:00 – 10:30,PV Calendar,06:00 – 07:30,PV Calendar,,,02:03 – 03:41,kannada calendar.in,kannada calendar.in,ಯೋಗ,ಗೌರವ,ಶ್ರೇಷ್ಠತೆ,ಪರೀಕ್ಷೆ,ತೊಂದರೆ,ಚಿಂತೆ,ಶಾಂತಿ,ಗಮನ,ದೃಢ ನಿರ್ಧಾರ,ಭಕ್ತಿ,ಯಶಸ್ಸು,ಅನುಕೂಲ
2026-12-04,ಕಾರ್ತಿಕ/ಮಾರ್ಗಶಿರ,kannada calendar.in,ಪರಾಭವ,kannada calendar.in,1948,kannada calendar.in,ಏಕಾದಶಿ,ಮರುದಿನ 01:25,PV Calendar,ಕೃಷ್ಣ,kannada calendar.in,ಹಸ್ತಾ,13:19,PV Calendar,ಅಯುಷ್ಕಾನ,08:24,kannada calendar.in,ಜವ,11:21,kannada calendar.in,ದಕ್ಷಿಣಾಯ,kannada calendar.in,ವಶಿಕ,kannada calendar.in,ಕನ್ಯಾ,kannada calendar.in,06:27,kannada calendar.in,17:52,kannada calendar.in,10:30 – 12:00,PV Calendar,07:30 – 09:00,PV Calendar,15:00 – 16:30,PV Calendar,13:30 – 15:00,kannada calendar.in,,,kannada calendar.in,ಖರ್ಚು,ಲಾಭ,ಸಾಲ,ಪ್ರಗತಿ,ಅನುಕೂಲ,ಸಂತೋಷ,ಗೌರವ,ಸಂಪತ್ತು,ಕೀರ್ತಿ,ಪರಿಶ್ರಮ,ಸಹಾಯ,ಅಲೆದಾಟ
2026-12-05,ಕಾರ್ತಿಕ/ಮಾರ್ಗಶಿರ,kannada calendar.in,ಪರಾಭವ,kannada calendar.in,1948,kannada calendar.in,ದ್ವಾದಶಿ,ಮರುದಿನ 01:31,PV Calendar,ಕೃಷ್ಣ,kannada calendar.in,ಚಿತ್ತ,13:47,PV Calendar,ಸೌಜಾಗ್ಯ,07:33,kannada calendar.in,ಕೌಲವ,12:16,kannada calendar.in,ದಕ್ಷಿಣಾಯ,kannada calendar.in,ವಶಿಕ,kannada calendar.in,ತುಲಾ,kannada calendar.in,06:28,kannada calendar.in,17:52,kannada calendar.in,09:00 – 10:30,PV Calendar,06:00 – 07:30,PV Calendar,13:30 – 15:00,PV Calendar,12:00 – 13:30,kannada calendar.in,,,kannada calendar.in,ಅನುಕೂಲ,ವಿಳಂಬ,ಯಶಸ್ಸು,ಗೊಂದಲ,ಸಾಲ,ಭಕ್ತಿ,ದುರಾಸೆ,ಚಿಂತೆ,ಯಶಸ್ಸು,ಒಳ್ಳೆಯದು,ಅಸಕ್ತಿ,ಅಸೂಯೆ
2026-12-06,ಕಾರ್ತಿಕ/ಮಾರ್ಗಶಿರ,kannada calendar.in,ಪರಾಭವ,kannada calendar.in,1948,kannada calendar.in,ತ್ರಯೋದಶಿ,ಮರುದಿನ 02:12,PV Calendar,ಕೃಷ್ಣ,kannada calendar.in,ಸ್ವಾತಿ,14:46,PV Calendar,ಶೋಭನ,07:42,kannada calendar.in,ಗರಜ,13:35,kannada calendar.in,ದಕ್ಷಿಣಾಯ,kannada calendar.in,ವಶಿಕ,kannada calendar.in,ತುಲಾ,kannada calendar.in,06:28,kannada calendar.in,17:52,kannada calendar.in,16:30 – 18:00,PV Calendar,15:00 – 16:30,PV Calendar,12:00 – 13:30,PV Calendar,10:30 – 12:00,kannada calendar.in,04:10 – 05:53,kannada calendar.in,kannada calendar.in,ಸೌಮೃತೆ,ಯಶಸ್ಸು,ಅಭಿವೃದ್ದಿ,ಲಾಭ,ಅಭಿವೃದ್ದಿ,ಪ್ರಯತ್ನ,ಯೋಗ,ದಯೆ,ಪ್ರೀತಿ,ಅನುಕೂಲ,ಸ್ನೇಹ,ಯಶಸ್ಸು
2026-12-07,ಕಾರ್ತಿಕ/ಮಾರ್ಗಶಿರ,kannada calendar.in,ಪರಾಭವ,kannada calendar.in,1948,kannada calendar.in,ಚತುರ್ದಶಿ,ಮರುದಿನ 03:21,PV Calendar,ಕೃಷ್ಣ,kannada calendar.in,ವಿಶಾಖ,16:12,PV Calendar,ಅತಿಗಂಡ,07:47,kannada calendar.in,ಪಿಷ್ಟ,15:13,kannada calendar.in,ದಕ್ಷಿಣಾಯ,kannada calendar.in,ವಶಿಕ,kannada calendar.in,ತುಲಾ,kannada calendar.in,06:29,kannada calendar.in,17:52,kannada calendar.in,07:30 – 09:00,PV Calendar,13:30 – 15:00,PV Calendar,10:30 – 12:00,PV Calendar,09:00 – 10:30,kannada calendar.in,06:12 – 07:57,kannada calendar.in,kannada calendar.in,ವಿಭಾಗ,ಖರ್ಚು,ಶಾಂತಿ,ಆಲೋಚನೆ,ಮೆಚ್ಚುಗೆ,ಅನುಕೂಲ,ಪರೀಕ್ಷೆ,ಅಭಿವೃದ್ದಿ,ಸಾಧನೆ,ದುರಾಸೆ,ತೊಂದರೆ,ಸೌಮ್ಯತೆ
2026-12-08,ಕಾರ್ತಿಕ/ಮಾರ್ಗಶಿರ,kannada calendar.in,ಪರಾಭವ,kannada calendar.in,1948,kannada calendar.in,ಅಮಾವಾಸ್ಯೆ,ಮರುದಿನ 04:58,PV Calendar,ಕೃಷ್ಣ,kannada calendar.in,ಅನೂರಾಧ,18:03,PV Calendar,ಸುಕರ್ಮಾ,08:07,kannada calendar.in,ಚತುಷ್ಪಾದ,17:15,kannada calendar.in,ದಕ್ಷಿಣಾಯ,kannada calendar.in,ವಶಿಕ,kannada calendar.in,ವೃಶ್ಚಿಕ,kannada calendar.in,06:29,kannada calendar.in,17:53,kannada calendar.in,15:00 – 16:30,PV Calendar,12:00 – 13:30,PV Calendar,09:00 – 10:30,PV Calendar,07:30 – 09:00,kannada calendar.in,06:48 – 08:34,kannada calendar.in,kannada calendar.in,ಆಸೆ,ಯಶಸ್ಸು,ಯಶಸ್ಸು,ಸೌಮ್ಯತೆ,ಶುಭಸಮಾಚಾರ,ಶಾಂತಿ,ಉಡುಗೊರೆ,ಪ್ರಯತ್ನ,ಮೆಚ್ಚುಗೆ,ಆಸಕ್ತ,ಸಹಾಯ,ಭಕ್ತಿ
2026-12-09,ಕಾರ್ತಿಕ/ಮಾರ್ಗಶಿರ,kannada calendar.in,ಪರಾಭವ,kannada calendar.in,1948,kannada calendar.in,ಪಾಡ್ಯ,—,PV Calendar,ಶುಕ್ಲ,kannada calendar.in,ಜ್ಯೇಷ್ಠ,20:19,PV Calendar,ಧೃತಿ,08:40,kannada calendar.in,ಕೆಂಸ್ತುಘ್ನ,19:32,kannada calendar.in,ದಕ್ಷಿಣಾಯ,kannada calendar.in,ವಶಿಕ,kannada calendar.in,ವೃಶ್ಚಿಕ,kannada calendar.in,06:30,kannada calendar.in,17:53,kannada calendar.in,12:00 – 13:30,PV Calendar,10:30 – 12:00,PV Calendar,07:30 – 09:00,PV Calendar,06:00 – 07:30,kannada calendar.in,11:12 – 12:59,kannada calendar.in,kannada calendar.in,ಪ್ರತಿರೋಧ,ಮರವು,ಕೋಪ,ಸ್ಪರ್ಧೆ,ಗೌರವ,ಅಭಿವೃದ್ಧಿ,ಯಶಸ್ಸು,ಖರ್ಚು,ಪ್ರೀತಿ,ಆನಂದ,ಪ್ರಯತ್ನ,ಒಳ್ಳೆಯ ಕೆಲಸ
2026-12-10,ಕಾರ್ತಿಕ/ಮಾರ್ಗಶಿರ,kannada calendar.in,ಪರಾಭವ,kannada calendar.in,1948,kannada calendar.in,ಪಾಡ್ಯ,06:59,PV Calendar,ಶುಕ್ಲ,kannada calendar.in,ಮೂಲ,22:50,PV Calendar,ಶೂಲ,00:25,kannada calendar.in,ಬಾಲವ,22:04,kannada calendar.in,ದಕ್ಷಿಣಾಯ,kannada calendar.in,ವಶಿಕ,kannada calendar.in,ಧನು,kannada calendar.in,06:30,kannada calendar.in,17:53,kannada calendar.in,13:30 – 15:00,PV Calendar,09:00 – 10:30,PV Calendar,06:00 – 07:30,PV Calendar,15:00 – 16:30,kannada calendar.in,04:46 – 06:34,kannada calendar.in,kannada calendar.in,ಗೊಂದಲ,ಸಂತಾಪ,ಆಯಾಸ,ಆತಂಕ,ಅನಂದ,ದುಃಖ,ನೋವು,ಲಾಭ,ಅನುಕೂಲ,ಕೋಪ,ಅನುಕೂಲ,ಸಂತೋಷ
2026-12-11,ಕಾರ್ತಿಕ/ಮಾರ್ಗಶಿರ,kannada calendar.in,ಪರಾಭವ,kannada calendar.in,1948,kannada calendar.in,ಬಿದಿಗೆ,09:06,PV Calendar,ಶುಕ್ಲ,kannada calendar.in,ಪೂರ್ವಾಷಾಢ,ಮರುದಿನ 01:29,PV Calendar,ಗಂಡ,10:18,kannada calendar.in,ತೈತಿಲ,ಮರುದಿನ 00:45,kannada calendar.in,ದಕ್ಷಿಣಾಯ,kannada calendar.in,ವಶಿಕ,kannada calendar.in,ಧನು,kannada calendar.in,06:31,kannada calendar.in,17:54,kannada calendar.in,10:30 – 12:00,PV Calendar,07:30 – 09:00,PV Calendar,15:00 – 16:30,PV Calendar,13:30 – 15:00,kannada calendar.in,09:39 – 11:27,kannada calendar.in,kannada calendar.in,ಮೆಚ್ಚುಗೆ,ದಯೆ,ಅನುಕೂಲ,ಯೋಗ,ಸಾಲ,ಒಳ್ಳೆಯದು,ಶ್ರೇಷ್ಠತೆ,ಆಲೋಚನೆ,ಗಮನ,ಗೌರವ,ಪ್ರತಿಭೆ,ಪ್ರತಿರೋಧ
2026-12-12,ಕಾರ್ತಿಕ/ಮಾರ್ಗಶಿರ,kannada calendar.in,ಪರಾಭವ,kannada calendar.in,1948,kannada calendar.in,ತದಿಗೆ,11:17,PV Calendar,ಶುಕ್ಲ,kannada calendar.in,ಉತ್ತರಾಷಾಢ,ಮರುದಿನ 04:02,PV Calendar,ವೃದ್ಧಿ,11:17,kannada calendar.in,ವಣಿಜ,ಮರುದಿನ 03:28,kannada calendar.in,ದಕ್ಷಿಣಾಯ,kannada calendar.in,ವಶಿಕ,kannada calendar.in,ಧನು,kannada calendar.in,06:32,kannada calendar.in,17:54,kannada calendar.in,09:00 – 10:30,PV Calendar,06:00 – 07:30,PV Calendar,13:30 – 15:00,PV Calendar,12:00 – 13:30,kannada calendar.in,10:58 – 12:46,kannada calendar.in,kannada calendar.in,ಅಭಿವೃದ್ದಿ,ಸಂತೋಷ,ಯಶಸ್ಸು,ಪ್ರೀತಿ,ಸಹಾಯ,ಸ್ಪರ್ಧೆ,ಕೋಪ,ಮರೆವು,ಆಸಕ್ತಿ,ವಿಶ್ರಾಂತಿ,ಭ್ರ,ಮೆಚ್ಚುಗೆ
2026-12-13,ಕಾರ್ತಿಕ/ಮಾರ್ಗಶಿರ,kannada calendar.in,ಪರಾಭವ,kannada calendar.in,1948,kannada calendar.in,ಚೌತಿ,13:22,PV Calendar,ಶುಕ್ಲ,kannada calendar.in,ಶ್ರವಣ,—,PV Calendar,ಧ್ರುವ,12:15,kannada calendar.in,ಬವ,ಮರುದಿನ 06:05,kannada calendar.in,ದಕ್ಷಿಣಾಯ,kannada calendar.in,ವಶಿಕ,kannada calendar.in,ಮಕರ,kannada calendar.in,06:32,kannada calendar.in,17:55,kannada calendar.in,16:30 – 18:00,PV Calendar,15:00 – 16:30,PV Calendar,12:00 – 13:30,PV Calendar,10:30 – 12:00,kannada calendar.in,09:30 – 11:18,kannada calendar.in,kannada calendar.in,ಪ್ರಯತ್ನ,ಸೌಮ್ಯತ,ಗಾರವ,ಶ್ರೇಷ್ಠತೆ,ಯಶಸ್ಸು,ಯೋಗೆ,ಸಹಾಯ,ಪರಿಶ್ರಮ,ಕರುಣೆ,ಸ್ಟೇಹ,ಕೋಪ,ತೊಂದರೆ
2026-12-14,ಕಾರ್ತಿಕ/ಮಾರ್ಗಶಿರ,kannada calendar.in,ಪರಾಭವ,kannada calendar.in,1948,kannada calendar.in,ಪಂಚಮಿ,15:06,PV Calendar,ಶುಕ್ಲ,kannada calendar.in,ಶ್ರವಣ,06:25,PV Calendar,ವ್ಯಾಘಾತ,13:05,kannada calendar.in,ಕೌಲವ,—,kannada calendar.in,ದಕ್ಷಿಣಾಯನ,kannada calendar.in,ವಶಿಕ,kannada calendar.in,ಮಕರ,kannada calendar.in,06:33,kannada calendar.in,17:55,kannada calendar.in,07:30 – 09:00,PV Calendar,13:30 – 15:00,PV Calendar,10:30 – 12:00,PV Calendar,09:00 – 10:30,kannada calendar.in,,,kannada calendar.in,ಶಾಂತಿ,ಆಸಕ್ತಿ,ಸಂತೋಷ,ಕೋಪ,ಪ್ರಯತ್ನ,ದಯ,ಮೆಚ್ಚುಗೆ,ಸಮಸ್ಯೆ,ಜೀವನ,ತಾಳ್ಮೆ,ಅನಾರೋಗ್ಯ,ಭಕ್ತಿ
2026-12-15,ಕಾರ್ತಿಕ/ಮಾರ್ಗಶಿರ,kannada calendar.in,ಪರಾಭವ,kannada calendar.in,1948,kannada calendar.in,ಷಷ್ಠಿ,16:28,PV Calendar,ಶುಕ್ಲ,kannada calendar.in,ಧನಿಷ್ಠ,08:22,PV Calendar,ಹರ್ಷಣ,13:38,kannada calendar.in,ಕೌಲವ,08:22,kannada calendar.in,ದಕ್ಷಿಣಾಯ,kannada calendar.in,ವಶಿಕ,kannada calendar.in,ಕುಂಭ,kannada calendar.in,06:33,kannada calendar.in,17:55,kannada calendar.in,15:00 – 16:30,PV Calendar,12:00 – 13:30,PV Calendar,09:00 – 10:30,PV Calendar,07:30 – 09:00,kannada calendar.in,,,kannada calendar.in,ಸ್ನೇಹ,ಒಳ್ಳೆಯದು,ತಾಳ್ಮೆ,ಅನುಕೂಲ,ಯಶಸ್ಸು,ಒಳ್ಳೆಯದು,ಶಾಂತಿ,ಸಂಪತ್ತು,ಯೋಗ,ಸೌಮೃತೆ,ಸಾಲ,ಪ್ರತಿರೋಧ
2026-12-16,ಕಾರ್ತಿಕ/ಮಾರ್ಗಶಿರ,kannada calendar.in,ಪರಾಭವ,kannada calendar.in,1948,kannada calendar.in,ಸಪ್ತಮಿ,17:19,PV Calendar,ಶುಕ್ಲ,kannada calendar.in,ಶತಭಿಷ,09:54,PV Calendar,ವಜ್ರ,13:46,kannada calendar.in,ಗರಜ,10:08,kannada calendar.in,ದಕ್ಷಿಣಾಯ,kannada calendar.in,ವೃಶ್ಚಿಕ,kannada calendar.in,ಕುಂಭ,kannada calendar.in,06:34,kannada calendar.in,17:56,kannada calendar.in,12:00 – 13:30,PV Calendar,10:30 – 12:00,PV Calendar,07:30 – 09:00,PV Calendar,06:00 – 07:30,kannada calendar.in,06:11 – 07:56,kannada calendar.in,kannada calendar.in,ವಿಳಂಬ,ಲಾಭ,ಆಲೋಚನೆ,ಪರಿಶ್ರಮ,ದುರಾಸೆ,ದಯ,ಬುದ್ಧಿವಂತಿಕೆ,ಸಂತೋಷ,ನಿರಾಶೆ,ಸಾಧನೆ,ಸ್ನೇಹ,ಸಹಾಯ
2026-12-17,ಕಾರ್ತಿಕ/ಮಾರ್ಗಶಿರ,kannada calendar.in,ಪರಾಭವ,kannada calendar.in,1948,kannada calendar.in,ಅಷ್ಟಮಿ,17:37,PV Calendar,ಶುಕ್ಲ,kannada calendar.in,ಪೂರ್ವಾಭಾದ್ರ,10:56,PV Calendar,ಸಿದ್ಧಿ,03:20,kannada calendar.in,ಏಿಷ್ಟಿ,11:13,kannada calendar.in,ದಕ್ಷಿಣಾಯ,kannada calendar.in,ಧನು,kannada calendar.in,ಕುಂಭ,kannada calendar.in,06:34,kannada calendar.in,17:56,kannada calendar.in,13:30 – 15:00,PV Calendar,09:00 – 10:30,PV Calendar,06:00 – 07:30,PV Calendar,15:00 – 16:30,kannada calendar.in,07:01 – 08:43,kannada calendar.in,kannada calendar.in,ಖರ್ಚು,ಪ್ರಯತ್ನ,ಕೀರ್ತಿ,ಪ್ರಯಾಣ,ಗೊಂದಲ,ಸಂಪತ್ತು,ಉಡುಗೊರೆ,ಆಲೋಚನೆ,ಗಮನ,ಪ್ರಗತಿ,ಭಕ್ತಿ,ವಿಶ್ರಾಂತಿ
2026-12-18,ಕಾರ್ತಿಕ/ಮಾರ್ಗಶಿರ,kannada calendar.in,ಪರಾಭವ,PV Calendar,1948,PV Calendar,ನವಮಿ,17:28,PV Calendar,,,ಉತ್ತರಾಭಾದ್ರ,11:29,PV Calendar,—,—,,—,—,,,,,,,,—,,—,,10:30 – 12:00,PV Calendar,07:30 – 09:00,PV Calendar,15:00 – 16:30,PV Calendar,,,,,,,,,,,,,,,,,
2026-12-19,ಕಾರ್ತಿಕ/ಮಾರ್ಗಶಿರ,kannada calendar.in,ಪರಾಭವ,PV Calendar,1948,PV Calendar,ದಶಮಿ,16:49,PV Calendar,,,ರೇವತಿ,11:32,PV Calendar,—,—,,—,—,,,,,,,,—,,—,,09:00 – 10:30,PV Calendar,06:00 – 07:30,PV Calendar,13:30 – 15:00,PV Calendar,,,,,,,,,,,,,,,,,
2026-12-20,ಕಾರ್ತಿಕ/ಮಾರ್ಗಶಿರ,kannada calendar.in,ಪರಾಭವ,PV Calendar,1948,PV Calendar,ಏಕಾದಶಿ,15:44,PV Calendar,,,ಅಶ್ವಿನಿ,11:09,PV Calendar,—,—,,—,—,,,,,,,,—,,—,,16:30 – 18:00,PV Calendar,15:00 – 16:30,PV Calendar,12:00 – 13:30,PV Calendar,,,,,,,,,,,,,,,,,
2026-12-21,ಕಾರ್ತಿಕ/ಮಾರ್ಗಶಿರ,kannada calendar.in,ಪರಾಭವ,PV Calendar,1948,PV Calendar,ದ್ವಾದಶಿ,14:13,PV Calendar,,,ಭರಣಿ,10:23,PV Calendar,—,—,,—,—,,,,,,,,—,,—,,07:30 – 09:00,PV Calendar,13:30 – 15:00,PV Calendar,10:30 – 12:00,PV Calendar,,,,,,,,,,,,,,,,,
2026-12-22,ಕಾರ್ತಿಕ/ಮಾರ್ಗಶಿರ,kannada calendar.in,ಪರಾಭವ,PV Calendar,1948,PV Calendar,ತ್ರಯೋದಶಿ,12:17,PV Calendar,,,ಕೃತ್ತಿಕಾ,09:09,PV Calendar,—,—,,—,—,,,,,,,,—,,—,,15:00 – 16:30,PV Calendar,12:00 – 13:30,PV Calendar,09:00 – 10:30,PV Calendar,,,,,,,,,,,,,,,,,
2026-12-23,ಕಾರ್ತಿಕ/ಮಾರ್ಗಶಿರ,kannada calendar.in,ಪರಾಭವ,PV Calendar,1948,PV Calendar,ಚತುರ್ದಶಿ,10:20,PV Calendar,,,ಮೃಗಶಿರಾ,ಮರುದಿನ 04:14,PV Calendar,—,—,,—,—,,,,,,,,—,,—,,12:00 – 13:30,PV Calendar,10:30 – 12:00,PV Calendar,07:30 – 09:00,PV Calendar,,,,,,,,,,,,,,,,,
2026-12-24,ಕಾರ್ತಿಕ/ಮಾರ್ಗಶಿರ,kannada calendar.in,ಪರಾಭವ,PV Calendar,1948,PV Calendar,ಪಾಡ್ಯ,ಮರುದಿನ 05:43,PV Calendar,,,ಆರಿದ್ರಾ,ಮರುದಿನ 03:10,PV Calendar,—,—,,—,—,,,,,,,,—,,—,,13:30 – 15:00,PV Calendar,09:00 – 10:30,PV Calendar,06:00 – 07:30,PV Calendar,,,,,,,,,,,,,,,,,
2026-12-25,ಕಾರ್ತಿಕ/ಮಾರ್ಗಶಿರ,kannada calendar.in,ಪರಾಭವ,PV Calendar,1948,PV Calendar,ಬಿದಿಗೆ,ಮರುದಿನ 03:21,PV Calendar,,,ಪುನರ್ವಸು,ಮರುದಿನ 02:59,PV Calendar,—,—,,—,—,,,,,,,,—,,—,,10:30 – 12:00,PV Calendar,07:30 – 09:00,PV Calendar,15:00 – 16:30,PV Calendar,,,,,,,,,,,,,,,,,
2026-12-26,ಕಾರ್ತಿಕ/ಮಾರ್ಗಶಿರ,kannada calendar.in,ಪರಾಭವ,PV Calendar,1948,PV Calendar,ತದಿಗೆ,ಮರುದಿನ 01:01,PV Calendar,,,ಪುಷ್ಯ,ಮರುದಿನ 01:21,PV Calendar,—,—,,—,—,,,,,,,,—,,—,,09:00 – 10:30,PV Calendar,06:00 – 07:30,PV Calendar,13:30 – 15:00,PV Calendar,,,,,,,,,,,,,,,,,
2026-12-27,ಕಾರ್ತಿಕ/ಮಾರ್ಗಶಿರ,kannada calendar.in,ಪರಾಭವ,PV Calendar,1948,PV Calendar,ಚೌತಿ,22:55,PV Calendar,,,ಆಶ್ಲೇಷ,23:55,PV Calendar,—,—,,—,—,,,,,,,,—,,—,,16:30 – 18:00,PV Calendar,15:00 – 16:30,PV Calendar,12:00 – 13:30,PV Calendar,,,,,,,,,,,,,,,,,
2026-12-28,ಕಾರ್ತಿಕ/ಮಾರ್ಗಶಿರ,kannada calendar.in,ಪರಾಭವ,PV Calendar,1948,PV Calendar,ಪಂಚಮಿ,21:01,PV Calendar,,,ಮಘ,22:42,PV Calendar,—,—,,—,—,,,,,,,,—,,—,,07:30 – 09:00,PV Calendar,13:30 – 15:00,PV Calendar,10:30 – 12:00,PV Calendar,,,,,,,,,,,,,,,,,
2026-12-29,ಕಾರ್ತಿಕ/ಮಾರ್ಗಶಿರ,kannada calendar.in,ಪರಾಭವ,PV Calendar,1948,PV Calendar,ಷಷ್ಠಿ,19:25,PV Calendar,,,ಪುಬ್ಬ,21:46,PV Calendar,—,—,,—,—,,,,,,,,—,,—,,15:00 – 16:30,PV Calendar,12:00 – 13:30,PV Calendar,09:00 – 10:30,PV Calendar,,,,,,,,,,,,,,,,,
2026-12-30,ಕಾರ್ತಿಕ/ಮಾರ್ಗಶಿರ,kannada calendar.in,ಪರಾಭವ,PV Calendar,1948,PV Calendar,ಸಪ್ತಮಿ,18:13,PV Calendar,,,ಉತ್ತರಾ,21:15,PV Calendar,—,—,,—,—,,,,,,,,—,,—,,12:00 – 13:30,PV Calendar,10:30 – 12:00,PV Calendar,07:30 – 09:00,PV Calendar,,,,,,,,,,,,,,,,,
2026-12-31,ಕಾರ್ತಿಕ/ಮಾರ್ಗಶಿರ,kannada calendar.in,ಪರಾಭವ,PV Calendar,1948,PV Calendar,ಅಷ್ಟಮಿ,17:28,PV Calendar,,,ಹಸ್ತಾ,21:09,PV Calendar,—,—,,—,—,,,,,,,,—,,—,,13:30 – 15:00,PV Calendar,09:00 – 10:30,PV Calendar,06:00 – 07:30,PV Calendar,,,,,,,,,,,,,,,,,
